PLAYER_ID,PLAYER_NAME,TEAM_ID,TEAM_ABBREVIATION,AGE,GP,MIN,FG3M,FG3A,FG3_PCT,FTM,FTA,FT_PCT,SEASON
203932,Aaron Gordon,1610612753,ORL,24.0,62,2017.1433333333334,73,237,0.308,151,224,0.674,2019-20
1628988,Aaron Holiday,1610612754,IND,23.0,66,1617.3316666666667,87,221,0.394,74,87,0.851,2019-20
1627846,Abdel Nader,1610612760,OKC,26.0,55,866.9516666666667,48,128,0.375,51,66,0.773,2019-20
1629690,Adam Mokoka,1610612741,CHI,21.0,11,111.66666666666667,6,15,0.4,2,4,0.5,2019-20
1629678,Admiral Schofield,1610612764,WAS,23.0,33,368.38166666666666,19,61,0.311,10,15,0.667,2019-20
201143,Al Horford,1610612755,PHI,34.0,67,2025.5433333333333,99,283,0.35,61,80,0.763,2019-20
202329,Al-Farouq Aminu,1610612753,ORL,29.0,18,380.0783333333333,9,36,0.25,19,29,0.655,2019-20
202692,Alec Burks,1610612755,PHI,28.0,66,1754.2516666666668,116,301,0.385,235,265,0.887,2019-20
1629346,Alen Smailagic,1610612744,GSW,19.0,14,138.89333333333335,3,13,0.231,16,19,0.842,2019-20
1627936,Alex Caruso,1610612747,LAL,26.0,64,1175.275,40,120,0.333,69,94,0.734,2019-20
203458,Alex Len,1610612758,SAC,27.0,55,970.5233333333333,16,59,0.271,68,105,0.648,2019-20
1628035,Alfonzo McKinnie,1610612739,CLE,27.0,40,593.4583333333334,14,65,0.215,22,31,0.71,2019-20
1628993,Alize Johnson,1610612754,IND,24.0,17,117.72666666666667,3,8,0.375,7,10,0.7,2019-20
203459,Allen Crabbe,1610612750,MIN,28.0,37,653.01,36,119,0.303,10,14,0.714,2019-20
1629019,Allonzo Trier,1610612752,NYK,24.0,24,290.73833333333334,19,53,0.358,34,43,0.791,2019-20
1628518,Amile Jefferson,1610612753,ORL,27.0,18,74.33,0,0,0.0,5,14,0.357,2019-20
1629599,Amir Coffey,1610612746,LAC,23.0,18,158.99,6,19,0.316,6,11,0.545,2019-20
203083,Andre Drummond,1610612739,CLE,26.0,57,1878.2016666666666,5,35,0.143,169,294,0.575,2019-20
2738,Andre Iguodala,1610612748,MIA,36.0,21,418.1666666666667,14,47,0.298,6,15,0.4,2019-20
203460,Andre Roberson,1610612760,OKC,28.0,7,86.965,3,14,0.214,1,2,0.5,2019-20
203952,Andrew Wiggins,1610612744,GSW,25.0,54,1858.8816666666667,111,334,0.332,190,268,0.709,2019-20
1629014,Anfernee Simons,1610612757,POR,21.0,70,1448.8066666666666,75,226,0.332,76,92,0.826,2019-20
1627790,Ante Zizic,1610612739,CLE,23.0,22,220.62166666666667,0,0,0.0,14,19,0.737,2019-20
203076,Anthony Davis,1610612747,LAL,27.0,62,2131.193333333333,72,218,0.33,444,525,0.846,2019-20
201229,Anthony Tolliver,1610612763,MEM,35.0,55,871.9233333333333,49,145,0.338,21,29,0.724,2019-20
1628499,Antonius Cleveland,1610612742,DAL,26.0,11,45.73833333333334,0,3,0.0,3,5,0.6,2019-20
1628394,Anžejs Pasečņiks,1610612764,WAS,24.0,27,436.89666666666665,0,3,0.0,34,58,0.586,2019-20
203382,Aron Baynes,1610612756,PHX,33.0,42,934.4366666666666,59,168,0.351,56,75,0.747,2019-20
203085,Austin Rivers,1610612745,HOU,27.0,68,1593.94,96,270,0.356,78,111,0.703,2019-20
202340,Avery Bradley,1610612747,LAL,29.0,49,1186.465,63,173,0.364,20,24,0.833,2019-20
1629168,BJ Johnson,1610612753,ORL,24.0,10,82.56666666666666,3,9,0.333,9,10,0.9,2019-20
1628389,Bam Adebayo,1610612748,MIA,22.0,72,2416.9616666666666,2,14,0.143,264,382,0.691,2019-20
203463,Ben McLemore,1610612745,HOU,27.0,71,1619.485,181,452,0.4,50,67,0.746,2019-20
1627732,Ben Simmons,1610612755,PHI,23.0,57,2016.8633333333332,2,7,0.286,185,298,0.621,2019-20
202687,Bismack Biyombo,1610612766,CHA,27.0,53,1029.0416666666667,0,0,0.0,91,151,0.603,2019-20
201933,Blake Griffin,1610612765,DET,31.0,18,512.28,27,111,0.243,76,98,0.776,2019-20
1626246,Boban Marjanovic,1610612742,DAL,31.0,44,421.89166666666665,4,17,0.235,43,57,0.754,2019-20
1626171,Bobby Portis,1610612752,NYK,25.0,66,1393.5066666666667,67,187,0.358,71,93,0.763,2019-20
203992,Bogdan Bogdanović,1610612758,SAC,27.0,61,1765.8266666666666,164,441,0.372,86,116,0.741,2019-20
202711,Bojan Bogdanovic,1610612762,UTA,31.0,63,2082.81,189,457,0.414,250,277,0.903,2019-20
1629626,Bol Bol,1610612743,DEN,20.0,7,86.93833333333333,4,9,0.444,8,10,0.8,2019-20
202954,Brad Wanamaker,1610612738,BOS,30.0,71,1369.1166666666666,37,102,0.363,126,136,0.926,2019-20
203078,Bradley Beal,1610612764,WAS,27.0,57,2053.096666666667,170,481,0.353,385,457,0.842,2019-20
1629634,Brandon Clarke,1610612763,MEM,23.0,58,1300.02,23,64,0.359,85,112,0.759,2019-20
1629164,Brandon Goodwin,1610612737,ATL,24.0,34,430.46666666666664,26,87,0.299,28,30,0.933,2019-20
1627742,Brandon Ingram,1610612740,NOP,22.0,62,2103.44,150,384,0.391,313,368,0.851,2019-20
202688,Brandon Knight,1610612765,DET,28.0,25,462.49833333333333,45,131,0.344,20,34,0.588,2019-20
1628968,Brian Bowen II,1610612754,IND,21.0,6,31.066666666666666,0,2,0.0,0,0,0.0,2019-20
201572,Brook Lopez,1610612749,MIL,32.0,68,1816.9366666666667,102,325,0.314,127,152,0.836,2019-20
1628971,Bruce Brown,1610612765,DET,23.0,58,1634.0416666666667,33,96,0.344,88,119,0.739,2019-20
203998,Bruno Caboclo,1610612745,HOU,24.0,30,244.22,6,33,0.182,8,9,0.889,2019-20
1628981,Bruno Fernando,1610612737,ATL,21.0,56,712.5283333333333,5,37,0.135,29,51,0.569,2019-20
1627854,Bryn Forbes,1610612759,SAS,26.0,63,1579.215,148,381,0.388,75,90,0.833,2019-20
1627741,Buddy Hield,1610612758,SAC,27.0,72,2216.0616666666665,271,688,0.394,115,136,0.846,2019-20
203468,CJ McCollum,1610612757,POR,28.0,70,2556.5916666666667,194,512,0.379,140,185,0.757,2019-20
101139,CJ Miles,1610612764,WAS,33.0,10,161.035,11,35,0.314,15,20,0.75,2019-20
1628997,Caleb Martin,1610612766,CHA,24.0,18,316.75333333333333,20,37,0.541,17,21,0.81,2019-20
1628403,Caleb Swanigan,1610612757,POR,23.0,27,288.0566666666667,0,2,0.0,9,17,0.529,2019-20
1629629,Cam Reddish,1610612737,ATL,20.0,58,1550.745,83,250,0.332,101,126,0.802,2019-20
1629661,Cameron Johnson,1610612756,PHX,24.0,57,1255.405,106,272,0.39,46,57,0.807,2019-20
1626166,Cameron Payne,1610612756,PHX,25.0,8,183.15833333333333,15,29,0.517,6,7,0.857,2019-20
1627747,Caris LeVert,1610612751,BKN,25.0,45,1329.84,80,220,0.364,140,197,0.711,2019-20
2546,Carmelo Anthony,1610612757,POR,36.0,58,1902.0466666666666,87,226,0.385,136,161,0.845,2019-20
1629035,Carsen Edwards,1610612738,BOS,22.0,37,350.53833333333336,24,76,0.316,13,19,0.684,2019-20
1626224,Cedi Osman,1610612739,CLE,25.0,65,1910.3683333333333,123,321,0.383,63,94,0.67,2019-20
1628990,Chandler Hutchison,1610612741,CHI,24.0,28,526.7916666666666,12,38,0.316,46,78,0.59,2019-20
202718,Chandler Parsons,1610612737,ATL,31.0,5,54.22,4,14,0.286,0,0,0.0,2019-20
1629718,Charlie Brown Jr.,1610612737,ATL,23.0,10,40.45666666666666,3,9,0.333,5,5,1.0,2019-20
1626184,Chasson Randle,1610612744,GSW,27.0,3,40.406666666666666,0,2,0.0,5,6,0.833,2019-20
1627767,Cheick Diallo,1610612756,PHX,23.0,47,478.54,1,3,0.333,34,39,0.872,2019-20
1629002,Chimezie Metu,1610612759,SAS,23.0,18,105.28,0,2,0.0,10,13,0.769,2019-20
1628449,Chris Boucher,1610612761,TOR,27.0,62,818.605,38,118,0.322,91,116,0.784,2019-20
1629185,Chris Chiozza,1610612751,BKN,24.0,28,400.96166666666664,27,72,0.375,5,5,1.0,2019-20
1629598,Chris Clemons,1610612745,HOU,22.0,33,290.52166666666665,37,107,0.346,10,11,0.909,2019-20
101108,Chris Paul,1610612760,OKC,35.0,70,2207.8533333333335,111,304,0.365,253,279,0.907,2019-20
1629735,Chris Silva,1610612748,MIA,23.0,44,346.27166666666665,0,3,0.0,37,55,0.673,2019-20
1626174,Christian Wood,1610612765,DET,24.0,62,1324.6433333333334,54,140,0.386,180,242,0.744,2019-20
203991,Clint Capela,1610612737,ATL,26.0,39,1279.3033333333333,0,0,0.0,55,104,0.529,2019-20
1629632,Coby White,1610612741,CHI,20.0,65,1674.0,133,376,0.354,102,129,0.791,2019-20
1628998,Cody Martin,1610612766,CHA,24.0,48,902.695,18,77,0.234,42,65,0.646,2019-20
203469,Cody Zeller,1610612766,CHA,27.0,58,1340.6083333333333,18,75,0.24,122,179,0.682,2019-20
1629012,Collin Sexton,1610612739,CLE,21.0,65,2142.615,97,255,0.38,226,267,0.846,2019-20
201147,Corey Brewer,1610612758,SAC,34.0,5,32.54833333333333,0,1,0.0,1,3,0.333,2019-20
202709,Cory Joseph,1610612758,SAC,28.0,72,1759.3966666666668,56,159,0.352,60,70,0.857,2019-20
201584,Courtney Lee,1610612742,DAL,34.0,24,345.48833333333334,21,47,0.447,6,7,0.857,2019-20
1626245,Cristiano Felicio,1610612741,CHI,27.0,22,385.71666666666664,0,2,0.0,18,23,0.783,2019-20
1626156,D'Angelo Russell,1610612750,MIN,24.0,45,1452.1283333333333,158,431,0.367,161,199,0.809,2019-20
201571,D.J. Augustin,1610612753,ORL,32.0,57,1420.415,70,201,0.348,161,181,0.89,2019-20
1628391,D.J. Wilson,1610612749,MIL,24.0,37,362.94,18,73,0.247,11,18,0.611,2019-20
1629610,DaQuan Jeffries,1610612758,SAC,22.0,13,141.11333333333334,5,18,0.278,5,6,0.833,2019-20
1627745,Damian Jones,1610612737,ATL,25.0,55,886.9416666666667,2,9,0.222,62,84,0.738,2019-20
203081,Damian Lillard,1610612757,POR,29.0,66,2473.655,270,674,0.401,460,518,0.888,2019-20
1627814,Damion Lee,1610612744,GSW,27.0,49,1422.5933333333332,85,239,0.356,110,126,0.873,2019-20
1628422,Damyean Dotson,1610612752,NYK,26.0,48,836.0616666666666,59,163,0.362,22,33,0.667,2019-20
1629655,Daniel Gafford,1610612741,CHI,21.0,43,609.0533333333333,0,0,0.0,32,60,0.533,2019-20
1628464,Daniel Theis,1610612738,BOS,28.0,65,1566.135,32,96,0.333,87,114,0.763,2019-20
201568,Danilo Gallinari,1610612760,OKC,31.0,62,1833.9283333333333,178,439,0.405,266,298,0.893,2019-20
201980,Danny Green,1610612747,LAL,33.0,68,1686.72,120,327,0.367,33,48,0.688,2019-20
203957,Danté Exum,1610612739,CLE,24.0,35,485.62,15,43,0.349,32,43,0.744,2019-20
1627863,Danuel House Jr.,1610612745,HOU,27.0,63,1912.6516666666666,129,355,0.363,73,90,0.811,2019-20
203967,Dario Šarić,1610612756,PHX,26.0,66,1631.7816666666668,84,235,0.357,108,128,0.844,2019-20
1629647,Darius Bazley,1610612760,OKC,20.0,61,1129.46,49,141,0.348,43,62,0.694,2019-20
1629636,Darius Garland,1610612739,CLE,20.0,59,1823.9683333333332,105,296,0.355,63,72,0.875,2019-20
1629133,Daryl Macon,1610612748,MIA,24.0,4,14.1,1,2,0.5,0,0,0.0,2019-20
1628021,David Nwaba,1610612745,HOU,27.0,20,268.46,12,28,0.429,18,27,0.667,2019-20
202722,Davis Bertans,1610612764,WAS,27.0,54,1583.0116666666668,200,472,0.424,104,122,0.852,2019-20
1628368,De'Aaron Fox,1610612758,SAC,22.0,51,1634.3966666666668,54,185,0.292,241,342,0.705,2019-20
1629631,De'Andre Hunter,1610612737,ATL,22.0,63,2017.935,108,304,0.355,110,144,0.764,2019-20
1629001,De'Anthony Melton,1610612763,MEM,22.0,60,1167.3466666666666,40,140,0.286,93,121,0.769,2019-20
201599,DeAndre Jordan,1610612751,BKN,31.0,56,1234.1666666666667,0,0,0.0,83,122,0.68,2019-20
1627761,DeAndre' Bembry,1610612737,ATL,25.0,43,915.36,15,65,0.231,26,48,0.542,2019-20
201942,DeMar DeRozan,1610612759,SAS,30.0,68,2316.2833333333333,9,35,0.257,381,451,0.845,2019-20
201960,DeMarre Carroll,1610612745,HOU,33.0,24,289.8666666666667,8,33,0.242,29,42,0.69,2019-20
1629731,Dean Wade,1610612739,CLE,23.0,12,71.41666666666667,2,4,0.5,0,1,0.0,2019-20
1629028,Deandre Ayton,1610612756,PHX,21.0,38,1236.335,3,13,0.231,67,89,0.753,2019-20
1627749,Dejounte Murray,1610612759,SAS,23.0,66,1686.7633333333333,41,111,0.369,91,114,0.798,2019-20
1626153,Delon Wright,1610612742,DAL,28.0,73,1569.7166666666667,47,127,0.37,77,100,0.77,2019-20
203471,Dennis Schröder,1610612760,OKC,26.0,65,1998.8966666666668,125,325,0.385,198,236,0.839,2019-20
1628372,Dennis Smith Jr.,1610612752,NYK,22.0,34,537.4,16,54,0.296,27,53,0.509,2019-20
1627756,Denzel Valentine,1610612741,CHI,26.0,36,487.895,46,137,0.336,6,8,0.75,2019-20
1629126,Deonte Burton,1610612760,OKC,26.0,39,356.52666666666664,10,53,0.189,8,14,0.571,2019-20
202324,Derrick Favors,1610612740,NOP,28.0,51,1242.455,1,7,0.143,40,71,0.563,2019-20
1627884,Derrick Jones Jr.,1610612748,MIA,23.0,59,1375.0833333333333,37,132,0.28,95,123,0.772,2019-20
201565,Derrick Rose,1610612765,DET,31.0,50,1297.66,45,147,0.306,121,139,0.871,2019-20
1628476,Derrick Walton Jr.,1610612765,DET,25.0,26,248.30333333333334,10,24,0.417,7,9,0.778,2019-20
1628401,Derrick White,1610612759,SAS,25.0,68,1676.735,79,216,0.366,180,211,0.853,2019-20
1626164,Devin Booker,1610612756,PHX,23.0,70,2511.66,141,398,0.354,468,509,0.919,2019-20
1628985,Devon Hall,1610612760,OKC,24.0,11,80.73833333333333,4,17,0.235,4,8,0.5,2019-20
1629719,Devontae Cacok,1610612747,LAL,23.0,1,8.866666666666667,0,0,0.0,0,0,0.0,2019-20
1628984,Devonte' Graham,1610612766,CHA,25.0,63,2211.2316666666666,218,585,0.373,191,233,0.82,2019-20
1629608,Dewan Hernandez,1610612761,TOR,23.0,6,28.235,1,2,0.5,3,5,0.6,2019-20
203473,Dewayne Dedmon,1610612737,ATL,30.0,44,773.655,22,107,0.206,30,36,0.833,2019-20
1628415,Dillon Brooks,1610612763,MEM,24.0,73,2111.9883333333332,147,411,0.358,164,203,0.808,2019-20
203079,Dion Waiters,1610612747,LAL,28.0,10,207.45,15,47,0.319,14,17,0.824,2019-20
1627734,Domantas Sabonis,1610612754,IND,24.0,62,2158.65,17,67,0.254,214,296,0.723,2019-20
1628378,Donovan Mitchell,1610612762,UTA,23.0,69,2363.9666666666667,173,473,0.366,278,322,0.863,2019-20
1629743,Donta Hall,1610612751,BKN,22.0,9,133.14833333333334,0,0,0.0,9,18,0.5,2019-20
1628978,Donte DiVincenzo,1610612749,MIL,23.0,66,1520.4066666666668,83,247,0.336,63,86,0.733,2019-20
1627827,Dorian Finney-Smith,1610612742,DAL,27.0,71,2119.5383333333334,114,303,0.376,78,108,0.722,2019-20
203926,Doug McDermott,1610612754,IND,28.0,69,1372.3916666666667,128,294,0.435,48,58,0.828,2019-20
1627733,Dragan Bender,1610612744,GSW,22.0,16,285.55,15,43,0.349,10,14,0.714,2019-20
203110,Draymond Green,1610612744,GSW,30.0,43,1221.6566666666668,36,129,0.279,63,83,0.759,2019-20
1629234,Drew Eubanks,1610612759,SAS,23.0,22,272.22,1,1,1.0,20,26,0.769,2019-20
1629130,Duncan Robinson,1610612748,MIA,26.0,73,2165.63,270,606,0.446,67,72,0.931,2019-20
1628605,Dusty Hannahs,1610612763,MEM,26.0,2,13.433333333333334,2,3,0.667,2,2,1.0,2019-20
1628407,Dwayne Bacon,1610612766,CHA,24.0,39,687.3033333333333,19,67,0.284,35,53,0.66,2019-20
2730,Dwight Howard,1610612747,LAL,34.0,69,1305.7133333333334,3,5,0.6,110,214,0.514,2019-20
203939,Dwight Powell,1610612742,DAL,28.0,40,1060.5383333333334,10,39,0.256,74,111,0.667,2019-20
1629058,Dzanan Musa,1610612751,BKN,21.0,40,487.215,19,78,0.244,45,60,0.75,2019-20
202734,E'Twaun Moore,1610612740,NOP,31.0,56,1019.8866666666667,63,167,0.377,31,45,0.689,2019-20
202334,Ed Davis,1610612762,UTA,31.0,28,303.4716666666667,0,0,0.0,7,14,0.5,2019-20
1628410,Edmond Sumner,1610612754,IND,24.0,31,446.785,14,53,0.264,16,29,0.552,2019-20
203901,Elfrid Payton,1610612752,NYK,26.0,45,1245.8833333333334,14,69,0.203,49,86,0.57,2019-20
1629059,Elie Okobo,1610612756,PHX,22.0,55,718.7066666666667,25,71,0.352,50,71,0.704,2019-20
1626144,Emmanuel Mudiay,1610612762,UTA,24.0,54,849.5966666666667,30,87,0.345,63,83,0.759,2019-20
202683,Enes Freedom,1610612738,BOS,28.0,58,983.3383333333334,1,7,0.143,70,99,0.707,2019-20
202339,Eric Bledsoe,1610612749,MIL,30.0,61,1646.2833333333333,74,215,0.344,169,214,0.79,2019-20
201569,Eric Gordon,1610612745,HOU,31.0,36,1016.205,96,303,0.317,82,107,0.766,2019-20
1628450,Eric Mika,1610612758,SAC,25.0,1,19.041666666666668,0,0,0.0,2,2,1.0,2019-20
1629672,Eric Paschall,1610612744,GSW,23.0,60,1653.795,37,129,0.287,164,212,0.774,2019-20
101141,Ersan Ilyasova,1610612749,MIL,33.0,63,986.3833333333333,50,137,0.365,72,87,0.828,2019-20
203095,Evan Fournier,1610612753,ORL,27.0,66,2075.64,173,434,0.399,180,220,0.818,2019-20
202323,Evan Turner,1610612750,MIN,31.0,19,251.46,0,5,0.0,12,14,0.857,2019-20
1628402,Frank Jackson,1610612740,NOP,22.0,59,797.155,47,144,0.326,56,75,0.747,2019-20
1626163,Frank Kaminsky,1610612756,PHX,27.0,39,777.4233333333333,41,124,0.331,61,90,0.678,2019-20
1628412,Frank Mason III,1610612749,MIL,26.0,9,117.925,6,21,0.286,10,17,0.588,2019-20
1628373,Frank Ntilikina,1610612752,NYK,21.0,57,1186.6733333333334,44,137,0.321,51,59,0.864,2019-20
1627832,Fred VanVleet,1610612761,TOR,26.0,54,1928.1533333333334,146,374,0.39,168,198,0.848,2019-20
1627788,Furkan Korkmaz,1610612755,PHI,22.0,72,1558.9133333333334,143,356,0.402,77,102,0.755,2019-20
1629216,Gabe Vincent,1610612748,MIA,24.0,9,82.81166666666667,6,27,0.222,0,0,0.0,2019-20
202066,Garrett Temple,1610612751,BKN,34.0,62,1729.7716666666668,127,386,0.329,70,87,0.805,2019-20
1629726,Garrison Mathews,1610612764,WAS,23.0,18,227.39666666666668,19,46,0.413,31,34,0.912,2019-20
1629109,Gary Clark,1610612753,ORL,25.0,42,566.3666666666667,39,111,0.351,9,10,0.9,2019-20
203914,Gary Harris,1610612743,DEN,25.0,56,1780.2,70,210,0.333,75,92,0.815,2019-20
1627780,Gary Payton II,1610612764,WAS,27.0,29,431.78,13,46,0.283,4,8,0.5,2019-20
1629018,Gary Trent Jr.,1610612757,POR,21.0,61,1331.9966666666667,112,268,0.418,37,45,0.822,2019-20
201588,George Hill,1610612749,MIL,34.0,59,1271.2016666666666,81,176,0.46,85,101,0.842,2019-20
1627777,Georges Niang,1610612762,UTA,27.0,66,923.1916666666667,90,225,0.4,20,24,0.833,2019-20
203507,Giannis Antetokounmpo,1610612749,MIL,25.0,63,1916.88,89,293,0.304,398,629,0.633,2019-20
203922,Glenn Robinson III,1610612755,PHI,26.0,62,1786.4316666666666,77,197,0.391,74,86,0.86,2019-20
1629048,Goga Bitadze,1610612754,IND,20.0,54,471.2916666666667,8,42,0.19,24,33,0.727,2019-20
201609,Goran Dragic,1610612748,MIA,34.0,59,1662.8666666666666,124,338,0.367,191,246,0.776,2019-20
202330,Gordon Hayward,1610612738,BOS,30.0,52,1739.9883333333332,85,222,0.383,124,145,0.855,2019-20
203476,Gorgui Dieng,1610612763,MEM,30.0,63,1096.4966666666667,54,152,0.355,78,101,0.772,2019-20
1629684,Grant Williams,1610612738,BOS,21.0,69,1043.2233333333334,24,96,0.25,39,54,0.722,2019-20
1628960,Grayson Allen,1610612763,MEM,24.0,38,718.47,57,141,0.404,39,45,0.867,2019-20
1628977,Hamidou Diallo,1610612760,OKC,21.0,46,895.5866666666667,16,57,0.281,38,63,0.603,2019-20
203084,Harrison Barnes,1610612758,SAC,28.0,72,2481.615,102,268,0.381,214,267,0.801,2019-20
1628385,Harry Giles III,1610612758,SAC,22.0,46,667.0033333333333,0,2,0.0,38,49,0.776,2019-20
202355,Hassan Whiteside,1610612757,POR,31.0,67,2008.0833333333333,4,7,0.571,164,239,0.686,2019-20
1627740,Henry Ellenson,1610612751,BKN,23.0,5,15.116666666666667,0,4,0.0,0,0,0.0,2019-20
101133,Ian Mahinmi,1610612764,WAS,33.0,38,807.825,5,26,0.192,70,113,0.619,2019-20
1629649,Ignas Brazdeikis,1610612752,NYK,21.0,9,53.25,1,9,0.111,4,5,0.8,2019-20
202697,Iman Shumpert,1610612751,BKN,30.0,13,240.64333333333335,8,33,0.242,4,7,0.571,2019-20
1629067,Isaac Bonga,1610612764,WAS,20.0,66,1249.6516666666666,25,71,0.352,69,85,0.812,2019-20
1628392,Isaiah Hartenstein,1610612745,HOU,22.0,23,266.02166666666665,0,5,0.0,19,28,0.679,2019-20
1629676,Isaiah Roby,1610612760,OKC,22.0,3,11.4,0,0,0.0,0,0,0.0,2019-20
202738,Isaiah Thomas,1610612764,WAS,31.0,40,924.6766666666666,78,189,0.413,62,76,0.816,2019-20
202397,Ish Smith,1610612764,WAS,31.0,68,1786.92,62,169,0.367,62,86,0.721,2019-20
1627826,Ivica Zubac,1610612746,LAC,23.0,72,1326.0,0,2,0.0,124,166,0.747,2019-20
200826,J.J. Barea,1610612742,DAL,36.0,29,449.6816666666667,32,85,0.376,20,22,0.909,2019-20
1629122,J.P. Macura,1610612739,CLE,25.0,1,0.6233333333333333,0,0,0.0,0,0,0.0,2019-20
200755,JJ Redick,1610612740,NOP,36.0,60,1580.9666666666667,180,397,0.453,165,185,0.892,2019-20
2747,JR Smith,1610612747,LAL,34.0,6,78.90333333333334,1,11,0.091,2,2,1.0,2019-20
1629630,Ja Morant,1610612763,MEM,20.0,67,2074.3233333333333,60,179,0.335,239,308,0.776,2019-20
203960,JaKarr Sampson,1610612754,IND,27.0,34,470.645,2,13,0.154,18,27,0.667,2019-20
203210,JaMychal Green,1610612746,LAC,30.0,63,1307.0416666666667,92,238,0.387,36,48,0.75,2019-20
201580,JaVale McGee,1610612747,LAL,32.0,68,1130.0916666666667,3,6,0.5,53,82,0.646,2019-20
203953,Jabari Parker,1610612758,SAC,25.0,38,917.8116666666666,32,119,0.269,61,81,0.753,2019-20
1628980,Jacob Evans,1610612750,MIN,23.0,29,418.12,13,39,0.333,25,29,0.862,2019-20
203109,Jae Crowder,1610612748,MIA,29.0,65,1874.7316666666666,135,394,0.343,97,125,0.776,2019-20
1626143,Jahlil Okafor,1610612740,NOP,24.0,30,466.94166666666666,1,3,0.333,40,62,0.645,2019-20
1627774,Jake Layman,1610612750,MIN,26.0,23,505.1766666666667,24,72,0.333,24,32,0.75,2019-20
1627751,Jakob Poeltl,1610612759,SAS,24.0,66,1171.1166666666666,0,0,0.0,40,86,0.465,2019-20
1628973,Jalen Brunson,1610612742,DAL,23.0,57,1022.0733333333334,43,120,0.358,61,75,0.813,2019-20
1629665,Jalen Lecque,1610612756,PHX,20.0,5,31.60333333333333,0,4,0.0,2,2,1.0,2019-20
1629667,Jalen McDaniels,1610612766,CHA,22.0,16,293.32166666666666,9,24,0.375,14,17,0.824,2019-20
2037,Jamal Crawford,1610612751,BKN,40.0,1,5.966666666666667,1,2,0.5,0,0,0.0,2019-20
1627750,Jamal Murray,1610612743,DEN,23.0,59,1903.4816666666666,112,324,0.346,163,185,0.881,2019-20
203516,James Ennis III,1610612753,ORL,29.0,69,1265.905,55,169,0.325,79,98,0.806,2019-20
201935,James Harden,1610612745,HOU,30.0,68,2482.55,299,843,0.355,692,800,0.865,2019-20
201949,James Johnson,1610612750,MIN,33.0,32,619.5716666666667,33,91,0.363,31,48,0.646,2019-20
201162,Jared Dudley,1610612747,LAL,34.0,45,363.56666666666666,18,42,0.429,2,2,1.0,2019-20
1629607,Jared Harper,1610612752,NYK,22.0,3,7.883333333333334,0,2,0.0,0,0,0.0,2019-20
1628991,Jaren Jackson Jr.,1610612763,MEM,20.0,57,1621.9933333333333,145,368,0.394,139,186,0.747,2019-20
1629020,Jarred Vanderbilt,1610612750,MIN,21.0,11,46.53666666666667,0,1,0.0,2,2,1.0,2019-20
1629714,Jarrell Brantley,1610612762,UTA,24.0,9,96.03,3,13,0.231,1,2,0.5,2019-20
1628386,Jarrett Allen,1610612751,BKN,22.0,70,1851.8633333333332,0,6,0.0,171,270,0.633,2019-20
1629633,Jarrett Culver,1610612750,MIN,21.0,63,1505.6066666666666,66,221,0.299,54,117,0.462,2019-20
1627784,Jarrod Uthoff,1610612764,WAS,27.0,7,53.15,3,9,0.333,2,2,1.0,2019-20
1629750,Javonte Green,1610612738,BOS,26.0,48,467.84833333333336,9,33,0.273,28,42,0.667,2019-20
1629637,Jaxson Hayes,1610612740,NOP,20.0,64,1079.715,1,4,0.25,123,190,0.647,2019-20
1627759,Jaylen Brown,1610612738,BOS,23.0,57,1933.665,129,338,0.382,176,243,0.724,2019-20
1629658,Jaylen Hoard,1610612757,POR,21.0,13,102.99833333333333,0,3,0.0,8,13,0.615,2019-20
1629669,Jaylen Nowell,1610612750,MIN,20.0,15,151.20166666666665,3,26,0.115,16,17,0.941,2019-20
1628369,Jayson Tatum,1610612738,BOS,22.0,66,2265.085,189,469,0.403,254,313,0.812,2019-20
201145,Jeff Green,1610612745,HOU,33.0,48,960.1016666666667,62,183,0.339,73,91,0.802,2019-20
201952,Jeff Teague,1610612737,ATL,32.0,59,1464.2766666666666,43,117,0.368,172,197,0.873,2019-20
203924,Jerami Grant,1610612743,DEN,26.0,71,1891.945,98,252,0.389,147,196,0.75,2019-20
1629725,Jeremiah Martin,1610612751,BKN,24.0,9,99.10333333333334,5,18,0.278,11,14,0.786,2019-20
203087,Jeremy Lamb,1610612754,IND,28.0,46,1291.1533333333334,53,158,0.335,92,110,0.836,2019-20
202951,Jeremy Pargo,1610612744,GSW,34.0,3,44.31,3,7,0.429,0,1,0.0,2019-20
1626170,Jerian Grant,1610612764,WAS,27.0,6,80.35166666666667,2,8,0.25,5,7,0.714,2019-20
1629010,Jerome Robinson,1610612764,WAS,23.0,63,979.305,49,153,0.32,40,57,0.702,2019-20
1628975,Jevon Carter,1610612756,PHX,24.0,58,945.1483333333333,62,146,0.425,23,27,0.852,2019-20
202710,Jimmy Butler III,1610612748,MIA,30.0,58,1959.1033333333332,29,119,0.244,438,525,0.834,2019-20
201149,Joakim Noah,1610612746,LAC,35.0,5,50.166666666666664,0,0,0.0,6,8,0.75,2019-20
1629147,Joe Chealey,1610612766,CHA,24.0,4,33.44833333333333,0,4,0.0,2,2,1.0,2019-20
203925,Joe Harris,1610612751,BKN,28.0,69,2123.015,172,406,0.424,64,89,0.719,2019-20
204060,Joe Ingles,1610612762,UTA,32.0,72,2136.576666666667,141,353,0.399,74,94,0.787,2019-20
203954,Joel Embiid,1610612755,PHI,26.0,51,1505.815,57,172,0.331,351,435,0.807,2019-20
1628381,John Collins,1610612737,ATL,22.0,41,1363.1616666666666,59,147,0.401,120,150,0.8,2019-20
203089,John Henson,1610612765,DET,29.0,40,600.2066666666667,8,36,0.222,23,46,0.5,2019-20
1629723,John Konchar,1610612763,MEM,24.0,19,181.11333333333334,5,10,0.5,1,2,0.5,2019-20
1628405,Johnathan Motley,1610612746,LAC,25.0,13,41.14666666666667,1,1,1.0,5,7,0.714,2019-20
1629140,Johnathan Williams,1610612764,WAS,25.0,15,179.77666666666667,0,2,0.0,7,13,0.538,2019-20
1628413,Jonah Bolden,1610612756,PHX,24.0,7,47.053333333333335,0,4,0.0,2,4,0.5,2019-20
202685,Jonas Valančiūnas,1610612763,MEM,28.0,70,1845.1033333333332,32,91,0.352,148,200,0.74,2019-20
1628371,Jonathan Isaac,1610612753,ORL,22.0,34,979.895,32,94,0.34,60,77,0.779,2019-20
1628395,Jordan Bell,1610612739,CLE,25.0,29,256.38666666666666,4,12,0.333,19,31,0.613,2019-20
1629648,Jordan Bone,1610612765,DET,22.0,10,53.03,2,10,0.2,0,0,0.0,2019-20
203903,Jordan Clarkson,1610612762,UTA,28.0,71,1704.7283333333332,152,413,0.368,138,165,0.836,2019-20
1629162,Jordan McLaughlin,1610612750,MIN,24.0,30,590.4466666666667,29,76,0.382,26,39,0.667,2019-20
203895,Jordan McRae,1610612765,DET,29.0,37,784.5383333333333,45,126,0.357,83,109,0.761,2019-20
1629673,Jordan Poole,1610612744,GSW,21.0,57,1273.89,74,265,0.279,95,119,0.798,2019-20
1627982,Josh Gray,1610612740,NOP,26.0,2,22.716666666666665,0,0,0.0,0,0,0.0,2019-20
1628404,Josh Hart,1610612740,NOP,25.0,65,1755.215,121,354,0.342,85,115,0.739,2019-20
1628367,Josh Jackson,1610612763,MEM,23.0,22,381.455,23,72,0.319,35,50,0.7,2019-20
203705,Josh Magette,1610612753,ORL,30.0,8,37.89333333333333,1,4,0.25,1,2,0.5,2019-20
1629006,Josh Okogie,1610612750,MIN,21.0,62,1547.2933333333333,41,154,0.266,152,191,0.796,2019-20
1629729,Josh Reaves,1610612742,DAL,23.0,4,28.31833333333333,0,2,0.0,2,2,1.0,2019-20
1626196,Josh Richardson,1610612755,PHI,26.0,55,1693.185,85,249,0.341,114,141,0.809,2019-20
201950,Jrue Holiday,1610612740,NOP,30.0,61,2116.8166666666666,122,346,0.353,129,182,0.709,2019-20
1629308,Juan Toscano-Anderson,1610612744,GSW,27.0,13,272.10333333333335,8,23,0.348,3,5,0.6,2019-20
1627823,Juancho Hernangomez,1610612750,MIN,24.0,48,833.5116666666667,44,129,0.341,44,71,0.62,2019-20
203944,Julius Randle,1610612752,NYK,25.0,64,2080.4,64,231,0.277,258,352,0.733,2019-20
1626147,Justin Anderson,1610612751,BKN,26.0,10,107.33333333333333,6,29,0.207,2,4,0.5,2019-20
203200,Justin Holiday,1610612754,IND,31.0,73,1825.7016666666666,134,331,0.405,53,67,0.791,2019-20
1628382,Justin Jackson,1610612742,DAL,25.0,65,1044.6316666666667,48,163,0.294,42,50,0.84,2019-20
1629713,Justin James,1610612758,SAC,23.0,36,232.36666666666667,9,29,0.31,10,21,0.476,2019-20
1628383,Justin Patton,1610612765,DET,23.0,5,24.241666666666667,1,4,0.25,0,0,0.0,2019-20
1629620,Justin Robinson,1610612764,WAS,22.0,9,48.68666666666667,3,5,0.6,0,0,0.0,2019-20
1629625,Justin Wright-Foreman,1610612762,UTA,22.0,4,45.15,2,10,0.2,3,4,0.75,2019-20
1626159,Justise Winslow,1610612763,MEM,24.0,11,352.25,6,27,0.222,18,27,0.667,2019-20
203994,Jusuf Nurkić,1610612757,POR,25.0,8,253.13833333333332,2,10,0.2,31,35,0.886,2019-20
1629752,Juwan Morgan,1610612762,UTA,23.0,21,134.45666666666668,3,8,0.375,3,4,0.75,2019-20
1629644,KZ Okpala,1610612748,MIA,21.0,5,25.975,0,1,0.0,1,2,0.5,2019-20
1628443,Kadeem Allen,1610612752,NYK,27.0,10,117.05,5,16,0.313,7,11,0.636,2019-20
1626157,Karl-Anthony Towns,1610612750,MIN,24.0,35,1187.03,114,277,0.412,180,226,0.796,2019-20
202695,Kawhi Leonard,1610612746,LAC,29.0,57,1848.1083333333333,123,325,0.378,356,402,0.886,2019-20
1628966,Keita Bates-Diop,1610612743,DEN,24.0,44,744.3233333333334,34,103,0.33,54,75,0.72,2019-20
1629103,Kelan Martin,1610612750,MIN,24.0,31,494.89666666666665,25,96,0.26,30,31,0.968,2019-20
1629640,Keldon Johnson,1610612759,SAS,20.0,17,300.5966666666667,13,22,0.591,35,44,0.795,2019-20
203482,Kelly Olynyk,1610612748,MIA,29.0,67,1300.305,95,234,0.406,86,100,0.86,2019-20
1626162,Kelly Oubre Jr.,1610612756,PHX,24.0,56,1933.3716666666667,108,307,0.352,192,246,0.78,2019-20
202689,Kemba Walker,1610612738,BOS,30.0,56,1742.405,180,473,0.381,209,242,0.864,2019-20
1629134,Kendrick Nunn,1610612748,MIA,24.0,67,1962.4683333333332,137,391,0.35,85,100,0.85,2019-20
1629026,Kenrich Williams,1610612740,NOP,25.0,39,831.8816666666667,25,97,0.258,9,26,0.346,2019-20
203145,Kent Bazemore,1610612758,SAC,30.0,68,1687.7166666666667,84,244,0.344,113,147,0.769,2019-20
203484,Kentavious Caldwell-Pope,1610612747,LAL,27.0,69,1761.9616666666666,92,239,0.385,79,102,0.775,2019-20
1628987,Kevin Hervey,1610612760,OKC,23.0,10,52.12833333333333,3,20,0.15,0,0,0.0,2019-20
1628989,Kevin Huerter,1610612737,ATL,21.0,56,1760.375,127,334,0.38,53,64,0.828,2019-20
1628995,Kevin Knox II,1610612752,NYK,20.0,65,1166.1333333333334,65,199,0.327,66,101,0.653,2019-20
201567,Kevin Love,1610612739,CLE,31.0,56,1779.87,146,390,0.374,187,219,0.854,2019-20
1629645,Kevin Porter Jr.,1610612739,CLE,20.0,50,1161.72,53,158,0.335,73,101,0.723,2019-20
1626172,Kevon Looney,1610612744,GSW,24.0,20,261.6016666666667,1,14,0.071,9,12,0.75,2019-20
203920,Khem Birch,1610612753,ORL,27.0,48,922.0183333333333,0,1,0.0,66,101,0.653,2019-20
203114,Khris Middleton,1610612749,MIL,28.0,62,1852.6716666666666,147,354,0.415,208,227,0.916,2019-20
1629017,Khyri Thomas,1610612765,DET,24.0,8,61.20666666666666,5,14,0.357,2,4,0.5,2019-20
1628961,Kostas Antetokounmpo,1610612747,LAL,22.0,5,20.105,0,0,0.0,1,2,0.5,2019-20
1627739,Kris Dunn,1610612741,CHI,26.0,51,1268.62,29,112,0.259,40,54,0.741,2019-20
204001,Kristaps Porziņģis,1610612742,DAL,24.0,57,1813.7766666666666,142,403,0.352,226,283,0.799,2019-20
1629065,Ky Bowman,1610612744,GSW,23.0,45,1015.1866666666666,33,107,0.308,34,41,0.829,2019-20
1629734,Kyle Alexander,1610612748,MIA,23.0,2,13.366666666666667,0,0,0.0,0,0,0.0,2019-20
203937,Kyle Anderson,1610612763,MEM,26.0,67,1329.8866666666668,24,85,0.282,52,78,0.667,2019-20
1629657,Kyle Guy,1610612758,SAC,22.0,3,9.583333333333334,0,3,0.0,0,0,0.0,2019-20
2594,Kyle Korver,1610612749,MIL,39.0,58,959.98,99,237,0.418,35,41,0.854,2019-20
1628398,Kyle Kuzma,1610612747,LAL,24.0,61,1526.185,86,272,0.316,114,155,0.735,2019-20
200768,Kyle Lowry,1610612761,TOR,34.0,58,2098.3216666666667,164,466,0.352,294,343,0.857,2019-20
203124,Kyle O'Quinn,1610612755,PHI,30.0,29,312.6333333333333,7,27,0.259,11,20,0.55,2019-20
202681,Kyrie Irving,1610612751,BKN,28.0,20,657.9666666666667,56,142,0.394,94,102,0.922,2019-20
200746,LaMarcus Aldridge,1610612759,SAS,34.0,53,1753.9383333333333,61,157,0.389,158,191,0.827,2019-20
202498,Lance Thomas,1610612751,BKN,32.0,7,97.75833333333334,4,13,0.308,4,4,1.0,2019-20
1629013,Landry Shamet,1610612746,LAC,23.0,53,1451.93,111,296,0.375,65,76,0.855,2019-20
204038,Langston Galloway,1610612765,DET,28.0,66,1702.225,132,331,0.399,73,85,0.859,2019-20
1626204,Larry Nance Jr.,1610612739,CLE,27.0,56,1472.1133333333332,56,159,0.352,50,74,0.676,2019-20
1628374,Lauri Markkanen,1610612741,CHI,23.0,50,1491.5783333333334,109,317,0.344,126,153,0.824,2019-20
2544,LeBron James,1610612747,LAL,35.0,67,2316.266666666667,148,425,0.348,264,381,0.693,2019-20
1629022,Lonnie Walker IV,1610612759,SAS,21.0,61,988.2983333333333,41,101,0.406,44,61,0.721,2019-20
1628366,Lonzo Ball,1610612740,NOP,22.0,63,2025.215,148,395,0.375,43,76,0.566,2019-20
101150,Lou Williams,1610612746,LAC,33.0,65,1863.7083333333333,111,315,0.352,292,339,0.861,2019-20
1629663,Louis King,1610612765,DET,21.0,10,62.2,4,11,0.364,0,3,0.0,2019-20
201601,Luc Mbah a Moute,1610612745,HOU,33.0,3,24.6,0,2,0.0,1,2,0.5,2019-20
1629652,Luguentz Dort,1610612760,OKC,21.0,36,820.33,30,101,0.297,42,53,0.792,2019-20
1629029,Luka Dončić,1610612742,DAL,21.0,61,2047.245,171,541,0.316,426,562,0.758,2019-20
1629677,Luka Samanic,1610612759,SAS,20.0,3,48.416666666666664,3,8,0.375,3,4,0.75,2019-20
1628379,Luke Kennard,1610612765,DET,24.0,28,921.9233333333333,73,183,0.399,67,75,0.893,2019-20
1628436,Luke Kornet,1610612741,CHI,24.0,36,558.5433333333333,31,108,0.287,20,28,0.714,2019-20
1627763,Malcolm Brogdon,1610612754,IND,27.0,54,1666.2683333333334,75,230,0.326,166,186,0.892,2019-20
1626259,Malcolm Miller,1610612761,TOR,27.0,28,161.91833333333332,8,22,0.364,3,8,0.375,2019-20
1627736,Malik Beasley,1610612750,MIN,23.0,55,1208.7116666666666,107,276,0.388,54,66,0.818,2019-20
1628370,Malik Monk,1610612766,CHA,22.0,55,1169.1033333333332,58,204,0.284,82,100,0.82,2019-20
1629005,Malik Newman,1610612739,CLE,23.0,1,3.683333333333333,0,1,0.0,2,2,1.0,2019-20
201188,Marc Gasol,1610612761,TOR,35.0,44,1161.1566666666668,57,148,0.385,36,49,0.735,2019-20
201158,Marco Belinelli,1610612759,SAS,34.0,57,883.4016666666666,67,178,0.376,48,58,0.828,2019-20
202694,Marcus Morris Sr.,1610612746,LAC,30.0,62,1936.2733333333333,142,348,0.408,181,220,0.823,2019-20
203935,Marcus Smart,1610612738,BOS,26.0,60,1919.27,137,395,0.347,127,152,0.836,2019-20
1629621,Marial Shayok,1610612755,PHI,24.0,4,27.865,2,6,0.333,3,4,0.75,2019-20
1626209,Mario Hezonja,1610612757,POR,25.0,53,871.405,24,78,0.308,48,59,0.814,2019-20
1628365,Markelle Fultz,1610612753,ORL,22.0,72,1995.945,36,135,0.267,116,159,0.73,2019-20
202693,Markieff Morris,1610612747,LAL,30.0,58,1187.5333333333333,88,228,0.386,66,85,0.776,2019-20
1629741,Marko Guduric,1610612763,MEM,25.0,44,483.615,25,83,0.301,24,26,0.923,2019-20
1629716,Marques Bolden,1610612739,CLE,22.0,1,2.816666666666667,0,0,0.0,0,0,0.0,2019-20
1627737,Marquese Chriss,1610612744,GSW,22.0,59,1196.1283333333333,8,39,0.205,120,156,0.769,2019-20
1628963,Marvin Bagley III,1610612758,SAC,21.0,13,333.9266666666667,4,22,0.182,25,31,0.806,2019-20
101107,Marvin Williams,1610612749,MIL,34.0,58,1128.9166666666667,56,156,0.359,49,57,0.86,2019-20
203486,Mason Plumlee,1610612743,DEN,30.0,61,1057.2983333333334,0,5,0.0,83,155,0.535,2019-20
1629680,Matisse Thybulle,1610612755,PHI,23.0,65,1287.4316666666666,56,157,0.357,25,41,0.61,2019-20
1629760,Matt Mooney,1610612739,CLE,25.0,4,18.75,0,2,0.0,0,0,0.0,2019-20
1629744,Matt Thomas,1610612761,TOR,25.0,41,440.02,47,99,0.475,9,12,0.75,2019-20
203521,Matthew Dellavedova,1610612739,CLE,29.0,57,820.7733333333333,21,91,0.231,32,37,0.865,2019-20
203090,Maurice Harkless,1610612752,NYK,27.0,62,1426.775,34,98,0.347,39,66,0.591,2019-20
1629622,Max Strus,1610612741,CHI,24.0,2,6.233333333333333,0,1,0.0,1,1,1.0,2019-20
1628467,Maxi Kleber,1610612742,DAL,28.0,74,1889.7033333333334,119,319,0.373,79,93,0.849,2019-20
1628982,Melvin Frazier Jr.,1610612753,ORL,23.0,19,125.93,8,16,0.5,2,4,0.5,2019-20
203086,Meyers Leonard,1610612748,MIA,28.0,51,1033.9316666666666,53,128,0.414,18,28,0.643,2019-20
1629662,Mfiondu Kabengele,1610612746,LAC,22.0,12,64.41666666666667,9,20,0.45,5,5,1.0,2019-20
203487,Michael Carter-Williams,1610612753,ORL,28.0,45,833.1433333333333,22,75,0.293,79,95,0.832,2019-20
1626187,Michael Frazier II,1610612745,HOU,26.0,13,144.57,4,23,0.174,9,14,0.643,2019-20
203077,Michael Kidd-Gilchrist,1610612742,DAL,26.0,25,280.6933333333333,5,20,0.25,11,14,0.786,2019-20
1629008,Michael Porter Jr.,1610612743,DEN,22.0,55,903.2866666666666,62,147,0.422,60,72,0.833,2019-20
1628969,Mikal Bridges,1610612756,PHX,23.0,73,2042.1283333333333,70,194,0.361,103,122,0.844,2019-20
201144,Mike Conley,1610612762,UTA,32.0,47,1363.2733333333333,96,256,0.375,115,139,0.827,2019-20
203488,Mike Muscala,1610612760,OKC,28.0,47,571.7666666666667,54,143,0.378,18,22,0.818,2019-20
203118,Mike Scott,1610612755,PHI,31.0,68,1207.0116666666668,80,217,0.369,30,37,0.811,2019-20
1628970,Miles Bridges,1610612766,CHA,22.0,65,1995.5766666666666,99,300,0.33,106,131,0.809,2019-20
1629011,Mitchell Robinson,1610612752,NYK,22.0,61,1412.325,0,0,0.0,84,148,0.568,2019-20
1629671,Miye Oni,1610612762,UTA,22.0,10,109.075,7,19,0.368,4,5,0.8,2019-20
1628964,Mo Bamba,1610612753,ORL,22.0,62,878.3683333333333,37,107,0.346,31,46,0.674,2019-20
1628420,Monte Morris,1610612743,DEN,25.0,73,1636.5516666666667,65,172,0.378,75,89,0.843,2019-20
1626149,Montrezl Harrell,1610612746,LAC,26.0,63,1749.1266666666668,0,18,0.0,231,351,0.658,2019-20
1629021,Moritz Wagner,1610612764,WAS,23.0,45,835.3316666666667,25,80,0.313,78,95,0.821,2019-20
1629650,Moses Brown,1610612757,POR,20.0,9,32.843333333333334,0,0,0.0,3,8,0.375,2019-20
1628539,Mychal Mulder,1610612744,GSW,26.0,7,203.68666666666667,16,52,0.308,9,12,0.75,2019-20
1626167,Myles Turner,1610612754,IND,24.0,62,1825.8016666666667,86,250,0.344,127,169,0.751,2019-20
1629642,Nassir Little,1610612757,POR,20.0,48,572.485,14,59,0.237,28,44,0.636,2019-20
1628513,Naz Mitrou-Long,1610612754,IND,26.0,5,46.85,2,12,0.167,0,0,0.0,2019-20
1629675,Naz Reid,1610612750,MIN,20.0,30,495.4633333333333,32,97,0.33,37,53,0.698,2019-20
202357,Nemanja Bjelica,1610612758,SAC,32.0,72,2011.1883333333333,134,320,0.419,69,84,0.821,2019-20
203457,Nerlens Noel,1610612760,OKC,26.0,61,1126.9333333333334,1,3,0.333,80,106,0.755,2019-20
1629651,Nic Claxton,1610612751,BKN,21.0,15,186.85,1,7,0.143,11,21,0.524,2019-20
1629638,Nickeil Alexander-Walker,1610612740,NOP,21.0,47,590.8033333333333,46,133,0.346,25,37,0.676,2019-20
201587,Nicolas Batum,1610612766,CHA,31.0,22,504.9816666666667,14,49,0.286,9,10,0.9,2019-20
1629740,Nicolo Melli,1610612740,NOP,29.0,60,1042.1233333333332,69,206,0.335,54,73,0.74,2019-20
1628430,Nigel Williams-Goss,1610612762,UTA,25.0,10,49.805,2,7,0.286,2,2,1.0,2019-20
203999,Nikola Jokić,1610612743,DEN,25.0,73,2335.405,80,255,0.314,246,301,0.817,2019-20
202696,Nikola Vučević,1610612753,ORL,29.0,62,1998.1783333333333,98,289,0.339,131,167,0.784,2019-20
203943,Noah Vonleh,1610612743,DEN,24.0,36,377.73833333333334,3,15,0.2,25,32,0.781,2019-20
1626181,Norman Powell,1610612761,TOR,27.0,52,1478.825,109,273,0.399,129,153,0.843,2019-20
203658,Norvel Pelle,1610612755,PHI,27.0,24,231.73833333333334,0,1,0.0,7,14,0.5,2019-20
1628384,OG Anunoby,1610612761,TOR,22.0,69,2065.6766666666667,89,228,0.39,72,102,0.706,2019-20
1629016,Omari Spellman,1610612750,MIN,22.0,49,885.985,43,110,0.391,73,92,0.793,2019-20
1629052,Oshae Brissett,1610612761,TOR,22.0,19,135.07333333333332,3,15,0.2,8,10,0.8,2019-20
203490,Otto Porter Jr.,1610612741,CHI,27.0,14,330.78,24,62,0.387,19,27,0.704,2019-20
200782,P.J. Tucker,1610612745,HOU,35.0,72,2467.233333333333,107,299,0.358,39,48,0.813,2019-20
1629023,P.J. Washington,1610612766,CHA,21.0,58,1758.9916666666666,86,230,0.374,88,136,0.647,2019-20
1628408,PJ Dozier,1610612743,DEN,23.0,29,411.56166666666667,17,49,0.347,21,29,0.724,2019-20
1627783,Pascal Siakam,1610612761,TOR,26.0,60,2110.161666666667,131,365,0.359,240,303,0.792,2019-20
1626192,Pat Connaughton,1610612749,MIL,27.0,67,1243.1333333333334,55,166,0.331,31,40,0.775,2019-20
201976,Patrick Beverley,1610612746,LAC,31.0,51,1341.7016666666666,80,206,0.388,31,47,0.66,2019-20
1627775,Patrick McCaw,1610612761,TOR,24.0,37,908.1416666666667,23,71,0.324,13,18,0.722,2019-20
202335,Patrick Patterson,1610612746,LAC,31.0,59,776.1866666666666,67,172,0.39,35,43,0.814,2019-20
201988,Patty Mills,1610612759,SAS,31.0,66,1484.7483333333332,154,403,0.382,97,112,0.866,2019-20
202331,Paul George,1610612746,LAC,30.0,48,1418.8783333333333,157,381,0.412,190,217,0.876,2019-20
200794,Paul Millsap,1610612743,DEN,35.0,51,1239.95,54,124,0.435,115,141,0.816,2019-20
1628778,Paul Watson,1610612761,TOR,25.0,10,87.21166666666667,4,12,0.333,7,9,0.778,2019-20
1626188,Quinn Cook,1610612747,LAL,27.0,44,507.95166666666665,31,85,0.365,11,14,0.786,2019-20
1629683,Quinndary Weatherspoon,1610612759,SAS,23.0,11,77.73833333333333,1,5,0.2,1,2,0.5,2019-20
1629628,RJ Barrett,1610612752,NYK,20.0,56,1704.4216666666666,63,197,0.32,156,254,0.614,2019-20
200765,Rajon Rondo,1610612747,LAL,34.0,48,984.24,41,125,0.328,27,41,0.659,2019-20
203526,Raul Neto,1610612755,PHI,28.0,54,667.6,34,88,0.386,39,47,0.83,2019-20
1629730,Rayjon Tucker,1610612762,UTA,22.0,20,161.44833333333332,3,17,0.176,19,23,0.826,2019-20
203493,Reggie Bullock Jr.,1610612752,NYK,29.0,29,684.325,37,111,0.333,17,21,0.81,2019-20
202704,Reggie Jackson,1610612746,LAC,30.0,31,742.66,57,145,0.393,45,54,0.833,2019-20
1626158,Richaun Holmes,1610612758,SAC,26.0,44,1241.615,0,0,0.0,93,118,0.788,2019-20
201937,Ricky Rubio,1610612756,PHX,29.0,65,2016.3616666666667,78,216,0.361,195,226,0.863,2019-20
203496,Robert Covington,1610612745,HOU,29.0,70,2136.8083333333334,161,480,0.335,99,124,0.798,2019-20
1629057,Robert Williams III,1610612738,BOS,22.0,29,387.7733333333333,0,0,0.0,22,34,0.647,2019-20
201577,Robin Lopez,1610612749,MIL,32.0,66,958.1083333333333,35,105,0.333,28,53,0.528,2019-20
1629066,Rodions Kurucs,1610612751,BKN,22.0,47,683.525,33,90,0.367,24,38,0.632,2019-20
203918,Rodney Hood,1610612757,POR,27.0,21,618.6716666666666,35,71,0.493,21,27,0.778,2019-20
203585,Rodney McGruder,1610612746,LAC,28.0,56,871.0133333333333,24,89,0.27,19,34,0.559,2019-20
1629641,Romeo Langford,1610612738,BOS,20.0,32,369.84833333333336,5,27,0.185,18,25,0.72,2019-20
1626178,Rondae Hollis-Jefferson,1610612761,TOR,25.0,60,1121.895,3,23,0.13,105,143,0.734,2019-20
1626220,Royce O'Neale,1610612762,UTA,27.0,71,2049.4683333333332,92,244,0.377,42,55,0.764,2019-20
200752,Rudy Gay,1610612759,SAS,33.0,67,1460.5833333333333,74,220,0.336,120,136,0.882,2019-20
203497,Rudy Gobert,1610612762,UTA,28.0,68,2332.7066666666665,0,0,0.0,254,403,0.63,2019-20
1629060,Rui Hachimura,1610612764,WAS,22.0,48,1444.0316666666668,25,87,0.287,116,140,0.829,2019-20
201566,Russell Westbrook,1610612745,HOU,31.0,57,2049.1683333333335,55,213,0.258,290,380,0.763,2019-20
201583,Ryan Anderson,1610612745,HOU,32.0,2,13.966666666666667,1,5,0.2,0,0,0.0,2019-20
1627853,Ryan Arcidiacono,1610612741,CHI,26.0,58,929.9733333333334,54,138,0.391,27,38,0.711,2019-20
1629151,Ryan Broekhoff,1610612755,PHI,29.0,17,180.11833333333334,20,51,0.392,7,8,0.875,2019-20
1629635,Sekou Doumbouya,1610612765,DET,19.0,38,753.7266666666667,28,98,0.286,31,46,0.674,2019-20
1628400,Semi Ojeleye,1610612738,BOS,25.0,69,1010.595,48,127,0.378,28,32,0.875,2019-20
201586,Serge Ibaka,1610612761,TOR,30.0,55,1484.6266666666668,70,182,0.385,89,124,0.718,2019-20
203552,Seth Curry,1610612742,DAL,29.0,64,1575.7133333333334,145,321,0.452,80,97,0.825,2019-20
203894,Shabazz Napier,1610612764,WAS,28.0,56,1344.4933333333333,76,240,0.317,126,153,0.824,2019-20
1628983,Shai Gilgeous-Alexander,1610612760,OKC,21.0,70,2428.335,87,251,0.347,288,357,0.807,2019-20
1629003,Shake Milton,1610612755,PHI,23.0,40,805.365,58,135,0.43,51,65,0.785,2019-20
1629044,Shamorie Ponds,1610612761,TOR,22.0,4,10.583333333333334,1,2,0.5,2,2,1.0,2019-20
1627885,Shaquille Harrison,1610612741,CHI,26.0,43,484.3516666666667,16,42,0.381,39,50,0.78,2019-20
1628414,Sindarius Thornwell,1610612740,NOP,25.0,2,35.483333333333334,2,4,0.5,2,4,0.5,2019-20
1627746,Skal Labissiere,1610612737,ATL,24.0,33,566.79,3,13,0.231,25,33,0.758,2019-20
203524,Solomon Hill,1610612748,MIA,29.0,59,1088.3383333333334,63,171,0.368,40,54,0.741,2019-20
203915,Spencer Dinwiddie,1610612751,BKN,27.0,64,1994.15,123,400,0.308,347,446,0.778,2019-20
1626169,Stanley Johnson,1610612761,TOR,24.0,25,149.72666666666666,7,24,0.292,9,16,0.563,2019-20
1629742,Stanton Kidd,1610612762,UTA,28.0,4,15.283333333333333,0,1,0.0,0,0,0.0,2019-20
201939,Stephen Curry,1610612744,GSW,32.0,5,139.31666666666666,12,49,0.245,26,26,1.0,2019-20
1628425,Sterling Brown,1610612749,MIL,25.0,52,766.68,44,136,0.324,32,40,0.8,2019-20
203500,Steven Adams,1610612760,OKC,26.0,63,1680.51,1,3,0.333,117,201,0.582,2019-20
1629004,Svi Mykhailiuk,1610612765,DET,23.0,56,1265.0133333333333,115,285,0.404,57,70,0.814,2019-20
1628388,T.J. Leaf,1610612754,IND,23.0,28,221.8,5,18,0.278,7,16,0.438,2019-20
204456,T.J. McConnell,1610612754,IND,28.0,71,1326.045,5,17,0.294,35,42,0.833,2019-20
203933,T.J. Warren,1610612754,IND,26.0,67,2202.3516666666665,91,226,0.403,167,204,0.819,2019-20
1629605,Tacko Fall,1610612738,BOS,24.0,7,32.53666666666667,0,0,0.0,1,3,0.333,2019-20
201959,Taj Gibson,1610612752,NYK,35.0,62,1025.1666666666667,4,14,0.286,41,56,0.732,2019-20
1629659,Talen Horton-Tucker,1610612747,LAL,19.0,6,81.15,4,13,0.308,2,4,0.5,2019-20
1629745,Tariq Owens,1610612756,PHX,25.0,3,15.4,0,2,0.0,2,2,1.0,2019-20
1627752,Taurean Prince,1610612751,BKN,26.0,64,1857.435,146,431,0.339,71,89,0.798,2019-20
1629611,Terance Mann,1610612746,LAC,23.0,41,362.12,7,20,0.35,18,27,0.667,2019-20
1629056,Terence Davis,1610612761,TOR,23.0,72,1209.1633333333334,94,242,0.388,51,59,0.864,2019-20
1628390,Terrance Ferguson,1610612760,OKC,22.0,56,1257.4483333333333,49,168,0.292,15,20,0.75,2019-20
203082,Terrence Ross,1610612753,ORL,29.0,69,1889.0833333333333,177,504,0.351,157,184,0.853,2019-20
1626179,Terry Rozier,1610612766,CHA,26.0,63,2164.46,172,423,0.407,166,190,0.874,2019-20
200757,Thabo Sefolosha,1610612745,HOU,36.0,41,435.8433333333333,15,54,0.278,3,8,0.375,2019-20
201152,Thaddeus Young,1610612741,CHI,32.0,64,1590.6616666666666,79,222,0.356,42,72,0.583,2019-20
203648,Thanasis Antetokounmpo,1610612749,MIL,27.0,20,128.63,0,10,0.0,7,17,0.412,2019-20
1629033,Theo Pinson,1610612752,NYK,24.0,33,365.4116666666667,15,80,0.188,15,16,0.938,2019-20
1628418,Thomas Bryant,1610612764,WAS,22.0,46,1146.7916666666667,37,91,0.407,86,116,0.741,2019-20
1627748,Thon Maker,1610612765,DET,23.0,60,776.095,22,64,0.344,73,110,0.664,2019-20
204025,Tim Frazier,1610612765,DET,29.0,27,354.82666666666665,10,30,0.333,19,24,0.792,2019-20
203501,Tim Hardaway Jr.,1610612742,DAL,28.0,71,2091.3533333333335,204,513,0.398,149,182,0.819,2019-20
1627789,Timothe Luwawu-Cabarrot,1610612751,BKN,25.0,47,852.6666666666666,62,160,0.388,69,81,0.852,2019-20
202699,Tobias Harris,1610612755,PHI,27.0,72,2469.1783333333333,131,357,0.367,174,216,0.806,2019-20
203107,Tomas Satoransky,1610612741,CHI,28.0,65,1877.9383333333333,64,199,0.322,106,121,0.876,2019-20
1628396,Tony Bradley,1610612762,UTA,22.0,58,663.1633333333333,3,3,1.0,30,46,0.652,2019-20
203503,Tony Snell,1610612765,DET,28.0,59,1641.0766666666666,102,254,0.402,32,32,1.0,2019-20
1628470,Torrey Craig,1610612743,DEN,29.0,58,1071.9316666666666,45,138,0.326,22,36,0.611,2019-20
1629027,Trae Young,1610612737,ATL,21.0,60,2120.2083333333335,205,568,0.361,481,559,0.86,2019-20
1629682,Tremont Waters,1610612738,BOS,22.0,11,118.64166666666667,4,24,0.167,8,8,1.0,2019-20
1626203,Treveon Graham,1610612737,ATL,26.0,55,929.3316666666667,33,120,0.275,36,56,0.643,2019-20
2772,Trevor Ariza,1610612757,POR,35.0,53,1492.275,77,207,0.372,62,74,0.838,2019-20
203504,Trey Burke,1610612742,DAL,27.0,33,520.0333333333333,32,75,0.427,23,29,0.793,2019-20
1626168,Trey Lyles,1610612759,SAS,24.0,63,1270.8233333333333,65,168,0.387,33,45,0.733,2019-20
202684,Tristan Thompson,1610612739,CLE,29.0,57,1721.525,9,23,0.391,99,161,0.615,2019-20
1628972,Troy Brown Jr.,1610612764,WAS,20.0,69,1782.0183333333334,61,179,0.341,109,139,0.784,2019-20
203584,Troy Daniels,1610612743,DEN,28.0,47,531.9716666666667,46,132,0.348,10,16,0.625,2019-20
1629660,Ty Jerome,1610612756,PHX,22.0,31,327.59,14,50,0.28,12,16,0.75,2019-20
1629076,Tyler Cook,1610612743,DEN,22.0,13,54.071666666666665,0,0,0.0,7,8,0.875,2019-20
1629639,Tyler Herro,1610612748,MIA,20.0,55,1508.08,116,298,0.389,87,100,0.87,2019-20
204020,Tyler Johnson,1610612751,BKN,28.0,39,709.3016666666666,38,119,0.319,42,50,0.84,2019-20
203092,Tyler Zeller,1610612759,SAS,30.0,2,3.875,0,0,0.0,0,0,0.0,2019-20
1627820,Tyrone Wallace,1610612737,ATL,26.0,14,160.37833333333333,1,15,0.067,11,17,0.647,2019-20
2199,Tyson Chandler,1610612745,HOU,37.0,26,219.20666666666668,0,0,0.0,6,13,0.462,2019-20
1626145,Tyus Jones,1610612763,MEM,24.0,65,1231.9766666666667,47,124,0.379,43,58,0.741,2019-20
2617,Udonis Haslem,1610612748,MIA,40.0,4,44.13,1,3,0.333,3,4,0.75,2019-20
1629724,Vic Law,1610612753,ORL,24.0,8,61.888333333333335,1,7,0.143,2,6,0.333,2019-20
203506,Victor Oladipo,1610612754,IND,28.0,19,528.14,33,104,0.317,48,59,0.814,2019-20
1713,Vince Carter,1610612737,ATL,43.0,60,875.5666666666667,61,202,0.302,23,29,0.793,2019-20
1629738,Vincent Poirier,1610612738,BOS,26.0,22,129.99166666666667,1,2,0.5,6,7,0.857,2019-20
1628427,Vlatko Čančar,1610612743,DEN,23.0,14,45.42,1,6,0.167,4,4,1.0,2019-20
201961,Wayne Ellington,1610612752,NYK,32.0,36,558.385,50,143,0.35,11,13,0.846,2019-20
1628976,Wendell Carter Jr.,1610612741,CHI,21.0,43,1255.7866666666666,6,29,0.207,112,152,0.737,2019-20
1629117,Wenyen Gabriel,1610612757,POR,23.0,30,234.91833333333332,6,20,0.3,15,22,0.682,2019-20
1628411,Wes Iwundu,1610612753,ORL,25.0,52,953.2933333333333,28,82,0.341,78,97,0.804,2019-20
202083,Wesley Matthews,1610612749,MIL,33.0,67,1634.865,108,297,0.364,52,68,0.765,2019-20
203115,Will Barton,1610612743,DEN,29.0,58,1915.8383333333334,108,288,0.375,102,133,0.767,2019-20
1629739,William Howard,1610612745,HOU,26.0,2,13.266666666666667,0,4,0.0,0,0,0.0,2019-20
1626161,Willie Cauley-Stein,1610612742,DAL,26.0,54,1097.4466666666667,0,1,0.0,40,66,0.606,2019-20
1626195,Willy Hernangomez,1610612766,CHA,26.0,31,375.2183333333333,5,22,0.227,37,59,0.627,2019-20
201163,Wilson Chandler,1610612751,BKN,33.0,35,734.11,37,121,0.306,20,23,0.87,2019-20
1627812,Yogi Ferrell,1610612758,SAC,27.0,50,529.76,24,79,0.304,36,42,0.857,2019-20
1629139,Yuta Watanabe,1610612763,MEM,25.0,18,104.76833333333333,3,8,0.375,3,8,0.375,2019-20
1628380,Zach Collins,1610612757,POR,22.0,11,289.9066666666667,7,19,0.368,6,8,0.75,2019-20
203897,Zach LaVine,1610612741,CHI,25.0,60,2085.41,184,484,0.38,268,334,0.802,2019-20
1629668,Zach Norvell Jr.,1610612744,GSW,22.0,5,40.80166666666667,3,8,0.375,1,1,1.0,2019-20
1629015,Zhaire Smith,1610612755,PHI,21.0,7,32.33166666666666,0,3,0.0,2,4,0.5,2019-20
1629627,Zion Williamson,1610612740,NOP,19.0,24,668.1416666666667,6,14,0.429,114,178,0.64,2019-20
1629597,Zylan Cheatham,1610612740,NOP,24.0,4,51.04333333333334,0,1,0.0,0,0,0.0,2019-20
