prediction_season,feature,coef_per_training_sd,alpha,rate_mean,median_denom,training_mean_after_shrink,training_sd_after_shrink
2004,rim_ast_m_75,0.4376193818941337,1.0,,,,
2004,rim_unast_m_75,0.5386199270160148,1.0,,,,
2004,rim_miss_75,-0.5387566239103803,1.0,,,,
2004,flt_ast_m_75,0.14574355261479507,1.0,,,,
2004,flt_unast_m_75,0.23565376218463233,1.0,,,,
2004,flt_miss_75,-0.36748186227164986,1.0,,,,
2004,mid_ast_m_75,0.3640617779537783,1.0,,,,
2004,mid_unast_m_75,0.36251201846828013,1.0,,,,
2004,mid_miss_75,-0.3006980157903788,1.0,,,,
2004,tp_ast_m_75,0.46457880295909476,1.0,,,,
2004,tp_unast_m_75,0.08385989542686244,1.0,,,,
2004,tp_miss_75,0.4300411011653426,1.0,,,,
2004,ftm_75,0.6981991403091876,1.0,,,,
2004,ft_miss_75,0.006396725803252373,1.0,,,,
2004,ast_rim_75,0.4588194129739426,1.0,,,,
2004,ast_mid2_75,0.15070734322651907,1.0,,,,
2004,ast_tp_75,0.11957057650942526,1.0,,,,
2004,tov_bp_75,-0.2303170195471415,1.0,,,,
2004,tov_lb_75,-0.2985207927380273,1.0,,,,
2004,tov_dead_75,-0.2891274712486669,1.0,,,,
2004,oreb_opp_rate,0.5948362271114218,1.0,,,,
2004,dreb_opp_rate,0.023002170180841736,1.0,,,,
2004,off_boxout_75,0.0,1.0,,,,
2004,def_boxout_75,0.0,1.0,,,,
2004,stl_75,0.06237807076345431,1.0,,,,
2004,blk_75,-0.011347384040985375,1.0,,,,
2004,rim_dfg_diff,0.0,1.0,,,,
2004,contested_2pt_75,0.0,1.0,,,,
2004,contested_3pt_75,0.0,1.0,,,,
2004,defl_75,0.0,1.0,,,,
2004,pf_nonoff_75,-0.28486466335880134,1.0,,,,
2004,charges_drawn_75,0.0,1.0,,,,
2004,height,0.09962847521858875,1.0,,,,
2004,age,-0.005692882262322673,1.0,,,,
2004,wing_rel,0.04512893794759675,1.0,,,,
2004,other_fouls_drawn_75,0.0,1.0,0.0,1.0,0.0,1.0
2005,rim_ast_m_75,0.44625091829693336,1.0,,,,
2005,rim_unast_m_75,0.5729003782665453,1.0,,,,
2005,rim_miss_75,-0.546348075864895,1.0,,,,
2005,flt_ast_m_75,0.14978703097932364,1.0,,,,
2005,flt_unast_m_75,0.229630499914508,1.0,,,,
2005,flt_miss_75,-0.3561612713405773,1.0,,,,
2005,mid_ast_m_75,0.4069144622533478,1.0,,,,
2005,mid_unast_m_75,0.3921771465573421,1.0,,,,
2005,mid_miss_75,-0.35587096573671995,1.0,,,,
2005,tp_ast_m_75,0.49031441006333903,1.0,,,,
2005,tp_unast_m_75,0.07632576274953326,1.0,,,,
2005,tp_miss_75,0.4308406189806252,1.0,,,,
2005,ftm_75,0.7049127823990579,1.0,,,,
2005,ft_miss_75,0.007527001808390431,1.0,,,,
2005,ast_rim_75,0.44870157740976874,1.0,,,,
2005,ast_mid2_75,0.12977833270944422,1.0,,,,
2005,ast_tp_75,0.14375887945225213,1.0,,,,
2005,tov_bp_75,-0.21894117268114244,1.0,,,,
2005,tov_lb_75,-0.2796657827778835,1.0,,,,
2005,tov_dead_75,-0.33515792509433917,1.0,,,,
2005,oreb_opp_rate,0.6006464448869083,1.0,,,,
2005,dreb_opp_rate,0.012102094972642453,1.0,,,,
2005,off_boxout_75,0.0,1.0,,,,
2005,def_boxout_75,0.0,1.0,,,,
2005,stl_75,0.0626166176822515,1.0,,,,
2005,blk_75,-0.03234406185932106,1.0,,,,
2005,rim_dfg_diff,0.0,1.0,,,,
2005,contested_2pt_75,0.0,1.0,,,,
2005,contested_3pt_75,0.0,1.0,,,,
2005,defl_75,0.0,1.0,,,,
2005,pf_nonoff_75,-0.27445346330559,1.0,,,,
2005,charges_drawn_75,0.0,1.0,,,,
2005,height,0.10908711744327676,1.0,,,,
2005,age,-0.005349926219352609,1.0,,,,
2005,wing_rel,0.03960379183501463,1.0,,,,
2005,other_fouls_drawn_75,0.0,1.0,0.0,1.0,0.0,1.0
2006,rim_ast_m_75,0.46220831938517515,1.0,,,,
2006,rim_unast_m_75,0.5708272286571638,1.0,,,,
2006,rim_miss_75,-0.531637878800381,1.0,,,,
2006,flt_ast_m_75,0.12335187425278361,1.0,,,,
2006,flt_unast_m_75,0.22017824974454378,1.0,,,,
2006,flt_miss_75,-0.32924331900102316,1.0,,,,
2006,mid_ast_m_75,0.42005696926703656,1.0,,,,
2006,mid_unast_m_75,0.3947254047111125,1.0,,,,
2006,mid_miss_75,-0.35444562647949956,1.0,,,,
2006,tp_ast_m_75,0.5367302598014732,1.0,,,,
2006,tp_unast_m_75,0.08817874037209743,1.0,,,,
2006,tp_miss_75,0.4053483265149608,1.0,,,,
2006,ftm_75,0.6865270280331268,1.0,,,,
2006,ft_miss_75,0.03600943585581312,1.0,,,,
2006,ast_rim_75,0.42956078121171476,1.0,,,,
2006,ast_mid2_75,0.10772907828681114,1.0,,,,
2006,ast_tp_75,0.1574918968865415,1.0,,,,
2006,tov_bp_75,-0.198973619926106,1.0,,,,
2006,tov_lb_75,-0.2559865073793448,1.0,,,,
2006,tov_dead_75,-0.362101714503408,1.0,,,,
2006,oreb_opp_rate,0.6038249021202862,1.0,,,,
2006,dreb_opp_rate,0.00395766286160677,1.0,,,,
2006,off_boxout_75,0.0,1.0,,,,
2006,def_boxout_75,0.0,1.0,,,,
2006,stl_75,0.06641590895691112,1.0,,,,
2006,blk_75,-0.03186613672012619,1.0,,,,
2006,rim_dfg_diff,0.0,1.0,,,,
2006,contested_2pt_75,0.0,1.0,,,,
2006,contested_3pt_75,0.0,1.0,,,,
2006,defl_75,0.0,1.0,,,,
2006,pf_nonoff_75,-0.2824327139389327,1.0,,,,
2006,charges_drawn_75,0.0,1.0,,,,
2006,height,0.1117186807364763,1.0,,,,
2006,age,0.0008137218290407886,1.0,,,,
2006,wing_rel,0.05184631849409813,1.0,,,,
2006,other_fouls_drawn_75,-0.04391866185689439,1.0,1.4241607434261907,3533.0,1.4254867772625646,0.1576014372651912
2007,rim_ast_m_75,0.418460287526653,1.0,,,,
2007,rim_unast_m_75,0.5769334065704813,1.0,,,,
2007,rim_miss_75,-0.4552779193269751,1.0,,,,
2007,flt_ast_m_75,0.14329453546243318,1.0,,,,
2007,flt_unast_m_75,0.253952147836298,1.0,,,,
2007,flt_miss_75,-0.36157067858853786,1.0,,,,
2007,mid_ast_m_75,0.47449050876556176,1.0,,,,
2007,mid_unast_m_75,0.4087244734267596,1.0,,,,
2007,mid_miss_75,-0.44925913230881687,1.0,,,,
2007,tp_ast_m_75,0.5336079380005897,1.0,,,,
2007,tp_unast_m_75,0.11490366082212274,1.0,,,,
2007,tp_miss_75,0.37355343352569925,1.0,,,,
2007,ftm_75,0.7134070016520542,1.0,,,,
2007,ft_miss_75,0.04149906110291427,1.0,,,,
2007,ast_rim_75,0.43838959346707473,1.0,,,,
2007,ast_mid2_75,0.049174660664961276,1.0,,,,
2007,ast_tp_75,0.15074677360021618,1.0,,,,
2007,tov_bp_75,-0.1768873191803502,1.0,,,,
2007,tov_lb_75,-0.2387496821196401,1.0,,,,
2007,tov_dead_75,-0.4089196882021141,1.0,,,,
2007,oreb_opp_rate,0.5728776883785702,1.0,,,,
2007,dreb_opp_rate,0.012113727189146587,1.0,,,,
2007,off_boxout_75,0.0,1.0,,,,
2007,def_boxout_75,0.0,1.0,,,,
2007,stl_75,0.10300551411873715,1.0,,,,
2007,blk_75,-0.05807200058708172,1.0,,,,
2007,rim_dfg_diff,0.0,1.0,,,,
2007,contested_2pt_75,0.0,1.0,,,,
2007,contested_3pt_75,0.0,1.0,,,,
2007,defl_75,0.0,1.0,,,,
2007,pf_nonoff_75,-0.3075070255437117,1.0,,,,
2007,charges_drawn_75,0.0,1.0,,,,
2007,height,0.1384009180274389,1.0,,,,
2007,age,0.03152835166628677,1.0,,,,
2007,wing_rel,0.03608164077768873,1.0,,,,
2007,other_fouls_drawn_75,-0.0027369109039412044,1.0,1.3941223177964295,3610.5,1.397391199599332,0.21406770459512017
2008,rim_ast_m_75,0.44676770628667195,1.0,,,,
2008,rim_unast_m_75,0.5351636452969527,1.0,,,,
2008,rim_miss_75,-0.48925235252481136,1.0,,,,
2008,flt_ast_m_75,0.09984944795575279,1.0,,,,
2008,flt_unast_m_75,0.3238601161500626,1.0,,,,
2008,flt_miss_75,-0.33016059750876414,1.0,,,,
2008,mid_ast_m_75,0.4877348813539244,1.0,,,,
2008,mid_unast_m_75,0.36710985945401026,1.0,,,,
2008,mid_miss_75,-0.45760536563252485,1.0,,,,
2008,tp_ast_m_75,0.6234230596049047,1.0,,,,
2008,tp_unast_m_75,0.18567557142473687,1.0,,,,
2008,tp_miss_75,0.29602258514624136,1.0,,,,
2008,ftm_75,0.7281338377953398,1.0,,,,
2008,ft_miss_75,0.03259990473043575,1.0,,,,
2008,ast_rim_75,0.38100332304715767,1.0,,,,
2008,ast_mid2_75,0.05755302819766196,1.0,,,,
2008,ast_tp_75,0.1220267664418231,1.0,,,,
2008,tov_bp_75,-0.06141332881049527,1.0,,,,
2008,tov_lb_75,-0.20232939494457047,1.0,,,,
2008,tov_dead_75,-0.44109556696712227,1.0,,,,
2008,oreb_opp_rate,0.671302344339497,1.0,,,,
2008,dreb_opp_rate,-0.03398640754297301,1.0,,,,
2008,off_boxout_75,0.0,1.0,,,,
2008,def_boxout_75,0.0,1.0,,,,
2008,stl_75,0.10391246150532688,1.0,,,,
2008,blk_75,-0.09006704027387324,1.0,,,,
2008,rim_dfg_diff,0.0,1.0,,,,
2008,contested_2pt_75,0.0,1.0,,,,
2008,contested_3pt_75,0.0,1.0,,,,
2008,defl_75,0.0,1.0,,,,
2008,pf_nonoff_75,-0.29290293366875375,1.0,,,,
2008,charges_drawn_75,0.0,1.0,,,,
2008,height,0.15221419576074663,1.0,,,,
2008,age,0.03187369414130435,1.0,,,,
2008,wing_rel,0.012789609513512188,1.0,,,,
2008,other_fouls_drawn_75,0.04650867990173081,1.0,1.3433580585040834,3633.5,1.3469838593936676,0.26298673223591845
2009,rim_ast_m_75,0.4409641383917298,1.0,,,,
2009,rim_unast_m_75,0.5364495529531844,1.0,,,,
2009,rim_miss_75,-0.49042477981761445,1.0,,,,
2009,flt_ast_m_75,0.07662928398757389,1.0,,,,
2009,flt_unast_m_75,0.28753748420765884,1.0,,,,
2009,flt_miss_75,-0.23507652464669934,1.0,,,,
2009,mid_ast_m_75,0.5126257138300964,1.0,,,,
2009,mid_unast_m_75,0.4055789444459745,1.0,,,,
2009,mid_miss_75,-0.4948905667983478,1.0,,,,
2009,tp_ast_m_75,0.6104252979264999,1.0,,,,
2009,tp_unast_m_75,0.22663462602875148,1.0,,,,
2009,tp_miss_75,0.3117249713848881,1.0,,,,
2009,ftm_75,0.7048728223615198,1.0,,,,
2009,ft_miss_75,0.03813735707941217,1.0,,,,
2009,ast_rim_75,0.36774402812010554,1.0,,,,
2009,ast_mid2_75,0.0679949534661257,1.0,,,,
2009,ast_tp_75,0.0815743438354209,1.0,,,,
2009,tov_bp_75,-0.020518256307167772,1.0,,,,
2009,tov_lb_75,-0.19866558306511048,1.0,,,,
2009,tov_dead_75,-0.4545123689302193,1.0,,,,
2009,oreb_opp_rate,0.6834118892124882,1.0,,,,
2009,dreb_opp_rate,-0.04092354625391919,1.0,,,,
2009,off_boxout_75,0.0,1.0,,,,
2009,def_boxout_75,0.0,1.0,,,,
2009,stl_75,0.09745324861271285,1.0,,,,
2009,blk_75,-0.11484786647561807,1.0,,,,
2009,rim_dfg_diff,0.0,1.0,,,,
2009,contested_2pt_75,0.0,1.0,,,,
2009,contested_3pt_75,0.0,1.0,,,,
2009,defl_75,0.0,1.0,,,,
2009,pf_nonoff_75,-0.2796634225284469,1.0,,,,
2009,charges_drawn_75,0.0,1.0,,,,
2009,height,0.17468716316335914,1.0,,,,
2009,age,0.02487425840714453,1.0,,,,
2009,wing_rel,-0.026591632775526387,1.0,,,,
2009,other_fouls_drawn_75,0.050808800872423975,1.0,1.324950264543807,3633.5,1.3285039225096222,0.30348996560548813
2010,rim_ast_m_75,0.4409706647576977,1.0,,,,
2010,rim_unast_m_75,0.5210128719823963,1.0,,,,
2010,rim_miss_75,-0.4571105635018864,1.0,,,,
2010,flt_ast_m_75,0.10746382723718884,1.0,,,,
2010,flt_unast_m_75,0.2665808091291827,1.0,,,,
2010,flt_miss_75,-0.23140074623402457,1.0,,,,
2010,mid_ast_m_75,0.5282189599462898,1.0,,,,
2010,mid_unast_m_75,0.4408683856312178,1.0,,,,
2010,mid_miss_75,-0.5561725503941212,1.0,,,,
2010,tp_ast_m_75,0.5778634250088724,1.0,,,,
2010,tp_unast_m_75,0.2141193296776659,1.0,,,,
2010,tp_miss_75,0.385811635080332,1.0,,,,
2010,ftm_75,0.7146941322621623,1.0,,,,
2010,ft_miss_75,0.029647624612453675,1.0,,,,
2010,ast_rim_75,0.35632980920885066,1.0,,,,
2010,ast_mid2_75,0.06595399055195006,1.0,,,,
2010,ast_tp_75,0.09291623302959173,1.0,,,,
2010,tov_bp_75,0.018146400844654673,1.0,,,,
2010,tov_lb_75,-0.14215328542729472,1.0,,,,
2010,tov_dead_75,-0.49703523350415924,1.0,,,,
2010,oreb_opp_rate,0.7208425785862543,1.0,,,,
2010,dreb_opp_rate,-0.09078849869923847,1.0,,,,
2010,off_boxout_75,0.0,1.0,,,,
2010,def_boxout_75,0.0,1.0,,,,
2010,stl_75,0.09178053199938041,1.0,,,,
2010,blk_75,-0.10577553496388047,1.0,,,,
2010,rim_dfg_diff,0.0,1.0,,,,
2010,contested_2pt_75,0.0,1.0,,,,
2010,contested_3pt_75,0.0,1.0,,,,
2010,defl_75,0.0,1.0,,,,
2010,pf_nonoff_75,-0.2675070951867715,1.0,,,,
2010,charges_drawn_75,0.0,1.0,,,,
2010,height,0.19095295063844664,1.0,,,,
2010,age,0.027245058565022528,1.0,,,,
2010,wing_rel,0.0020218608900292455,1.0,,,,
2010,other_fouls_drawn_75,0.05943937316433001,1.0,1.3064072235926378,3597.0,1.3104723000864273,0.341044149596199
2011,rim_ast_m_75,0.45457339293590615,1.0,,,,
2011,rim_unast_m_75,0.5106535853601278,1.0,,,,
2011,rim_miss_75,-0.41347888015560386,1.0,,,,
2011,flt_ast_m_75,0.13025562183778627,1.0,,,,
2011,flt_unast_m_75,0.29377090835155284,1.0,,,,
2011,flt_miss_75,-0.29839547784168957,1.0,,,,
2011,mid_ast_m_75,0.4963367810065637,1.0,,,,
2011,mid_unast_m_75,0.4416786451744684,1.0,,,,
2011,mid_miss_75,-0.5010925774738791,1.0,,,,
2011,tp_ast_m_75,0.6212888543871837,1.0,,,,
2011,tp_unast_m_75,0.2220473378796332,1.0,,,,
2011,tp_miss_75,0.3721469927921731,1.0,,,,
2011,ftm_75,0.6789152711107839,1.0,,,,
2011,ft_miss_75,0.04736151380732805,1.0,,,,
2011,ast_rim_75,0.3577801830385479,1.0,,,,
2011,ast_mid2_75,0.05038010871073555,1.0,,,,
2011,ast_tp_75,0.1086601506376979,1.0,,,,
2011,tov_bp_75,0.03340988757857323,1.0,,,,
2011,tov_lb_75,-0.12017448541921402,1.0,,,,
2011,tov_dead_75,-0.5169435242493439,1.0,,,,
2011,oreb_opp_rate,0.7476948866437685,1.0,,,,
2011,dreb_opp_rate,-0.10996402293870694,1.0,,,,
2011,off_boxout_75,0.0,1.0,,,,
2011,def_boxout_75,0.0,1.0,,,,
2011,stl_75,0.08684291982446006,1.0,,,,
2011,blk_75,-0.10768148830828499,1.0,,,,
2011,rim_dfg_diff,0.0,1.0,,,,
2011,contested_2pt_75,0.0,1.0,,,,
2011,contested_3pt_75,0.0,1.0,,,,
2011,defl_75,0.0,1.0,,,,
2011,pf_nonoff_75,-0.2715989184250748,1.0,,,,
2011,charges_drawn_75,0.0,1.0,,,,
2011,height,0.2032549327941289,1.0,,,,
2011,age,0.041735770602291104,1.0,,,,
2011,wing_rel,0.01515027923758407,1.0,,,,
2011,other_fouls_drawn_75,0.0841497232236643,1.0,1.2991836097131073,3585.0,1.3034250198601718,0.3725806293788017
2012,rim_ast_m_75,0.46776380155505204,1.0,,,,
2012,rim_unast_m_75,0.5366794859688414,1.0,,,,
2012,rim_miss_75,-0.4290802833595676,1.0,,,,
2012,flt_ast_m_75,0.1072796796686904,1.0,,,,
2012,flt_unast_m_75,0.3178207752558956,1.0,,,,
2012,flt_miss_75,-0.3074357203805423,1.0,,,,
2012,mid_ast_m_75,0.5104562605684674,1.0,,,,
2012,mid_unast_m_75,0.42360456001329055,1.0,,,,
2012,mid_miss_75,-0.4979016677765362,1.0,,,,
2012,tp_ast_m_75,0.6433497777507592,1.0,,,,
2012,tp_unast_m_75,0.23975658295453708,1.0,,,,
2012,tp_miss_75,0.3590674419365664,1.0,,,,
2012,ftm_75,0.6926065797730231,1.0,,,,
2012,ft_miss_75,0.05380473715527266,1.0,,,,
2012,ast_rim_75,0.3989188831985179,1.0,,,,
2012,ast_mid2_75,0.029611957581058453,1.0,,,,
2012,ast_tp_75,0.11996669742624336,1.0,,,,
2012,tov_bp_75,0.016896212411061137,1.0,,,,
2012,tov_lb_75,-0.11314752932216086,1.0,,,,
2012,tov_dead_75,-0.5408622541554464,1.0,,,,
2012,oreb_opp_rate,0.7439789913174658,1.0,,,,
2012,dreb_opp_rate,-0.12107900949635646,1.0,,,,
2012,off_boxout_75,0.0,1.0,,,,
2012,def_boxout_75,0.0,1.0,,,,
2012,stl_75,0.09168007759315476,1.0,,,,
2012,blk_75,-0.1158338522080216,1.0,,,,
2012,rim_dfg_diff,0.0,1.0,,,,
2012,contested_2pt_75,0.0,1.0,,,,
2012,contested_3pt_75,0.0,1.0,,,,
2012,defl_75,0.0,1.0,,,,
2012,pf_nonoff_75,-0.22987235242821916,1.0,,,,
2012,charges_drawn_75,0.0,1.0,,,,
2012,height,0.22044970440937003,1.0,,,,
2012,age,0.06708319619582223,1.0,,,,
2012,wing_rel,0.04061555319217167,1.0,,,,
2012,other_fouls_drawn_75,0.08070998275764724,1.0,1.2971754236118622,3476.0,1.3013886580232115,0.40460985192577725
2013,rim_ast_m_75,0.4524400652017683,1.0,,,,
2013,rim_unast_m_75,0.5933794171669994,1.0,,,,
2013,rim_miss_75,-0.4641577826962093,1.0,,,,
2013,flt_ast_m_75,0.10708779904341827,1.0,,,,
2013,flt_unast_m_75,0.3160737301876252,1.0,,,,
2013,flt_miss_75,-0.31809294595875637,1.0,,,,
2013,mid_ast_m_75,0.44218107448681887,1.0,,,,
2013,mid_unast_m_75,0.40033004649648524,1.0,,,,
2013,mid_miss_75,-0.42010402292888516,1.0,,,,
2013,tp_ast_m_75,0.6973324624895555,1.0,,,,
2013,tp_unast_m_75,0.27635835702817396,1.0,,,,
2013,tp_miss_75,0.2698879757453718,1.0,,,,
2013,ftm_75,0.7050544670171579,1.0,,,,
2013,ft_miss_75,0.07412760547867843,1.0,,,,
2013,ast_rim_75,0.3975633382621635,1.0,,,,
2013,ast_mid2_75,0.04767331092190616,1.0,,,,
2013,ast_tp_75,0.09159953535687672,1.0,,,,
2013,tov_bp_75,-0.008706057223179199,1.0,,,,
2013,tov_lb_75,-0.13080890625029895,1.0,,,,
2013,tov_dead_75,-0.5455994506541756,1.0,,,,
2013,oreb_opp_rate,0.7016722757710265,1.0,,,,
2013,dreb_opp_rate,-0.12006658506752287,1.0,,,,
2013,off_boxout_75,0.0,1.0,,,,
2013,def_boxout_75,0.0,1.0,,,,
2013,stl_75,0.08864061714962024,1.0,,,,
2013,blk_75,-0.14134054827500697,1.0,,,,
2013,rim_dfg_diff,0.0,1.0,,,,
2013,contested_2pt_75,0.0,1.0,,,,
2013,contested_3pt_75,0.0,1.0,,,,
2013,defl_75,0.0,1.0,,,,
2013,pf_nonoff_75,-0.19682752865444983,1.0,,,,
2013,charges_drawn_75,0.0,1.0,,,,
2013,height,0.2603238335587597,1.0,,,,
2013,age,0.09358368698481297,1.0,,,,
2013,wing_rel,0.03808738847264419,1.0,,,,
2013,other_fouls_drawn_75,0.06972126495124259,1.0,1.300209912378629,3465.0,1.3051816421544025,0.4375401879383029
2014,rim_ast_m_75,0.43958556198146537,1.0,,,,
2014,rim_unast_m_75,0.6193260243276992,1.0,,,,
2014,rim_miss_75,-0.4888285835115029,1.0,,,,
2014,flt_ast_m_75,0.12939131527598868,1.0,,,,
2014,flt_unast_m_75,0.38056340556569385,1.0,,,,
2014,flt_miss_75,-0.4008501472450021,1.0,,,,
2014,mid_ast_m_75,0.42567942862766506,1.0,,,,
2014,mid_unast_m_75,0.4320385469524907,1.0,,,,
2014,mid_miss_75,-0.46383569575297995,1.0,,,,
2014,tp_ast_m_75,0.7549485488832289,1.0,,,,
2014,tp_unast_m_75,0.30443661453716137,1.0,,,,
2014,tp_miss_75,0.15716102264573245,1.0,,,,
2014,ftm_75,0.6852192626607048,1.0,,,,
2014,ft_miss_75,0.0483677681042577,1.0,,,,
2014,ast_rim_75,0.42031510167263314,1.0,,,,
2014,ast_mid2_75,0.010584412514460467,1.0,,,,
2014,ast_tp_75,0.07983012357099512,1.0,,,,
2014,tov_bp_75,-0.038508364890648114,1.0,,,,
2014,tov_lb_75,-0.14162891846542974,1.0,,,,
2014,tov_dead_75,-0.53177409017498,1.0,,,,
2014,oreb_opp_rate,0.6973126922323318,1.0,,,,
2014,dreb_opp_rate,-0.12823041278055447,1.0,,,,
2014,off_boxout_75,0.0,1.0,,,,
2014,def_boxout_75,0.0,1.0,,,,
2014,stl_75,0.11030417738565637,1.0,,,,
2014,blk_75,-0.1588966246218235,1.0,,,,
2014,rim_dfg_diff,0.03431230952504015,1.0,,,,
2014,contested_2pt_75,0.0,1.0,,,,
2014,contested_3pt_75,0.0,1.0,,,,
2014,defl_75,0.0,1.0,,,,
2014,pf_nonoff_75,-0.17857756081565287,1.0,,,,
2014,charges_drawn_75,0.0,1.0,,,,
2014,height,0.2561577034482831,1.0,,,,
2014,age,0.10422461238852715,1.0,,,,
2014,wing_rel,0.05456982230433476,1.0,,,,
2014,other_fouls_drawn_75,0.08402794850785948,1.0,1.298840697986948,3457.5,1.3050410041971734,0.4635421675007547
2015,rim_ast_m_75,0.415806669158798,1.0,,,,
2015,rim_unast_m_75,0.6333315145729306,1.0,,,,
2015,rim_miss_75,-0.47788553606522766,1.0,,,,
2015,flt_ast_m_75,0.12416566768615311,1.0,,,,
2015,flt_unast_m_75,0.377168622489502,1.0,,,,
2015,flt_miss_75,-0.38672860439908713,1.0,,,,
2015,mid_ast_m_75,0.3772898187163917,1.0,,,,
2015,mid_unast_m_75,0.46340949864207176,1.0,,,,
2015,mid_miss_75,-0.4641748676504405,1.0,,,,
2015,tp_ast_m_75,0.7231871987755925,1.0,,,,
2015,tp_unast_m_75,0.3149783265726998,1.0,,,,
2015,tp_miss_75,0.17738099434231985,1.0,,,,
2015,ftm_75,0.6334555922754099,1.0,,,,
2015,ft_miss_75,0.03435997818994061,1.0,,,,
2015,ast_rim_75,0.4724020509702127,1.0,,,,
2015,ast_mid2_75,-0.034533408390671094,1.0,,,,
2015,ast_tp_75,0.0722089594629861,1.0,,,,
2015,tov_bp_75,-0.09256298004146656,1.0,,,,
2015,tov_lb_75,-0.15537169811481374,1.0,,,,
2015,tov_dead_75,-0.49415715632046653,1.0,,,,
2015,oreb_opp_rate,0.6473418607692156,1.0,,,,
2015,dreb_opp_rate,-0.10710320356827055,1.0,,,,
2015,off_boxout_75,0.0,1.0,,,,
2015,def_boxout_75,0.0,1.0,,,,
2015,stl_75,0.10479060009394758,1.0,,,,
2015,blk_75,-0.16195283618884357,1.0,,,,
2015,rim_dfg_diff,0.021987847975292633,1.0,,,,
2015,contested_2pt_75,0.0,1.0,,,,
2015,contested_3pt_75,0.0,1.0,,,,
2015,defl_75,0.0,1.0,,,,
2015,pf_nonoff_75,-0.17237833102270048,1.0,,,,
2015,charges_drawn_75,0.0,1.0,,,,
2015,height,0.2659665621162344,1.0,,,,
2015,age,0.10946511482788235,1.0,,,,
2015,wing_rel,0.06539322845937243,1.0,,,,
2015,other_fouls_drawn_75,0.10183872586305909,1.0,1.2969029958227567,3456.0,1.3035711109533126,0.49423871912687406
2016,rim_ast_m_75,0.40965968984827555,1.0,,,,
2016,rim_unast_m_75,0.6645145817325653,1.0,,,,
2016,rim_miss_75,-0.5025097655672301,1.0,,,,
2016,flt_ast_m_75,0.1613272243974029,1.0,,,,
2016,flt_unast_m_75,0.35908266191119687,1.0,,,,
2016,flt_miss_75,-0.37689966567162314,1.0,,,,
2016,mid_ast_m_75,0.3821635662864601,1.0,,,,
2016,mid_unast_m_75,0.5476598070744085,1.0,,,,
2016,mid_miss_75,-0.5515221737531393,1.0,,,,
2016,tp_ast_m_75,0.7051733917708741,1.0,,,,
2016,tp_unast_m_75,0.3074155559906725,1.0,,,,
2016,tp_miss_75,0.20463143812127738,1.0,,,,
2016,ftm_75,0.6080220523893659,1.0,,,,
2016,ft_miss_75,-0.04172559999291387,1.0,,,,
2016,ast_rim_75,0.5022804110011864,1.0,,,,
2016,ast_mid2_75,-0.049913448435217105,1.0,,,,
2016,ast_tp_75,0.0717948383432966,1.0,,,,
2016,tov_bp_75,-0.11129045360963305,1.0,,,,
2016,tov_lb_75,-0.17190839612887565,1.0,,,,
2016,tov_dead_75,-0.44551778995800195,1.0,,,,
2016,oreb_opp_rate,0.6451878395640982,1.0,,,,
2016,dreb_opp_rate,-0.07289732696144945,1.0,,,,
2016,off_boxout_75,0.0,1.0,,,,
2016,def_boxout_75,0.0,1.0,,,,
2016,stl_75,0.12196284998111401,1.0,,,,
2016,blk_75,-0.1601120545052098,1.0,,,,
2016,rim_dfg_diff,0.003078204467484006,1.0,,,,
2016,contested_2pt_75,0.0,1.0,,,,
2016,contested_3pt_75,0.0,1.0,,,,
2016,defl_75,0.0,1.0,,,,
2016,pf_nonoff_75,-0.18263155774845727,1.0,,,,
2016,charges_drawn_75,0.0,1.0,,,,
2016,height,0.25732048401180535,1.0,,,,
2016,age,0.1210922464090264,1.0,,,,
2016,wing_rel,0.08680620966529445,1.0,,,,
2016,other_fouls_drawn_75,0.1327295262275764,1.0,1.274627496238897,3454.5,1.2813902786529754,0.4908528025498279
2017,rim_ast_m_75,0.4404873314487143,1.0,,,,
2017,rim_unast_m_75,0.6322824135969702,1.0,,,,
2017,rim_miss_75,-0.4836722383174617,1.0,,,,
2017,flt_ast_m_75,0.1588718160213936,1.0,,,,
2017,flt_unast_m_75,0.3033730544683794,1.0,,,,
2017,flt_miss_75,-0.31151502368862194,1.0,,,,
2017,mid_ast_m_75,0.37544063997277133,1.0,,,,
2017,mid_unast_m_75,0.5800607589329017,1.0,,,,
2017,mid_miss_75,-0.5771818268301734,1.0,,,,
2017,tp_ast_m_75,0.7415031186402357,1.0,,,,
2017,tp_unast_m_75,0.3224250859769845,1.0,,,,
2017,tp_miss_75,0.16081505360943898,1.0,,,,
2017,ftm_75,0.580180293281094,1.0,,,,
2017,ft_miss_75,-0.05901036143345098,1.0,,,,
2017,ast_rim_75,0.48756879336469366,1.0,,,,
2017,ast_mid2_75,-0.03824680658891724,1.0,,,,
2017,ast_tp_75,0.10093453048875164,1.0,,,,
2017,tov_bp_75,-0.06558982285752012,1.0,,,,
2017,tov_lb_75,-0.1828951052744998,1.0,,,,
2017,tov_dead_75,-0.4667696320251521,1.0,,,,
2017,oreb_opp_rate,0.6388840436904847,1.0,,,,
2017,dreb_opp_rate,-0.11018301109367908,1.0,,,,
2017,off_boxout_75,0.0,1.0,,,,
2017,def_boxout_75,0.0,1.0,,,,
2017,stl_75,0.11542370614423207,1.0,,,,
2017,blk_75,-0.14325905818715776,1.0,,,,
2017,rim_dfg_diff,0.014809096796443804,1.0,,,,
2017,contested_2pt_75,0.012291359221659116,1.0,,,,
2017,contested_3pt_75,0.04494327386140189,1.0,,,,
2017,defl_75,0.08664088237374838,1.0,,,,
2017,pf_nonoff_75,-0.16552589546187887,1.0,,,,
2017,charges_drawn_75,-0.013805736891566285,1.0,,,,
2017,height,0.25731205153323067,1.0,,,,
2017,age,0.11524112819961653,1.0,,,,
2017,wing_rel,0.089217285547273,1.0,,,,
2017,other_fouls_drawn_75,0.15094863246647022,1.0,1.2471294372789885,3429.5,1.2524178186533044,0.4865781608549398
2018,rim_ast_m_75,0.4114142586886643,1.0,,,,
2018,rim_unast_m_75,0.664566079300135,1.0,,,,
2018,rim_miss_75,-0.450603007945333,1.0,,,,
2018,flt_ast_m_75,0.19349188686341182,1.0,,,,
2018,flt_unast_m_75,0.3188606743396447,1.0,,,,
2018,flt_miss_75,-0.371920429882654,1.0,,,,
2018,mid_ast_m_75,0.3392888192098395,1.0,,,,
2018,mid_unast_m_75,0.5547110804418304,1.0,,,,
2018,mid_miss_75,-0.5466623065972718,1.0,,,,
2018,tp_ast_m_75,0.7676082618242587,1.0,,,,
2018,tp_unast_m_75,0.2859863047770261,1.0,,,,
2018,tp_miss_75,0.1351844421564281,1.0,,,,
2018,ftm_75,0.5871676135523105,1.0,,,,
2018,ft_miss_75,-0.055322788563533114,1.0,,,,
2018,ast_rim_75,0.46877369793778,1.0,,,,
2018,ast_mid2_75,-0.015683689228818864,1.0,,,,
2018,ast_tp_75,0.08421610682585397,1.0,,,,
2018,tov_bp_75,-0.03295830711199227,1.0,,,,
2018,tov_lb_75,-0.19868297738417212,1.0,,,,
2018,tov_dead_75,-0.4659067705471919,1.0,,,,
2018,oreb_opp_rate,0.5854369373039885,1.0,,,,
2018,dreb_opp_rate,-0.09989170177292607,1.0,,,,
2018,off_boxout_75,-0.04849580178081616,1.0,,,,
2018,def_boxout_75,0.02913535891859459,1.0,,,,
2018,stl_75,0.1009167619634441,1.0,,,,
2018,blk_75,-0.10694222857744766,1.0,,,,
2018,rim_dfg_diff,0.0013958213957033447,1.0,,,,
2018,contested_2pt_75,0.031263197290416087,1.0,,,,
2018,contested_3pt_75,0.03215372947909584,1.0,,,,
2018,defl_75,0.07516510411605719,1.0,,,,
2018,pf_nonoff_75,-0.14755213041209833,1.0,,,,
2018,charges_drawn_75,0.0024764044183718257,1.0,,,,
2018,height,0.22669456837898103,1.0,,,,
2018,age,0.1312800079421478,1.0,,,,
2018,wing_rel,0.09170517289237759,1.0,,,,
2018,other_fouls_drawn_75,0.14078358184568662,1.0,1.240520582785007,3416.0,1.2447088308558574,0.4865751403367939
2019,rim_ast_m_75,0.3603653622656388,1.0,,,,
2019,rim_unast_m_75,0.7224847869526134,1.0,,,,
2019,rim_miss_75,-0.5232301420383181,1.0,,,,
2019,flt_ast_m_75,0.23626226888649834,1.0,,,,
2019,flt_unast_m_75,0.2932493664701708,1.0,,,,
2019,flt_miss_75,-0.39736382047984753,1.0,,,,
2019,mid_ast_m_75,0.28457146076150397,1.0,,,,
2019,mid_unast_m_75,0.43738823404176225,1.0,,,,
2019,mid_miss_75,-0.4737285479643942,1.0,,,,
2019,tp_ast_m_75,0.798835985842388,1.0,,,,
2019,tp_unast_m_75,0.2856394194860339,1.0,,,,
2019,tp_miss_75,0.048131879307444475,1.0,,,,
2019,ftm_75,0.6098210915844414,1.0,,,,
2019,ft_miss_75,-0.03268523437565017,1.0,,,,
2019,ast_rim_75,0.4290660091864594,1.0,,,,
2019,ast_mid2_75,0.020733713130142967,1.0,,,,
2019,ast_tp_75,0.10298921257730616,1.0,,,,
2019,tov_bp_75,-0.018789882052088352,1.0,,,,
2019,tov_lb_75,-0.183465634077357,1.0,,,,
2019,tov_dead_75,-0.4614600659170232,1.0,,,,
2019,oreb_opp_rate,0.5775845509223293,1.0,,,,
2019,dreb_opp_rate,-0.12238238272614749,1.0,,,,
2019,off_boxout_75,-0.029812106818735522,1.0,,,,
2019,def_boxout_75,-0.021335204957021535,1.0,,,,
2019,stl_75,0.11898500472656717,1.0,,,,
2019,blk_75,-0.0953055625120908,1.0,,,,
2019,rim_dfg_diff,0.0033213828115875002,1.0,,,,
2019,contested_2pt_75,0.02700396093132107,1.0,,,,
2019,contested_3pt_75,0.01069033056192771,1.0,,,,
2019,defl_75,0.061056233168764774,1.0,,,,
2019,pf_nonoff_75,-0.15211034124800482,1.0,,,,
2019,charges_drawn_75,0.020668166318450608,1.0,,,,
2019,height,0.199000997946457,1.0,,,,
2019,age,0.1374802184143522,1.0,,,,
2019,wing_rel,0.08788594817984662,1.0,,,,
2019,other_fouls_drawn_75,0.13376021372822303,1.0,1.2337219621072006,3401.0,1.237454297694297,0.48881175391783427
2020,rim_ast_m_75,0.34537926763107424,1.0,,,,
2020,rim_unast_m_75,0.7146267183119822,1.0,,,,
2020,rim_miss_75,-0.5241410217161119,1.0,,,,
2020,flt_ast_m_75,0.1976656911277611,1.0,,,,
2020,flt_unast_m_75,0.2444006916207208,1.0,,,,
2020,flt_miss_75,-0.33451429241751546,1.0,,,,
2020,mid_ast_m_75,0.2544747526935493,1.0,,,,
2020,mid_unast_m_75,0.3845381891774509,1.0,,,,
2020,mid_miss_75,-0.4289325666759669,1.0,,,,
2020,tp_ast_m_75,0.6763053155260694,1.0,,,,
2020,tp_unast_m_75,0.2703989151584887,1.0,,,,
2020,tp_miss_75,0.17843171760273582,1.0,,,,
2020,ftm_75,0.5783750785351477,1.0,,,,
2020,ft_miss_75,-0.029661924159031846,1.0,,,,
2020,ast_rim_75,0.4444249087974636,1.0,,,,
2020,ast_mid2_75,-0.00047848624317567407,1.0,,,,
2020,ast_tp_75,0.1287918952707838,1.0,,,,
2020,tov_bp_75,-0.0547446239936251,1.0,,,,
2020,tov_lb_75,-0.21456494161346354,1.0,,,,
2020,tov_dead_75,-0.4210183420225491,1.0,,,,
2020,oreb_opp_rate,0.5767030234410525,1.0,,,,
2020,dreb_opp_rate,-0.08897862583612282,1.0,,,,
2020,off_boxout_75,-0.030040848472870346,1.0,,,,
2020,def_boxout_75,-0.036572671463745265,1.0,,,,
2020,stl_75,0.1438356516534098,1.0,,,,
2020,blk_75,-0.08027622927105518,1.0,,,,
2020,rim_dfg_diff,0.010207024923700935,1.0,,,,
2020,contested_2pt_75,0.017213942849618236,1.0,,,,
2020,contested_3pt_75,0.017018539393142587,1.0,,,,
2020,defl_75,0.05200221972408069,1.0,,,,
2020,pf_nonoff_75,-0.18757850825046882,1.0,,,,
2020,charges_drawn_75,0.013726940413172696,1.0,,,,
2020,height,0.15797531824427127,1.0,,,,
2020,age,0.14893036046261038,1.0,,,,
2020,wing_rel,0.04616331137754425,1.0,,,,
2020,other_fouls_drawn_75,0.14737994639586305,1.0,1.2267094318787366,3334.0,1.2291488354822613,0.4927922694487663
2021,rim_ast_m_75,0.3657740171923777,1.0,,,,
2021,rim_unast_m_75,0.796637438527911,1.0,,,,
2021,rim_miss_75,-0.5423906542489424,1.0,,,,
2021,flt_ast_m_75,0.166442734814008,1.0,,,,
2021,flt_unast_m_75,0.23204865695605648,1.0,,,,
2021,flt_miss_75,-0.35634146544858825,1.0,,,,
2021,mid_ast_m_75,0.2333143527453045,1.0,,,,
2021,mid_unast_m_75,0.33470023419994915,1.0,,,,
2021,mid_miss_75,-0.3846582790618383,1.0,,,,
2021,tp_ast_m_75,0.6361999453710266,1.0,,,,
2021,tp_unast_m_75,0.2801681294569192,1.0,,,,
2021,tp_miss_75,0.15742592675710176,1.0,,,,
2021,ftm_75,0.5807938746555817,1.0,,,,
2021,ft_miss_75,-0.056305131979650064,1.0,,,,
2021,ast_rim_75,0.44449860656437695,1.0,,,,
2021,ast_mid2_75,-0.012081749064652729,1.0,,,,
2021,ast_tp_75,0.07210248999247552,1.0,,,,
2021,tov_bp_75,-0.018891066151664172,1.0,,,,
2021,tov_lb_75,-0.2551434793300452,1.0,,,,
2021,tov_dead_75,-0.3973327972328649,1.0,,,,
2021,oreb_opp_rate,0.5464116517466183,1.0,,,,
2021,dreb_opp_rate,-0.06757484018960436,1.0,,,,
2021,off_boxout_75,-0.04819148231779511,1.0,,,,
2021,def_boxout_75,-0.01132165040396401,1.0,,,,
2021,stl_75,0.13287657253897117,1.0,,,,
2021,blk_75,-0.06709513952167052,1.0,,,,
2021,rim_dfg_diff,-0.006296805204109459,1.0,,,,
2021,contested_2pt_75,0.022495104324785898,1.0,,,,
2021,contested_3pt_75,0.03894086258289135,1.0,,,,
2021,defl_75,0.03935674915017412,1.0,,,,
2021,pf_nonoff_75,-0.19287538791105033,1.0,,,,
2021,charges_drawn_75,0.02511474226802913,1.0,,,,
2021,height,0.10260303560306769,1.0,,,,
2021,age,0.15406674186578107,1.0,,,,
2021,wing_rel,0.002157001173108902,1.0,,,,
2021,other_fouls_drawn_75,0.16437589955591178,1.0,1.2078963011481705,3220.0,1.208600612590249,0.4967865219282367
2022,rim_ast_m_75,0.3541889812630077,1.0,,,,
2022,rim_unast_m_75,0.7735426638681638,1.0,,,,
2022,rim_miss_75,-0.4628902032852813,1.0,,,,
2022,flt_ast_m_75,0.1498745440821307,1.0,,,,
2022,flt_unast_m_75,0.2317498616522984,1.0,,,,
2022,flt_miss_75,-0.3633353046242582,1.0,,,,
2022,mid_ast_m_75,0.2105434796302099,1.0,,,,
2022,mid_unast_m_75,0.36073465943096367,1.0,,,,
2022,mid_miss_75,-0.41043570896172493,1.0,,,,
2022,tp_ast_m_75,0.6705401480489276,1.0,,,,
2022,tp_unast_m_75,0.3305048865966297,1.0,,,,
2022,tp_miss_75,0.054414757507152675,1.0,,,,
2022,ftm_75,0.6206804538174343,1.0,,,,
2022,ft_miss_75,-0.11077485545313734,1.0,,,,
2022,ast_rim_75,0.42014464642369354,1.0,,,,
2022,ast_mid2_75,-0.016806731743573687,1.0,,,,
2022,ast_tp_75,0.05584446381995952,1.0,,,,
2022,tov_bp_75,0.015402581763839504,1.0,,,,
2022,tov_lb_75,-0.279892415049295,1.0,,,,
2022,tov_dead_75,-0.365459951112715,1.0,,,,
2022,oreb_opp_rate,0.526510349640658,1.0,,,,
2022,dreb_opp_rate,-0.0805340958181036,1.0,,,,
2022,off_boxout_75,-0.07593310816767826,1.0,,,,
2022,def_boxout_75,0.017547747128273034,1.0,,,,
2022,stl_75,0.13839912789662667,1.0,,,,
2022,blk_75,-0.042620362758269005,1.0,,,,
2022,rim_dfg_diff,-0.0038184839598373855,1.0,,,,
2022,contested_2pt_75,0.03106543965245319,1.0,,,,
2022,contested_3pt_75,0.04668533336550001,1.0,,,,
2022,defl_75,0.02599415025455797,1.0,,,,
2022,pf_nonoff_75,-0.1997178170104123,1.0,,,,
2022,charges_drawn_75,0.034988674150323966,1.0,,,,
2022,height,0.09844215350945246,1.0,,,,
2022,age,0.16080431383749377,1.0,,,,
2022,wing_rel,-0.036103318288639635,1.0,,,,
2022,other_fouls_drawn_75,0.14639270957764344,1.0,1.194809765400377,3251.0,1.1960617534685696,0.4948531206478716
2023,rim_ast_m_75,0.3223798159631657,1.0,,,,
2023,rim_unast_m_75,0.792692268982983,1.0,,,,
2023,rim_miss_75,-0.4268957730939905,1.0,,,,
2023,flt_ast_m_75,0.11553489408459519,1.0,,,,
2023,flt_unast_m_75,0.19735128676908115,1.0,,,,
2023,flt_miss_75,-0.3219259829480936,1.0,,,,
2023,mid_ast_m_75,0.19790427316606934,1.0,,,,
2023,mid_unast_m_75,0.3611954997049405,1.0,,,,
2023,mid_miss_75,-0.4102109771918193,1.0,,,,
2023,tp_ast_m_75,0.7020213369249828,1.0,,,,
2023,tp_unast_m_75,0.34707856071903365,1.0,,,,
2023,tp_miss_75,0.010501590239833271,1.0,,,,
2023,ftm_75,0.6092834384313464,1.0,,,,
2023,ft_miss_75,-0.13701954889215323,1.0,,,,
2023,ast_rim_75,0.38207848847931436,1.0,,,,
2023,ast_mid2_75,-0.0067016032619247245,1.0,,,,
2023,ast_tp_75,0.05530521939071003,1.0,,,,
2023,tov_bp_75,0.06056058242176125,1.0,,,,
2023,tov_lb_75,-0.3041741705145247,1.0,,,,
2023,tov_dead_75,-0.35601252422262897,1.0,,,,
2023,oreb_opp_rate,0.5600703809599792,1.0,,,,
2023,dreb_opp_rate,-0.07147699631780596,1.0,,,,
2023,off_boxout_75,-0.09188144141781843,1.0,,,,
2023,def_boxout_75,0.02771231698742347,1.0,,,,
2023,stl_75,0.15980029507714388,1.0,,,,
2023,blk_75,-0.021218533832253715,1.0,,,,
2023,rim_dfg_diff,-0.006015834062763287,1.0,,,,
2023,contested_2pt_75,0.017228131227002612,1.0,,,,
2023,contested_3pt_75,0.07631061279958425,1.0,,,,
2023,defl_75,-0.004036204843469422,1.0,,,,
2023,pf_nonoff_75,-0.1927155571484057,1.0,,,,
2023,charges_drawn_75,0.04695557854232802,1.0,,,,
2023,height,0.10256295019507397,1.0,,,,
2023,age,0.1573407439474716,1.0,,,,
2023,wing_rel,-0.06247754685220718,1.0,,,,
2023,other_fouls_drawn_75,0.15882558038327996,1.0,1.1653239007264289,3245.5,1.1661891430653688,0.49237022153767285
2024,rim_ast_m_75,0.2927978828931701,1.0,,,,
2024,rim_unast_m_75,0.811126505653234,1.0,,,,
2024,rim_miss_75,-0.3848743528063378,1.0,,,,
2024,flt_ast_m_75,0.11208833896458004,1.0,,,,
2024,flt_unast_m_75,0.19310185728656476,1.0,,,,
2024,flt_miss_75,-0.3619792253444671,1.0,,,,
2024,mid_ast_m_75,0.20093395488749777,1.0,,,,
2024,mid_unast_m_75,0.38326339497982687,1.0,,,,
2024,mid_miss_75,-0.45696982780928863,1.0,,,,
2024,tp_ast_m_75,0.6106080645399733,1.0,,,,
2024,tp_unast_m_75,0.31047567572591334,1.0,,,,
2024,tp_miss_75,0.08381132188276323,1.0,,,,
2024,ftm_75,0.6143515822806369,1.0,,,,
2024,ft_miss_75,-0.16173543766264462,1.0,,,,
2024,ast_rim_75,0.3686155767560662,1.0,,,,
2024,ast_mid2_75,-0.014997756764059534,1.0,,,,
2024,ast_tp_75,0.07036664466110532,1.0,,,,
2024,tov_bp_75,0.03398669258513839,1.0,,,,
2024,tov_lb_75,-0.29350177665142063,1.0,,,,
2024,tov_dead_75,-0.3150602240289277,1.0,,,,
2024,oreb_opp_rate,0.5387364645954604,1.0,,,,
2024,dreb_opp_rate,-0.03911000509464042,1.0,,,,
2024,off_boxout_75,-0.1053003713874682,1.0,,,,
2024,def_boxout_75,0.027830195161169073,1.0,,,,
2024,stl_75,0.15493704037178985,1.0,,,,
2024,blk_75,0.0006297375547609031,1.0,,,,
2024,rim_dfg_diff,-0.01020125050019838,1.0,,,,
2024,contested_2pt_75,0.012159828606825275,1.0,,,,
2024,contested_3pt_75,0.10509229384317396,1.0,,,,
2024,defl_75,-0.01135863758499689,1.0,,,,
2024,pf_nonoff_75,-0.2002183653529244,1.0,,,,
2024,charges_drawn_75,0.04941354889508369,1.0,,,,
2024,height,0.08412251076298487,1.0,,,,
2024,age,0.17401948598635933,1.0,,,,
2024,wing_rel,-0.1099774332912257,1.0,,,,
2024,other_fouls_drawn_75,0.17338612152507726,1.0,1.1282280990403184,3251.0,1.1278808362092887,0.49126893467053767
2025,rim_ast_m_75,0.2935130550123157,1.0,,,,
2025,rim_unast_m_75,0.8143227999932033,1.0,,,,
2025,rim_miss_75,-0.38959408596605105,1.0,,,,
2025,flt_ast_m_75,0.13100611728114875,1.0,,,,
2025,flt_unast_m_75,0.23002969266005996,1.0,,,,
2025,flt_miss_75,-0.40349707423023945,1.0,,,,
2025,mid_ast_m_75,0.17821414283696813,1.0,,,,
2025,mid_unast_m_75,0.36415233110158873,1.0,,,,
2025,mid_miss_75,-0.433147340299884,1.0,,,,
2025,tp_ast_m_75,0.6220308750656037,1.0,,,,
2025,tp_unast_m_75,0.3484754585120715,1.0,,,,
2025,tp_miss_75,0.008586969934239698,1.0,,,,
2025,ftm_75,0.6463579385515706,1.0,,,,
2025,ft_miss_75,-0.19026525623993942,1.0,,,,
2025,ast_rim_75,0.4158531455637099,1.0,,,,
2025,ast_mid2_75,-0.017132524871627426,1.0,,,,
2025,ast_tp_75,0.03809008906689181,1.0,,,,
2025,tov_bp_75,-0.02852504808318446,1.0,,,,
2025,tov_lb_75,-0.30902648537672206,1.0,,,,
2025,tov_dead_75,-0.26232224662654574,1.0,,,,
2025,oreb_opp_rate,0.5641363049506068,1.0,,,,
2025,dreb_opp_rate,-0.01852066082416547,1.0,,,,
2025,off_boxout_75,-0.13554728089118737,1.0,,,,
2025,def_boxout_75,0.04647802881896871,1.0,,,,
2025,stl_75,0.12166757224671128,1.0,,,,
2025,blk_75,0.00454552916575538,1.0,,,,
2025,rim_dfg_diff,0.012183708777753419,1.0,,,,
2025,contested_2pt_75,-0.04399925980163946,1.0,,,,
2025,contested_3pt_75,0.14117574938441055,1.0,,,,
2025,defl_75,0.024277112151274777,1.0,,,,
2025,pf_nonoff_75,-0.1824164757977853,1.0,,,,
2025,charges_drawn_75,0.04039262415081818,1.0,,,,
2025,height,0.05005406976098158,1.0,,,,
2025,age,0.19468448719302156,1.0,,,,
2025,wing_rel,-0.13808396209425106,1.0,,,,
2025,other_fouls_drawn_75,0.1852302004606157,1.0,1.1003474891807208,3204.0,1.1020537418491734,0.4862626489965216
