prediction_season,feature,coef_per_training_sd,alpha
2004,rim_ast_m_75,0.432959030893632,10.0
2004,rim_unast_m_75,0.5260258184198664,10.0
2004,rim_miss_75,-0.5204575358076633,10.0
2004,flt_ast_m_75,0.13758291542705345,10.0
2004,flt_unast_m_75,0.22481809809542982,10.0
2004,flt_miss_75,-0.3467937791201393,10.0
2004,mid_ast_m_75,0.34442381609173195,10.0
2004,mid_unast_m_75,0.35057273495800384,10.0
2004,mid_miss_75,-0.2752267538999059,10.0
2004,tp_ast_m_75,0.47089982582086626,10.0
2004,tp_unast_m_75,0.08997192672909088,10.0
2004,tp_miss_75,0.4155353477606099,10.0
2004,ftm_75,0.6945392370776425,10.0
2004,ft_miss_75,0.005837842134579432,10.0
2004,ast_rim_75,0.44800300324959064,10.0
2004,ast_mid2_75,0.14977158570145457,10.0
2004,ast_tp_75,0.12198997266030993,10.0
2004,tov_bp_75,-0.2226966442458749,10.0
2004,tov_lb_75,-0.3004167417196811,10.0
2004,tov_dead_75,-0.2886819807390468,10.0
2004,oreb_opp_rate,0.5757238501875994,10.0
2004,dreb_opp_rate,0.03147481185968919,10.0
2004,off_boxout_75,0.0,10.0
2004,def_boxout_75,0.0,10.0
2004,stl_75,0.06189862572774513,10.0
2004,blk_75,-0.009596851714135846,10.0
2004,rim_dfg_diff,0.0,10.0
2004,contested_2pt_75,0.0,10.0
2004,contested_3pt_75,0.0,10.0
2004,defl_75,0.0,10.0
2004,pf_nonoff_75,-0.28427940297680526,10.0
2004,charges_drawn_75,0.0,10.0
2004,height,0.0984379409943682,10.0
2004,age,-0.0036050660241089263,10.0
2004,wing_rel,0.044440190788339676,10.0
2004,residual__usg,-0.0686573796159248,10.0
2004,residual__ast_pct,0.024881351282498014,10.0
2004,residual__mpg,0.0695618803141587,10.0
2004,residual__ts,-0.12172764412176296,10.0
2004,residual__efg,0.10123734965064905,10.0
2004,residual__fg3_rate,0.0022167974138592676,10.0
2004,residual__pct_unassisted,-0.010350713158770992,10.0
2004,residual__fouls_drawn_75,0.0275557032558465,10.0
2004,residual__blocked_75,-0.08745141807258097,10.0
2005,rim_ast_m_75,0.44327567304514615,10.0
2005,rim_unast_m_75,0.5621256836641544,10.0
2005,rim_miss_75,-0.5306769506682564,10.0
2005,flt_ast_m_75,0.14297351874317696,10.0
2005,flt_unast_m_75,0.22122188456017938,10.0
2005,flt_miss_75,-0.34004254278538826,10.0
2005,mid_ast_m_75,0.3889287729514578,10.0
2005,mid_unast_m_75,0.3809285350486449,10.0
2005,mid_miss_75,-0.3311883180651639,10.0
2005,tp_ast_m_75,0.49676422389630676,10.0
2005,tp_unast_m_75,0.08199167659937416,10.0
2005,tp_miss_75,0.4177001238217198,10.0
2005,ftm_75,0.6999458033232414,10.0
2005,ft_miss_75,0.008001187813728633,10.0
2005,ast_rim_75,0.43941568251215424,10.0
2005,ast_mid2_75,0.12903384002830226,10.0
2005,ast_tp_75,0.14604278904572213,10.0
2005,tov_bp_75,-0.21236282748948926,10.0
2005,tov_lb_75,-0.28146842892666424,10.0
2005,tov_dead_75,-0.3336728234422517,10.0
2005,oreb_opp_rate,0.5841514943049183,10.0
2005,dreb_opp_rate,0.019003870546483066,10.0
2005,off_boxout_75,0.0,10.0
2005,def_boxout_75,0.0,10.0
2005,stl_75,0.06189969204958028,10.0
2005,blk_75,-0.030668665597998263,10.0
2005,rim_dfg_diff,0.0,10.0
2005,contested_2pt_75,0.0,10.0
2005,contested_3pt_75,0.0,10.0
2005,defl_75,0.0,10.0
2005,pf_nonoff_75,-0.2738269451624824,10.0
2005,charges_drawn_75,0.0,10.0
2005,height,0.10815486714870765,10.0
2005,age,-0.003181499010368862,10.0
2005,wing_rel,0.039029996617516285,10.0
2005,residual__usg,-0.0829460042919893,10.0
2005,residual__ast_pct,0.04258253322809956,10.0
2005,residual__mpg,0.07124143876886492,10.0
2005,residual__ts,-0.064133905596354,10.0
2005,residual__efg,0.03541322305423927,10.0
2005,residual__fg3_rate,0.01607927448291695,10.0
2005,residual__pct_unassisted,-0.006746986273882935,10.0
2005,residual__fouls_drawn_75,0.031666518297772846,10.0
2005,residual__blocked_75,-0.0758197978256613,10.0
2006,rim_ast_m_75,0.464173668189205,10.0
2006,rim_unast_m_75,0.5605634773157734,10.0
2006,rim_miss_75,-0.5192036398882576,10.0
2006,flt_ast_m_75,0.11724187759473312,10.0
2006,flt_unast_m_75,0.21175872924163072,10.0
2006,flt_miss_75,-0.31501291783157864,10.0
2006,mid_ast_m_75,0.40302397352650465,10.0
2006,mid_unast_m_75,0.383746948295857,10.0
2006,mid_miss_75,-0.33178742731300587,10.0
2006,tp_ast_m_75,0.5345758588749521,10.0
2006,tp_unast_m_75,0.08682828810026126,10.0
2006,tp_miss_75,0.4056173130908044,10.0
2006,ftm_75,0.6729920493050805,10.0
2006,ft_miss_75,0.030907456665493604,10.0
2006,ast_rim_75,0.4210325072207078,10.0
2006,ast_mid2_75,0.10551606223569564,10.0
2006,ast_tp_75,0.15806119830842505,10.0
2006,tov_bp_75,-0.18968090440807997,10.0
2006,tov_lb_75,-0.25720967438835834,10.0
2006,tov_dead_75,-0.3594975960665129,10.0
2006,oreb_opp_rate,0.5899375926702464,10.0
2006,dreb_opp_rate,0.009859358336408669,10.0
2006,off_boxout_75,0.0,10.0
2006,def_boxout_75,0.0,10.0
2006,stl_75,0.06358849997187185,10.0
2006,blk_75,-0.029483870444188563,10.0
2006,rim_dfg_diff,0.0,10.0
2006,contested_2pt_75,0.0,10.0
2006,contested_3pt_75,0.0,10.0
2006,defl_75,0.0,10.0
2006,pf_nonoff_75,-0.28349340465589434,10.0
2006,charges_drawn_75,0.0,10.0
2006,height,0.10882679718429067,10.0
2006,age,0.0018393375815079287,10.0
2006,wing_rel,0.05161805220962301,10.0
2006,residual__usg,-0.08572006498585202,10.0
2006,residual__ast_pct,0.04783348058669788,10.0
2006,residual__mpg,0.07568287697261053,10.0
2006,residual__ts,-0.01949475770875838,10.0
2006,residual__efg,-0.004494309432031486,10.0
2006,residual__fg3_rate,0.024905632186410714,10.0
2006,residual__pct_unassisted,-0.013844287617353165,10.0
2006,residual__fouls_drawn_75,-0.0033902118976542506,10.0
2006,residual__blocked_75,-0.06345887458302445,10.0
2007,rim_ast_m_75,0.41942144007027055,10.0
2007,rim_unast_m_75,0.5691968904303131,10.0
2007,rim_miss_75,-0.4444381444362542,10.0
2007,flt_ast_m_75,0.13713619751218709,10.0
2007,flt_unast_m_75,0.2466067077646559,10.0
2007,flt_miss_75,-0.34785569461244153,10.0
2007,mid_ast_m_75,0.45642499772663775,10.0
2007,mid_unast_m_75,0.3973998024686874,10.0
2007,mid_miss_75,-0.42189200926825865,10.0
2007,tp_ast_m_75,0.5350739478300013,10.0
2007,tp_unast_m_75,0.11665601416002941,10.0
2007,tp_miss_75,0.3709758205105514,10.0
2007,ftm_75,0.7073100482617073,10.0
2007,ft_miss_75,0.0404391726914617,10.0
2007,ast_rim_75,0.42992734678667355,10.0
2007,ast_mid2_75,0.04958328327044266,10.0
2007,ast_tp_75,0.15314047799181882,10.0
2007,tov_bp_75,-0.17124090213683932,10.0
2007,tov_lb_75,-0.24133171351575194,10.0
2007,tov_dead_75,-0.4054743603955849,10.0
2007,oreb_opp_rate,0.5593955663816349,10.0
2007,dreb_opp_rate,0.01857891154825414,10.0
2007,off_boxout_75,0.0,10.0
2007,def_boxout_75,0.0,10.0
2007,stl_75,0.1009973920615746,10.0
2007,blk_75,-0.05545958756458702,10.0
2007,rim_dfg_diff,0.0,10.0
2007,contested_2pt_75,0.0,10.0
2007,contested_3pt_75,0.0,10.0
2007,defl_75,0.0,10.0
2007,pf_nonoff_75,-0.30562617145859144,10.0
2007,charges_drawn_75,0.0,10.0
2007,height,0.1363565807499819,10.0
2007,age,0.033488022073157805,10.0
2007,wing_rel,0.03545050567400933,10.0
2007,residual__usg,-0.13008542925803332,10.0
2007,residual__ast_pct,0.06682022960869186,10.0
2007,residual__mpg,0.08299448231492208,10.0
2007,residual__ts,-0.015884758471712623,10.0
2007,residual__efg,-0.02165672028932486,10.0
2007,residual__fg3_rate,0.030421086182847692,10.0
2007,residual__pct_unassisted,-0.0209775422322348,10.0
2007,residual__fouls_drawn_75,-0.020980176929507127,10.0
2007,residual__blocked_75,-0.04463342471778972,10.0
2008,rim_ast_m_75,0.440972174322813,10.0
2008,rim_unast_m_75,0.530283518831325,10.0
2008,rim_miss_75,-0.47879580966625535,10.0
2008,flt_ast_m_75,0.0961270144441948,10.0
2008,flt_unast_m_75,0.3195437968087356,10.0
2008,flt_miss_75,-0.3220159424065512,10.0
2008,mid_ast_m_75,0.4751843324341074,10.0
2008,mid_unast_m_75,0.3611875241923955,10.0
2008,mid_miss_75,-0.43826749814897953,10.0
2008,tp_ast_m_75,0.6196145696505093,10.0
2008,tp_unast_m_75,0.19074133916845973,10.0
2008,tp_miss_75,0.29389235178190626,10.0
2008,ftm_75,0.7354300699960814,10.0
2008,ft_miss_75,0.04038387150280914,10.0
2008,ast_rim_75,0.37564161283276043,10.0
2008,ast_mid2_75,0.058218680483389885,10.0
2008,ast_tp_75,0.12744540435134877,10.0
2008,tov_bp_75,-0.06254931502741165,10.0
2008,tov_lb_75,-0.2022623407308105,10.0
2008,tov_dead_75,-0.43673112793807156,10.0
2008,oreb_opp_rate,0.6528551044537189,10.0
2008,dreb_opp_rate,-0.02457312011503703,10.0
2008,off_boxout_75,0.0,10.0
2008,def_boxout_75,0.0,10.0
2008,stl_75,0.10327745001714776,10.0
2008,blk_75,-0.08879160834036993,10.0
2008,rim_dfg_diff,0.0,10.0
2008,contested_2pt_75,0.0,10.0
2008,contested_3pt_75,0.0,10.0
2008,defl_75,0.0,10.0
2008,pf_nonoff_75,-0.2863396457158031,10.0
2008,charges_drawn_75,0.0,10.0
2008,height,0.1534262438240537,10.0
2008,age,0.03668356742343789,10.0
2008,wing_rel,0.01199400015401514,10.0
2008,residual__usg,-0.1288714509322576,10.0
2008,residual__ast_pct,0.09088172020759883,10.0
2008,residual__mpg,0.073060431868669,10.0
2008,residual__ts,-0.014270342537319455,10.0
2008,residual__efg,-0.018679499371490722,10.0
2008,residual__fg3_rate,0.041963486969094264,10.0
2008,residual__pct_unassisted,-0.019812572156448955,10.0
2008,residual__fouls_drawn_75,-0.03825836876833545,10.0
2008,residual__blocked_75,-0.07500417336856001,10.0
2009,rim_ast_m_75,0.4334221331500014,10.0
2009,rim_unast_m_75,0.5307130571990893,10.0
2009,rim_miss_75,-0.4817390133707603,10.0
2009,flt_ast_m_75,0.07446919516588317,10.0
2009,flt_unast_m_75,0.2891978979138754,10.0
2009,flt_miss_75,-0.23402725861122742,10.0
2009,mid_ast_m_75,0.49966378344795537,10.0
2009,mid_unast_m_75,0.3975328088104891,10.0
2009,mid_miss_75,-0.4753730693987606,10.0
2009,tp_ast_m_75,0.603987651483324,10.0
2009,tp_unast_m_75,0.23054275864820403,10.0
2009,tp_miss_75,0.31108793773436677,10.0
2009,ftm_75,0.7163918236154184,10.0
2009,ft_miss_75,0.047868590325205546,10.0
2009,ast_rim_75,0.3631021915112518,10.0
2009,ast_mid2_75,0.06961483635709627,10.0
2009,ast_tp_75,0.08792603801156797,10.0
2009,tov_bp_75,-0.022416007888942775,10.0
2009,tov_lb_75,-0.19766180080116558,10.0
2009,tov_dead_75,-0.44933238143222026,10.0
2009,oreb_opp_rate,0.6676324571014889,10.0
2009,dreb_opp_rate,-0.03163176325328735,10.0
2009,off_boxout_75,0.0,10.0
2009,def_boxout_75,0.0,10.0
2009,stl_75,0.09778971377059704,10.0
2009,blk_75,-0.11338604964355035,10.0
2009,rim_dfg_diff,0.0,10.0
2009,contested_2pt_75,0.0,10.0
2009,contested_3pt_75,0.0,10.0
2009,defl_75,0.0,10.0
2009,pf_nonoff_75,-0.27175943043259293,10.0
2009,charges_drawn_75,0.0,10.0
2009,height,0.17496702836199765,10.0
2009,age,0.030032615997852865,10.0
2009,wing_rel,-0.027436613961544714,10.0
2009,residual__usg,-0.11551815718515927,10.0
2009,residual__ast_pct,0.11934961611151511,10.0
2009,residual__mpg,0.06842845246778693,10.0
2009,residual__ts,0.0021807642264230613,10.0
2009,residual__efg,-0.02264386449075734,10.0
2009,residual__fg3_rate,0.046014191298864804,10.0
2009,residual__pct_unassisted,-0.026031289081840648,10.0
2009,residual__fouls_drawn_75,-0.0652114705933562,10.0
2009,residual__blocked_75,-0.06469552746088808,10.0
2010,rim_ast_m_75,0.43190583370025293,10.0
2010,rim_unast_m_75,0.5147619669888711,10.0
2010,rim_miss_75,-0.45042426663192037,10.0
2010,flt_ast_m_75,0.10514611786604641,10.0
2010,flt_unast_m_75,0.2703213136398207,10.0
2010,flt_miss_75,-0.23159579341709077,10.0
2010,mid_ast_m_75,0.5149770520403021,10.0
2010,mid_unast_m_75,0.4312979341397629,10.0
2010,mid_miss_75,-0.5358014901388793,10.0
2010,tp_ast_m_75,0.5772403603407927,10.0
2010,tp_unast_m_75,0.21968245065562303,10.0
2010,tp_miss_75,0.3777603678921555,10.0
2010,ftm_75,0.7312975696148083,10.0
2010,ft_miss_75,0.042358105219103714,10.0
2010,ast_rim_75,0.3520041353849562,10.0
2010,ast_mid2_75,0.06791361453295935,10.0
2010,ast_tp_75,0.10111450202873902,10.0
2010,tov_bp_75,0.016044119605654075,10.0
2010,tov_lb_75,-0.14184395946151396,10.0
2010,tov_dead_75,-0.49027375596434797,10.0
2010,oreb_opp_rate,0.706021301724213,10.0
2010,dreb_opp_rate,-0.08033465641975923,10.0
2010,off_boxout_75,0.0,10.0
2010,def_boxout_75,0.0,10.0
2010,stl_75,0.09205901806963292,10.0
2010,blk_75,-0.10420912558366198,10.0
2010,rim_dfg_diff,0.0,10.0
2010,contested_2pt_75,0.0,10.0
2010,contested_3pt_75,0.0,10.0
2010,defl_75,0.0,10.0
2010,pf_nonoff_75,-0.2571181451287932,10.0
2010,charges_drawn_75,0.0,10.0
2010,height,0.18963863716848134,10.0
2010,age,0.03258288866681099,10.0
2010,wing_rel,0.0006183763949236632,10.0
2010,residual__usg,-0.1092105987700998,10.0
2010,residual__ast_pct,0.14766310432742447,10.0
2010,residual__mpg,0.07819576273834743,10.0
2010,residual__ts,0.06513113480013713,10.0
2010,residual__efg,-0.08287178353182413,10.0
2010,residual__fg3_rate,0.052049472780339605,10.0
2010,residual__pct_unassisted,-0.029374985234873193,10.0
2010,residual__fouls_drawn_75,-0.06633441726730162,10.0
2010,residual__blocked_75,-0.060593823471467606,10.0
2011,rim_ast_m_75,0.4413557568409312,10.0
2011,rim_unast_m_75,0.501903463374591,10.0
2011,rim_miss_75,-0.4083424624607348,10.0
2011,flt_ast_m_75,0.12729353821620895,10.0
2011,flt_unast_m_75,0.29850917075189853,10.0
2011,flt_miss_75,-0.2950011206888687,10.0
2011,mid_ast_m_75,0.4894394180547934,10.0
2011,mid_unast_m_75,0.43467828537665876,10.0
2011,mid_miss_75,-0.4894983373885177,10.0
2011,tp_ast_m_75,0.6144085340691975,10.0
2011,tp_unast_m_75,0.22736642849456382,10.0
2011,tp_miss_75,0.37064135691091504,10.0
2011,ftm_75,0.7080619092191365,10.0
2011,ft_miss_75,0.06783324239787239,10.0
2011,ast_rim_75,0.35334701272815466,10.0
2011,ast_mid2_75,0.054107508457501424,10.0
2011,ast_tp_75,0.12055859972022313,10.0
2011,tov_bp_75,0.030441940643931926,10.0
2011,tov_lb_75,-0.11996329013000027,10.0
2011,tov_dead_75,-0.509683379268849,10.0
2011,oreb_opp_rate,0.7331735864548511,10.0
2011,dreb_opp_rate,-0.09616858138294546,10.0
2011,off_boxout_75,0.0,10.0
2011,def_boxout_75,0.0,10.0
2011,stl_75,0.0876139153429565,10.0
2011,blk_75,-0.10753732389936024,10.0
2011,rim_dfg_diff,0.0,10.0
2011,contested_2pt_75,0.0,10.0
2011,contested_3pt_75,0.0,10.0
2011,defl_75,0.0,10.0
2011,pf_nonoff_75,-0.2556681285849041,10.0
2011,charges_drawn_75,0.0,10.0
2011,height,0.19928135915770226,10.0
2011,age,0.048571067034651624,10.0
2011,wing_rel,0.011825466874673542,10.0
2011,residual__usg,-0.13511091808650164,10.0
2011,residual__ast_pct,0.1682166486533982,10.0
2011,residual__mpg,0.08180214651550438,10.0
2011,residual__ts,0.05441873516479422,10.0
2011,residual__efg,-0.06933934295301712,10.0
2011,residual__fg3_rate,0.06377108559483366,10.0
2011,residual__pct_unassisted,-0.04558609245024388,10.0
2011,residual__fouls_drawn_75,-0.06295398791811324,10.0
2011,residual__blocked_75,-0.047457843632057746,10.0
2012,rim_ast_m_75,0.4558954015445503,10.0
2012,rim_unast_m_75,0.5268572501957942,10.0
2012,rim_miss_75,-0.42327489630257087,10.0
2012,flt_ast_m_75,0.10400849812546599,10.0
2012,flt_unast_m_75,0.3218573686300715,10.0
2012,flt_miss_75,-0.30219007737779363,10.0
2012,mid_ast_m_75,0.5031743131088274,10.0
2012,mid_unast_m_75,0.4171166156211223,10.0
2012,mid_miss_75,-0.48663039558008403,10.0
2012,tp_ast_m_75,0.6383509067688017,10.0
2012,tp_unast_m_75,0.24436691618502587,10.0
2012,tp_miss_75,0.35679228490964177,10.0
2012,ftm_75,0.7218516986946577,10.0
2012,ft_miss_75,0.07418927464249754,10.0
2012,ast_rim_75,0.3933328434040729,10.0
2012,ast_mid2_75,0.03436073516129525,10.0
2012,ast_tp_75,0.1323780709725784,10.0
2012,tov_bp_75,0.016946875214531934,10.0
2012,tov_lb_75,-0.11389590830595209,10.0
2012,tov_dead_75,-0.5333218311994307,10.0
2012,oreb_opp_rate,0.7300138803499021,10.0
2012,dreb_opp_rate,-0.1053857561952823,10.0
2012,off_boxout_75,0.0,10.0
2012,def_boxout_75,0.0,10.0
2012,stl_75,0.09097288612033237,10.0
2012,blk_75,-0.1163480784703325,10.0
2012,rim_dfg_diff,0.0,10.0
2012,contested_2pt_75,0.0,10.0
2012,contested_3pt_75,0.0,10.0
2012,defl_75,0.0,10.0
2012,pf_nonoff_75,-0.2133329584865407,10.0
2012,charges_drawn_75,0.0,10.0
2012,height,0.2152328885660022,10.0
2012,age,0.07426723461156402,10.0
2012,wing_rel,0.03604612506323661,10.0
2012,residual__usg,-0.1439441625766186,10.0
2012,residual__ast_pct,0.17616296716070387,10.0
2012,residual__mpg,0.0927997669632935,10.0
2012,residual__ts,0.07339774150519775,10.0
2012,residual__efg,-0.09933586089230528,10.0
2012,residual__fg3_rate,0.0859703365647496,10.0
2012,residual__pct_unassisted,-0.046849499815513306,10.0
2012,residual__fouls_drawn_75,-0.07078556894630038,10.0
2012,residual__blocked_75,-0.03433591431178856,10.0
2013,rim_ast_m_75,0.444641738067798,10.0
2013,rim_unast_m_75,0.5812598683178744,10.0
2013,rim_miss_75,-0.4557947869941122,10.0
2013,flt_ast_m_75,0.10302318584114813,10.0
2013,flt_unast_m_75,0.3170131250818997,10.0
2013,flt_miss_75,-0.30827591389598924,10.0
2013,mid_ast_m_75,0.4375576668066214,10.0
2013,mid_unast_m_75,0.3957777789377069,10.0
2013,mid_miss_75,-0.41036031214038265,10.0
2013,tp_ast_m_75,0.6881691653670337,10.0
2013,tp_unast_m_75,0.2796025636982615,10.0
2013,tp_miss_75,0.27608305197367106,10.0
2013,ftm_75,0.7299343441652713,10.0
2013,ft_miss_75,0.09150179831032558,10.0
2013,ast_rim_75,0.39264986936250507,10.0
2013,ast_mid2_75,0.05211143081474543,10.0
2013,ast_tp_75,0.10386348429561867,10.0
2013,tov_bp_75,-0.007235732228788601,10.0
2013,tov_lb_75,-0.1311995539428773,10.0
2013,tov_dead_75,-0.5385283238638257,10.0
2013,oreb_opp_rate,0.688661037456932,10.0
2013,dreb_opp_rate,-0.10601518913183804,10.0
2013,off_boxout_75,0.0,10.0
2013,def_boxout_75,0.0,10.0
2013,stl_75,0.08759811857958603,10.0
2013,blk_75,-0.13954465148830303,10.0
2013,rim_dfg_diff,0.0,10.0
2013,contested_2pt_75,0.0,10.0
2013,contested_3pt_75,0.0,10.0
2013,defl_75,0.0,10.0
2013,pf_nonoff_75,-0.181462499068547,10.0
2013,charges_drawn_75,0.0,10.0
2013,height,0.2540355852830099,10.0
2013,age,0.10091837828939779,10.0
2013,wing_rel,0.03349453574374627,10.0
2013,residual__usg,-0.15795398975330033,10.0
2013,residual__ast_pct,0.19515483391841026,10.0
2013,residual__mpg,0.09929084343786293,10.0
2013,residual__ts,0.06373442662828824,10.0
2013,residual__efg,-0.09549879627145942,10.0
2013,residual__fg3_rate,0.10144263164786164,10.0
2013,residual__pct_unassisted,-0.030626441769177982,10.0
2013,residual__fouls_drawn_75,-0.0800956734720017,10.0
2013,residual__blocked_75,-0.03631385438818136,10.0
2014,rim_ast_m_75,0.4274318140328033,10.0
2014,rim_unast_m_75,0.6044215662370931,10.0
2014,rim_miss_75,-0.48106592706629114,10.0
2014,flt_ast_m_75,0.12295289791524026,10.0
2014,flt_unast_m_75,0.3785953058161134,10.0
2014,flt_miss_75,-0.3842616314709614,10.0
2014,mid_ast_m_75,0.4218549099687802,10.0
2014,mid_unast_m_75,0.4259410082249548,10.0
2014,mid_miss_75,-0.45469249312713195,10.0
2014,tp_ast_m_75,0.7431494912566167,10.0
2014,tp_unast_m_75,0.3075139053574963,10.0
2014,tp_miss_75,0.1666031155054745,10.0
2014,ftm_75,0.7192084438850137,10.0
2014,ft_miss_75,0.07025282367565105,10.0
2014,ast_rim_75,0.41278584002643326,10.0
2014,ast_mid2_75,0.01809910866844636,10.0
2014,ast_tp_75,0.094920028693135,10.0
2014,tov_bp_75,-0.03446794198913754,10.0
2014,tov_lb_75,-0.142078831382698,10.0
2014,tov_dead_75,-0.5246474158495812,10.0
2014,oreb_opp_rate,0.6871835186071925,10.0
2014,dreb_opp_rate,-0.1121080055744195,10.0
2014,off_boxout_75,0.0,10.0
2014,def_boxout_75,0.0,10.0
2014,stl_75,0.10942891097221766,10.0
2014,blk_75,-0.1571856873729365,10.0
2014,rim_dfg_diff,0.03701337441618868,10.0
2014,contested_2pt_75,0.0,10.0
2014,contested_3pt_75,0.0,10.0
2014,defl_75,0.0,10.0
2014,pf_nonoff_75,-0.1607359407980217,10.0
2014,charges_drawn_75,0.0,10.0
2014,height,0.24846600107608263,10.0
2014,age,0.11321063555180272,10.0
2014,wing_rel,0.04912637379771721,10.0
2014,residual__usg,-0.13912659487972975,10.0
2014,residual__ast_pct,0.22121338230840942,10.0
2014,residual__mpg,0.1000133099365001,10.0
2014,residual__ts,0.03776432437455933,10.0
2014,residual__efg,-0.0670090165571305,10.0
2014,residual__fg3_rate,0.11306128981755238,10.0
2014,residual__pct_unassisted,-0.03634896190147675,10.0
2014,residual__fouls_drawn_75,-0.04625067348369367,10.0
2014,residual__blocked_75,-0.04268273730753605,10.0
2015,rim_ast_m_75,0.39841967320051036,10.0
2015,rim_unast_m_75,0.616141875982813,10.0
2015,rim_miss_75,-0.46984282447666403,10.0
2015,flt_ast_m_75,0.1198054108082718,10.0
2015,flt_unast_m_75,0.37573103192023505,10.0
2015,flt_miss_75,-0.36870395078690743,10.0
2015,mid_ast_m_75,0.37814061565977575,10.0
2015,mid_unast_m_75,0.45526944824632937,10.0
2015,mid_miss_75,-0.4588076396796228,10.0
2015,tp_ast_m_75,0.7172250844696864,10.0
2015,tp_unast_m_75,0.3193674301918657,10.0
2015,tp_miss_75,0.18211197593742567,10.0
2015,ftm_75,0.6816115586377236,10.0
2015,ft_miss_75,0.0630147301686117,10.0
2015,ast_rim_75,0.45941698818587995,10.0
2015,ast_mid2_75,-0.020851896588696916,10.0
2015,ast_tp_75,0.09038479568133961,10.0
2015,tov_bp_75,-0.08341640239915962,10.0
2015,tov_lb_75,-0.1574014189836402,10.0
2015,tov_dead_75,-0.4860488753420269,10.0
2015,oreb_opp_rate,0.6411613528490234,10.0
2015,dreb_opp_rate,-0.09226739656881772,10.0
2015,off_boxout_75,0.0,10.0
2015,def_boxout_75,0.0,10.0
2015,stl_75,0.10506254014410316,10.0
2015,blk_75,-0.15911314058424986,10.0
2015,rim_dfg_diff,0.025815829533633573,10.0
2015,contested_2pt_75,0.0,10.0
2015,contested_3pt_75,0.0,10.0
2015,defl_75,0.0,10.0
2015,pf_nonoff_75,-0.15064429427978487,10.0
2015,charges_drawn_75,0.0,10.0
2015,height,0.2569997678216914,10.0
2015,age,0.11972387989952737,10.0
2015,wing_rel,0.05810249426457882,10.0
2015,residual__usg,-0.13268886679913985,10.0
2015,residual__ast_pct,0.23272289109316724,10.0
2015,residual__mpg,0.12009469020958395,10.0
2015,residual__ts,-0.011387442333408044,10.0
2015,residual__efg,-0.02122024332300976,10.0
2015,residual__fg3_rate,0.1092764658201247,10.0
2015,residual__pct_unassisted,-0.047396313993985015,10.0
2015,residual__fouls_drawn_75,0.025321931500782338,10.0
2015,residual__blocked_75,-0.03695806357850649,10.0
2016,rim_ast_m_75,0.3890352233494674,10.0
2016,rim_unast_m_75,0.6421739411133887,10.0
2016,rim_miss_75,-0.4940562261590042,10.0
2016,flt_ast_m_75,0.15530701758299123,10.0
2016,flt_unast_m_75,0.36173619876323915,10.0
2016,flt_miss_75,-0.3579594492263339,10.0
2016,mid_ast_m_75,0.38646131781095444,10.0
2016,mid_unast_m_75,0.5360199600587852,10.0
2016,mid_miss_75,-0.5481579360215941,10.0
2016,tp_ast_m_75,0.7065175865692682,10.0
2016,tp_unast_m_75,0.31466984451951807,10.0
2016,tp_miss_75,0.2046633047051709,10.0
2016,ftm_75,0.6718490912274426,10.0
2016,ft_miss_75,-0.006846553071903321,10.0
2016,ast_rim_75,0.4871902034929162,10.0
2016,ast_mid2_75,-0.030912174193826247,10.0
2016,ast_tp_75,0.09426361799249702,10.0
2016,tov_bp_75,-0.09792338674283838,10.0
2016,tov_lb_75,-0.17505020953620137,10.0
2016,tov_dead_75,-0.4331351903814272,10.0
2016,oreb_opp_rate,0.6448525113442924,10.0
2016,dreb_opp_rate,-0.05541087114534223,10.0
2016,off_boxout_75,0.0,10.0
2016,def_boxout_75,0.0,10.0
2016,stl_75,0.12338158555925138,10.0
2016,blk_75,-0.15819512254501528,10.0
2016,rim_dfg_diff,0.008949561685013993,10.0
2016,contested_2pt_75,0.0,10.0
2016,contested_3pt_75,0.0,10.0
2016,defl_75,0.0,10.0
2016,pf_nonoff_75,-0.15580163926445054,10.0
2016,charges_drawn_75,0.0,10.0
2016,height,0.24354112425457303,10.0
2016,age,0.13482234233938634,10.0
2016,wing_rel,0.07900836134238363,10.0
2016,residual__usg,-0.14100236799346633,10.0
2016,residual__ast_pct,0.2506980985757957,10.0
2016,residual__mpg,0.12670099029942236,10.0
2016,residual__ts,-0.04665877328983334,10.0
2016,residual__efg,0.017580534371956284,10.0
2016,residual__fg3_rate,0.11731672763527015,10.0
2016,residual__pct_unassisted,-0.04485652966147549,10.0
2016,residual__fouls_drawn_75,0.0493531096733601,10.0
2016,residual__blocked_75,-0.04751290268313154,10.0
2017,rim_ast_m_75,0.4170048266422493,10.0
2017,rim_unast_m_75,0.6053083161204673,10.0
2017,rim_miss_75,-0.4739987890830076,10.0
2017,flt_ast_m_75,0.1547206760073919,10.0
2017,flt_unast_m_75,0.3116090149283806,10.0
2017,flt_miss_75,-0.2973939530496346,10.0
2017,mid_ast_m_75,0.38566022611673617,10.0
2017,mid_unast_m_75,0.5677483588134005,10.0
2017,mid_miss_75,-0.5766259286013674,10.0
2017,tp_ast_m_75,0.7553826624225632,10.0
2017,tp_unast_m_75,0.33094198054800056,10.0
2017,tp_miss_75,0.1486703024743787,10.0
2017,ftm_75,0.6527842103849599,10.0
2017,ft_miss_75,-0.01885568805986703,10.0
2017,ast_rim_75,0.4664570234887111,10.0
2017,ast_mid2_75,-0.010565537680061913,10.0
2017,ast_tp_75,0.12163359454784532,10.0
2017,tov_bp_75,-0.04723363853210959,10.0
2017,tov_lb_75,-0.184079453109832,10.0
2017,tov_dead_75,-0.4549578876322252,10.0
2017,oreb_opp_rate,0.6466890924404921,10.0
2017,dreb_opp_rate,-0.09566514222863147,10.0
2017,off_boxout_75,0.0,10.0
2017,def_boxout_75,0.0,10.0
2017,stl_75,0.11965175331949572,10.0
2017,blk_75,-0.14130251984710307,10.0
2017,rim_dfg_diff,0.020977558866537127,10.0
2017,contested_2pt_75,0.020120578788544678,10.0
2017,contested_3pt_75,0.04298206817145148,10.0
2017,defl_75,0.0844075710205741,10.0
2017,pf_nonoff_75,-0.13733320324677428,10.0
2017,charges_drawn_75,-0.012005853134668312,10.0
2017,height,0.23902188894119036,10.0
2017,age,0.1297837571038627,10.0
2017,wing_rel,0.08112815976740992,10.0
2017,residual__usg,-0.1399455033055991,10.0
2017,residual__ast_pct,0.23152224631579213,10.0
2017,residual__mpg,0.1523390291218161,10.0
2017,residual__ts,-0.06037410772221172,10.0
2017,residual__efg,-0.0031579448974545536,10.0
2017,residual__fg3_rate,0.1369357594321154,10.0
2017,residual__pct_unassisted,-0.0020392089424543965,10.0
2017,residual__fouls_drawn_75,0.0579329632144692,10.0
2017,residual__blocked_75,-0.06710096813243177,10.0
2018,rim_ast_m_75,0.3964341829311626,10.0
2018,rim_unast_m_75,0.6372376366216818,10.0
2018,rim_miss_75,-0.44148405291889015,10.0
2018,flt_ast_m_75,0.1874060169588863,10.0
2018,flt_unast_m_75,0.3232581423527063,10.0
2018,flt_miss_75,-0.35402134230984816,10.0
2018,mid_ast_m_75,0.35113865624371843,10.0
2018,mid_unast_m_75,0.5428127975357182,10.0
2018,mid_miss_75,-0.5440656272108553,10.0
2018,tp_ast_m_75,0.7754708272393421,10.0
2018,tp_unast_m_75,0.29257436075928567,10.0
2018,tp_miss_75,0.13682340839986168,10.0
2018,ftm_75,0.6528375316168938,10.0
2018,ft_miss_75,-0.02063895245202962,10.0
2018,ast_rim_75,0.44868428380363473,10.0
2018,ast_mid2_75,0.012046280773981882,10.0
2018,ast_tp_75,0.10344261937854878,10.0
2018,tov_bp_75,-0.015065367702567342,10.0
2018,tov_lb_75,-0.20042455734906686,10.0
2018,tov_dead_75,-0.4534857379164521,10.0
2018,oreb_opp_rate,0.593348850950125,10.0
2018,dreb_opp_rate,-0.08480693895904774,10.0
2018,off_boxout_75,-0.04234456452935572,10.0
2018,def_boxout_75,0.02970187150289986,10.0
2018,stl_75,0.10633908274347363,10.0
2018,blk_75,-0.102788005496807,10.0
2018,rim_dfg_diff,0.007665709418041019,10.0
2018,contested_2pt_75,0.03602417482845114,10.0
2018,contested_3pt_75,0.03159970558312078,10.0
2018,defl_75,0.07255352746031166,10.0
2018,pf_nonoff_75,-0.12241952364860545,10.0
2018,charges_drawn_75,0.006333607916586419,10.0
2018,height,0.2068867939182887,10.0
2018,age,0.14339882100751836,10.0
2018,wing_rel,0.08511293535321876,10.0
2018,residual__usg,-0.1715384381033738,10.0
2018,residual__ast_pct,0.22022544221474094,10.0
2018,residual__mpg,0.1705116258719054,10.0
2018,residual__ts,-0.05247758316837383,10.0
2018,residual__efg,-0.021357994498946428,10.0
2018,residual__fg3_rate,0.13043778776214926,10.0
2018,residual__pct_unassisted,-0.012506852021539373,10.0
2018,residual__fouls_drawn_75,0.05144609304274483,10.0
2018,residual__blocked_75,-0.07373175112032997,10.0
2019,rim_ast_m_75,0.3485694347267955,10.0
2019,rim_unast_m_75,0.6939921989745671,10.0
2019,rim_miss_75,-0.5128824207667773,10.0
2019,flt_ast_m_75,0.23369215183830708,10.0
2019,flt_unast_m_75,0.29660184219575036,10.0
2019,flt_miss_75,-0.3817943650263939,10.0
2019,mid_ast_m_75,0.29524490225950323,10.0
2019,mid_unast_m_75,0.4254891650019991,10.0
2019,mid_miss_75,-0.4693336205585784,10.0
2019,tp_ast_m_75,0.7991576992544503,10.0
2019,tp_unast_m_75,0.2903445574329885,10.0
2019,tp_miss_75,0.05988237254929807,10.0
2019,ftm_75,0.6695100187140011,10.0
2019,ft_miss_75,-0.001583398054459159,10.0
2019,ast_rim_75,0.41444706082543126,10.0
2019,ast_mid2_75,0.04567471460899485,10.0
2019,ast_tp_75,0.12319168046695107,10.0
2019,tov_bp_75,-0.004743837713579736,10.0
2019,tov_lb_75,-0.18450118958994008,10.0
2019,tov_dead_75,-0.44890152672963535,10.0
2019,oreb_opp_rate,0.5864366851713086,10.0
2019,dreb_opp_rate,-0.10910953291219708,10.0
2019,off_boxout_75,-0.022622470306243904,10.0
2019,def_boxout_75,-0.019041097165374676,10.0
2019,stl_75,0.12331812592380831,10.0
2019,blk_75,-0.0925063974755043,10.0
2019,rim_dfg_diff,0.00891411005904338,10.0
2019,contested_2pt_75,0.032215339505485004,10.0
2019,contested_3pt_75,0.009350609095909814,10.0
2019,defl_75,0.05920728457417265,10.0
2019,pf_nonoff_75,-0.1316388526898761,10.0
2019,charges_drawn_75,0.025094464465857405,10.0
2019,height,0.18138839427887749,10.0
2019,age,0.14684242858194663,10.0
2019,wing_rel,0.08213851482371351,10.0
2019,residual__usg,-0.17084270538245513,10.0
2019,residual__ast_pct,0.18788952765756015,10.0
2019,residual__mpg,0.2008148593330891,10.0
2019,residual__ts,-0.07352221218363225,10.0
2019,residual__efg,-0.0001596889936397012,10.0
2019,residual__fg3_rate,0.1233771657918173,10.0
2019,residual__pct_unassisted,-0.026912197908063214,10.0
2019,residual__fouls_drawn_75,0.04671762336145495,10.0
2019,residual__blocked_75,-0.07696069269791109,10.0
2020,rim_ast_m_75,0.3331248119418298,10.0
2020,rim_unast_m_75,0.6801049840702547,10.0
2020,rim_miss_75,-0.5109778361566822,10.0
2020,flt_ast_m_75,0.19856004338646263,10.0
2020,flt_unast_m_75,0.2518750605084847,10.0
2020,flt_miss_75,-0.32690215716853105,10.0
2020,mid_ast_m_75,0.2597536597407776,10.0
2020,mid_unast_m_75,0.36596324315837375,10.0
2020,mid_miss_75,-0.4134776783569522,10.0
2020,tp_ast_m_75,0.675961334378993,10.0
2020,tp_unast_m_75,0.27627582931088623,10.0
2020,tp_miss_75,0.18945138150244512,10.0
2020,ftm_75,0.6430090661424059,10.0
2020,ft_miss_75,0.0034352747133205696,10.0
2020,ast_rim_75,0.43246323861496205,10.0
2020,ast_mid2_75,0.02684737053849784,10.0
2020,ast_tp_75,0.14861931286755495,10.0
2020,tov_bp_75,-0.03849380885762865,10.0
2020,tov_lb_75,-0.2136675965602999,10.0
2020,tov_dead_75,-0.4086488349173835,10.0
2020,oreb_opp_rate,0.5870865903758931,10.0
2020,dreb_opp_rate,-0.07413490226575906,10.0
2020,off_boxout_75,-0.020465081688959177,10.0
2020,def_boxout_75,-0.034675001379367264,10.0
2020,stl_75,0.14757306615035054,10.0
2020,blk_75,-0.08039628562955083,10.0
2020,rim_dfg_diff,0.01674168740330914,10.0
2020,contested_2pt_75,0.024628102165310032,10.0
2020,contested_3pt_75,0.014097729032398714,10.0
2020,defl_75,0.05199296827531691,10.0
2020,pf_nonoff_75,-0.16852666099050695,10.0
2020,charges_drawn_75,0.019916747906328247,10.0
2020,height,0.1418642198098635,10.0
2020,age,0.15694975274726103,10.0
2020,wing_rel,0.04179753209114041,10.0
2020,residual__usg,-0.16379756998092027,10.0
2020,residual__ast_pct,0.16995834914058097,10.0
2020,residual__mpg,0.20522001637874726,10.0
2020,residual__ts,-0.12840713534458403,10.0
2020,residual__efg,0.12561231043815974,10.0
2020,residual__fg3_rate,0.10551216872160107,10.0
2020,residual__pct_unassisted,-0.04384409295775069,10.0
2020,residual__fouls_drawn_75,0.0630087888759935,10.0
2020,residual__blocked_75,-0.08123389040245857,10.0
2021,rim_ast_m_75,0.3535589887559754,10.0
2021,rim_unast_m_75,0.7575650527616663,10.0
2021,rim_miss_75,-0.5286142991714282,10.0
2021,flt_ast_m_75,0.16553205091133166,10.0
2021,flt_unast_m_75,0.23992462971723055,10.0
2021,flt_miss_75,-0.3493981705955373,10.0
2021,mid_ast_m_75,0.24198775222316676,10.0
2021,mid_unast_m_75,0.31502599288563854,10.0
2021,mid_miss_75,-0.3677265230635144,10.0
2021,tp_ast_m_75,0.6371591390086175,10.0
2021,tp_unast_m_75,0.2859360219466771,10.0
2021,tp_miss_75,0.16673335494880237,10.0
2021,ftm_75,0.6558785531837191,10.0
2021,ft_miss_75,-0.024416905810420806,10.0
2021,ast_rim_75,0.43099840957200886,10.0
2021,ast_mid2_75,0.016366138488098404,10.0
2021,ast_tp_75,0.09498070407258674,10.0
2021,tov_bp_75,0.0016371934694806235,10.0
2021,tov_lb_75,-0.25232622625646783,10.0
2021,tov_dead_75,-0.3807351474686735,10.0
2021,oreb_opp_rate,0.563929621312796,10.0
2021,dreb_opp_rate,-0.05994201158849456,10.0
2021,off_boxout_75,-0.03709129399944112,10.0
2021,def_boxout_75,-0.007920667341844302,10.0
2021,stl_75,0.13852886852501822,10.0
2021,blk_75,-0.06860258207510597,10.0
2021,rim_dfg_diff,0.0005707065247466905,10.0
2021,contested_2pt_75,0.03205860119863099,10.0
2021,contested_3pt_75,0.03597571380021025,10.0
2021,defl_75,0.03894698914648198,10.0
2021,pf_nonoff_75,-0.1748376364311368,10.0
2021,charges_drawn_75,0.033966281109754685,10.0
2021,height,0.08854290421902707,10.0
2021,age,0.1612882314312526,10.0
2021,wing_rel,-0.00046235313080556124,10.0
2021,residual__usg,-0.15491875763280816,10.0
2021,residual__ast_pct,0.1347100192782464,10.0
2021,residual__mpg,0.2115207897950205,10.0
2021,residual__ts,-0.18256195884765913,10.0
2021,residual__efg,0.19015526874230795,10.0
2021,residual__fg3_rate,0.09358977783058671,10.0
2021,residual__pct_unassisted,-0.04086327047614768,10.0
2021,residual__fouls_drawn_75,0.0666981539306231,10.0
2021,residual__blocked_75,-0.09677956196235508,10.0
2022,rim_ast_m_75,0.34769360421304935,10.0
2022,rim_unast_m_75,0.7387184019068304,10.0
2022,rim_miss_75,-0.4506920575524515,10.0
2022,flt_ast_m_75,0.14970891636048872,10.0
2022,flt_unast_m_75,0.24238698920255314,10.0
2022,flt_miss_75,-0.36140799546731994,10.0
2022,mid_ast_m_75,0.21511899080351565,10.0
2022,mid_unast_m_75,0.3405672124434118,10.0
2022,mid_miss_75,-0.3886930846376541,10.0
2022,tp_ast_m_75,0.6570425732983444,10.0
2022,tp_unast_m_75,0.32933644773071785,10.0
2022,tp_miss_75,0.07858864615893507,10.0
2022,ftm_75,0.6875494698639193,10.0
2022,ft_miss_75,-0.08497483451753975,10.0
2022,ast_rim_75,0.41076898644347914,10.0
2022,ast_mid2_75,0.006548484841247604,10.0
2022,ast_tp_75,0.07305734283945108,10.0
2022,tov_bp_75,0.03168586791336375,10.0
2022,tov_lb_75,-0.2775706312426606,10.0
2022,tov_dead_75,-0.34884616809237606,10.0
2022,oreb_opp_rate,0.5396614686334147,10.0
2022,dreb_opp_rate,-0.07646987789911694,10.0
2022,off_boxout_75,-0.0634750859036373,10.0
2022,def_boxout_75,0.018604237875724596,10.0
2022,stl_75,0.14470652265791764,10.0
2022,blk_75,-0.04342466494286471,10.0
2022,rim_dfg_diff,0.00214371012570405,10.0
2022,contested_2pt_75,0.04022769242878617,10.0
2022,contested_3pt_75,0.04330168510339746,10.0
2022,defl_75,0.024121712280706396,10.0
2022,pf_nonoff_75,-0.18498345597862104,10.0
2022,charges_drawn_75,0.045321013427584246,10.0
2022,height,0.08739435261348781,10.0
2022,age,0.16740572572100243,10.0
2022,wing_rel,-0.03724259150744439,10.0
2022,residual__usg,-0.1444322591177328,10.0
2022,residual__ast_pct,0.13074415027767616,10.0
2022,residual__mpg,0.2276691908206671,10.0
2022,residual__ts,-0.23042445329546085,10.0
2022,residual__efg,0.25443828189779133,10.0
2022,residual__fg3_rate,0.08144481178251911,10.0
2022,residual__pct_unassisted,-0.060581752913933584,10.0
2022,residual__fouls_drawn_75,0.05179315333550967,10.0
2022,residual__blocked_75,-0.11424801696076221,10.0
2023,rim_ast_m_75,0.313828010442814,10.0
2023,rim_unast_m_75,0.754123496997581,10.0
2023,rim_miss_75,-0.4122524909168922,10.0
2023,flt_ast_m_75,0.11696144424585837,10.0
2023,flt_unast_m_75,0.20812002953902362,10.0
2023,flt_miss_75,-0.3239307776759398,10.0
2023,mid_ast_m_75,0.2028021311829561,10.0
2023,mid_unast_m_75,0.3407763837413139,10.0
2023,mid_miss_75,-0.38809418309588906,10.0
2023,tp_ast_m_75,0.6859131725938449,10.0
2023,tp_unast_m_75,0.3450037795242472,10.0
2023,tp_miss_75,0.03281362056192168,10.0
2023,ftm_75,0.6822206664595135,10.0
2023,ft_miss_75,-0.11271514997179723,10.0
2023,ast_rim_75,0.3760722827689607,10.0
2023,ast_mid2_75,0.012200457497622507,10.0
2023,ast_tp_75,0.07392817658804005,10.0
2023,tov_bp_75,0.07770895620882644,10.0
2023,tov_lb_75,-0.297356249461676,10.0
2023,tov_dead_75,-0.3399910923538226,10.0
2023,oreb_opp_rate,0.5735768464052698,10.0
2023,dreb_opp_rate,-0.06707146178441943,10.0
2023,off_boxout_75,-0.07815933158125192,10.0
2023,def_boxout_75,0.030032700992898897,10.0
2023,stl_75,0.16746861591125867,10.0
2023,blk_75,-0.023167749777525157,10.0
2023,rim_dfg_diff,-0.0016663919184536937,10.0
2023,contested_2pt_75,0.031613986718357266,10.0
2023,contested_3pt_75,0.07432491507709955,10.0
2023,defl_75,-0.005881300257476468,10.0
2023,pf_nonoff_75,-0.17838259959440947,10.0
2023,charges_drawn_75,0.06012974194831356,10.0
2023,height,0.09255608053642776,10.0
2023,age,0.16344731950735752,10.0
2023,wing_rel,-0.06222696324168798,10.0
2023,residual__usg,-0.14045458338775554,10.0
2023,residual__ast_pct,0.11366668200485244,10.0
2023,residual__mpg,0.2295298579865093,10.0
2023,residual__ts,-0.2307091095457022,10.0
2023,residual__efg,0.2691997048474162,10.0
2023,residual__fg3_rate,0.08527385837776089,10.0
2023,residual__pct_unassisted,-0.06343626259922354,10.0
2023,residual__fouls_drawn_75,0.060877902236336004,10.0
2023,residual__blocked_75,-0.11937222657849225,10.0
2024,rim_ast_m_75,0.2749863574100357,10.0
2024,rim_unast_m_75,0.7689861415099924,10.0
2024,rim_miss_75,-0.37147914495047135,10.0
2024,flt_ast_m_75,0.11308598354675986,10.0
2024,flt_unast_m_75,0.20682250129875307,10.0
2024,flt_miss_75,-0.36906005900368594,10.0
2024,mid_ast_m_75,0.20210039740933525,10.0
2024,mid_unast_m_75,0.35863766149184717,10.0
2024,mid_miss_75,-0.4325387421197175,10.0
2024,tp_ast_m_75,0.6008888153067542,10.0
2024,tp_unast_m_75,0.31513215046263676,10.0
2024,tp_miss_75,0.08463542089555909,10.0
2024,ftm_75,0.6971109054324292,10.0
2024,ft_miss_75,-0.13630950093040317,10.0
2024,ast_rim_75,0.3736506279763533,10.0
2024,ast_mid2_75,-0.004870245135755402,10.0
2024,ast_tp_75,0.08339499925141797,10.0
2024,tov_bp_75,0.04733456034017333,10.0
2024,tov_lb_75,-0.28416853276567355,10.0
2024,tov_dead_75,-0.29512194122263835,10.0
2024,oreb_opp_rate,0.5480797160813912,10.0
2024,dreb_opp_rate,-0.03254441365361943,10.0
2024,off_boxout_75,-0.0901863857280148,10.0
2024,def_boxout_75,0.031403284565502995,10.0
2024,stl_75,0.1619892208360941,10.0
2024,blk_75,-0.002085832489759269,10.0
2024,rim_dfg_diff,-0.008467714158084326,10.0
2024,contested_2pt_75,0.034507466185666566,10.0
2024,contested_3pt_75,0.10573786648500706,10.0
2024,defl_75,-0.011810928126114036,10.0
2024,pf_nonoff_75,-0.18828375453154914,10.0
2024,charges_drawn_75,0.06633768951642906,10.0
2024,height,0.0726958897901868,10.0
2024,age,0.1766331286617016,10.0
2024,wing_rel,-0.1086578296814595,10.0
2024,residual__usg,-0.056167847664451875,10.0
2024,residual__ast_pct,0.07026903035117148,10.0
2024,residual__mpg,0.2413240876404693,10.0
2024,residual__ts,-0.2443137974235091,10.0
2024,residual__efg,0.2897621587004879,10.0
2024,residual__fg3_rate,0.09476371481797354,10.0
2024,residual__pct_unassisted,-0.04760909843950591,10.0
2024,residual__fouls_drawn_75,0.07101836400585951,10.0
2024,residual__blocked_75,-0.10944874949504418,10.0
2025,rim_ast_m_75,0.2751586526773507,10.0
2025,rim_unast_m_75,0.7733453080497593,10.0
2025,rim_miss_75,-0.37872164553701654,10.0
2025,flt_ast_m_75,0.13681698291712416,10.0
2025,flt_unast_m_75,0.2405449240207024,10.0
2025,flt_miss_75,-0.41406057959847065,10.0
2025,mid_ast_m_75,0.17662722113924056,10.0
2025,mid_unast_m_75,0.34448984655335624,10.0
2025,mid_miss_75,-0.40554114570200706,10.0
2025,tp_ast_m_75,0.612847422064678,10.0
2025,tp_unast_m_75,0.35051474887450623,10.0
2025,tp_miss_75,0.010897469001637999,10.0
2025,ftm_75,0.734762148542112,10.0
2025,ft_miss_75,-0.16509202400249193,10.0
2025,ast_rim_75,0.42744572673263076,10.0
2025,ast_mid2_75,-0.011292245302739349,10.0
2025,ast_tp_75,0.05468655776373762,10.0
2025,tov_bp_75,-0.022758435308202877,10.0
2025,tov_lb_75,-0.29894790322174014,10.0
2025,tov_dead_75,-0.23661903424755062,10.0
2025,oreb_opp_rate,0.5723589150369544,10.0
2025,dreb_opp_rate,-0.015250823615705199,10.0
2025,off_boxout_75,-0.11645813761610922,10.0
2025,def_boxout_75,0.04863526775281721,10.0
2025,stl_75,0.1315988691493092,10.0
2025,blk_75,-0.0001319146087421578,10.0
2025,rim_dfg_diff,0.011688492360328581,10.0
2025,contested_2pt_75,-0.013238422746028457,10.0
2025,contested_3pt_75,0.14062323575904045,10.0
2025,defl_75,0.023058783002799486,10.0
2025,pf_nonoff_75,-0.1718681678102657,10.0
2025,charges_drawn_75,0.06137326719733696,10.0
2025,height,0.03941459783868057,10.0
2025,age,0.1968412479278331,10.0
2025,wing_rel,-0.1348890483626807,10.0
2025,residual__usg,-0.04466829572892698,10.0
2025,residual__ast_pct,0.041575340250095696,10.0
2025,residual__mpg,0.23007849285151455,10.0
2025,residual__ts,-0.22994026684727503,10.0
2025,residual__efg,0.2813483584773584,10.0
2025,residual__fg3_rate,0.09302883120699781,10.0
2025,residual__pct_unassisted,-0.045846189460693944,10.0
2025,residual__fouls_drawn_75,0.07932218635513849,10.0
2025,residual__blocked_75,-0.09663145705635443,10.0
