gid,source,sig,stints,seconds
29600009,stints_full_1996.parquet,7db8ba9ea6bb19f5c0a2082fb3b83f7df6acfe70,25,2880.0
29600021,stints_full_1996.parquet,743563682486bf50a0844a944972b08463be4ccb,27,2880.0
29600039,stints_full_1996.parquet,b10a4dfd87e7c1246e93fa6f9ea4768f3ad964a2,30,2880.0
29600069,stints_full_1996.parquet,b1e4b9d8df7824df0395de4063be6bad819a07c2,33,2880.0
29600078,stints_full_1996.parquet,2198c6ea6a06f7aefb3eea0d8dda1763084bf761,28,2880.0
29600096,stints_full_1996.parquet,d091be1a9bb681da9e33f30f1e19bff06ce2a7c0,20,2880.0
29600113,stints_full_1996.parquet,4babb935fc6c9371b3d137239bc5ff6a6b947f95,27,2880.0
29600123,stints_full_1996.parquet,2847d8fc69b604cb9b4a2c5a34c27f2e16463058,28,2880.0
29600158,stints_full_1996.parquet,f0c441e1526cc12795cadc8639d1418d14104fdb,35,3480.0
29600171,stints_full_1996.parquet,261d03fd67efb16d42f2c8370af28dba201b697e,29,2880.0
29600182,stints_full_1996.parquet,511d4bed1b9f1970e529378de41a6a6b3890599e,28,2880.0
29600197,stints_full_1996.parquet,379050a75358035b56dbd43d5432f579295ca505,31,2880.0
29600218,stints_full_1996.parquet,17f008225ae1f44030bbda693c1b809c8dc5b584,24,2880.0
29600229,stints_full_1996.parquet,50ce05a853e884668a32458b42998459eae5050c,29,2880.0
29600272,stints_full_1996.parquet,f33ac234a85811ef7e3987e2dfcf01296935fe84,20,2880.0
29600565,stints_full_1996.parquet,ffed9a16b3ad6a5436c6abfd9d64e0602f68f6b8,28,2880.0
29600664,stints_full_1996.parquet,26060b0398b1f1ff683c27c5a6c791dbb7a803c5,29,2880.0
29600837,stints_full_1996.parquet,3f6379d957658aa7061e225e3da1685eb05f4d32,28,2880.0
29600954,stints_full_1996.parquet,9e12ff53cfe2b68d98a9a2f0a832d9200169b332,31,3180.0
29600973,stints_full_1996.parquet,bed7429df7049dc60d4d666ce49b1f078e85c07b,29,3180.0
29600976,stints_full_1996.parquet,32234edd0b9d15d6f4d46ec4d79c2f3c47f007f3,30,3180.0
29600982,stints_full_1996.parquet,7012f4b720e438f71bf74ca3ac5285caabbe57e3,31,2880.0
29600992,stints_full_1996.parquet,53269acfd8fc8078b25a38f198cb829b1a55b86d,27,2880.0
29601000,stints_full_1996.parquet,6da2c6779087fa771955e237f86e75a8a876c011,28,2880.0
29601022,stints_full_1996.parquet,350bc24aee841f19920d0ccfca49c5472618f540,31,3180.0
29601026,stints_full_1996.parquet,bacbf9b086cd9970d86cdc56e9ef8aba2c64c6b5,29,2880.0
29601037,stints_full_1996.parquet,5efe62402775705c8ebf4966318107441ad86775,29,2880.0
29601060,stints_full_1996.parquet,0919a5c8e92a4807cc0112a7c77b1e541bd7fe6f,28,2880.0
29601076,stints_full_1996.parquet,2dc440cd07b01627d10a048eac56fcca00bb2949,26,2880.0
29601084,stints_full_1996.parquet,000de5037b950f1fb988935c9cb4c9b74d9d4db1,29,2880.0
29601099,stints_full_1996.parquet,0807dd15fe229f3a49c4d52382c48cc8d7c4a8b8,23,2880.0
29601113,stints_full_1996.parquet,d71fb0568e66cabe2f4b121519eda16dd245a9bd,26,3180.0
29601114,stints_full_1996.parquet,c01132e4e80df2e357e16e38804bfdc0bef64433,27,2880.0
29601122,stints_full_1996.parquet,1532edcba58ec6550b99a1d5168a9fa29245cbc7,24,2880.0
29601136,stints_full_1996.parquet,a68a747b88819afd2108b0c9098a81915fc9ac38,23,2880.0
29601144,stints_full_1996.parquet,01ef27c0c2fba779ab8515c1f3df0ff1fae1a4ea,24,2880.0
29601161,stints_full_1996.parquet,01c358ba8f4c0056564b867e22c3c766ba689b7e,29,2880.0
29601180,stints_full_1996.parquet,aa41420d4aa536f4b25240d4b4c51d02d43c5806,23,3180.0
29601188,stints_full_1996.parquet,45f5af14c8d8b8b51a8ca40347c4e9e14e7128b3,30,2880.0
29700159,stints_full_1997.parquet,09fc3e4bed3c7bb9f4983dedb49e7b59d61179f4,31,2880.0
29700278,stints_full_1997.parquet,a28fdcef1f7026d2db5af30a52f8c67fe060f674,41,2880.0
29700822,stints_full_1997.parquet,d75e42272d3d433fa92be4ce911c53f3e1ab7caa,40,2880.0
29701101,stints_full_1997.parquet,32c20171e41e33e2b605a6c76c91c886bfb29377,36,2880.0
29800006,stints_full_1998.parquet,701fa06ade1961c09b8303e2601f2e05b08f5dc0,34,2880.0
29800075,stints_full_1998.parquet,b6b0bd6052f39ded4d1b5512ea99f474130c2ffe,32,2880.0
29800094,stints_full_1998.parquet,5a8561f289925c7b979d971f56535d7f19c88c29,34,2880.0
29800100,stints_full_1998.parquet,b0ce5f2d319836f98167eb89e4b8f60e9b5c52d0,67,3780.0
29800606,stints_full_1998.parquet,b698c698dc319c17ed7e20929eb59bc85e29d7b6,38,3180.0
20000524,stints_full_2000.parquet,7e82031033e1cf1a83a18a5c2179cac6a8db4f61,35,2880.0
20000543,stints_full_2000.parquet,9682e8254739f5d94d6aaabd6a1781b2019fad7d,31,2880.0
20000614,stints_full_2000.parquet,b7ffa66157f0c5420c800aa237dea31816e16962,23,2880.0
20000930,stints_full_2000.parquet,db5f60eed92a19705c66eb06e7b9406e60101a55,26,2880.0
20001142,stints_full_2000.parquet,b5061d01ab3f32aed8691714ba5ecc593fe9836c,35,3180.0
20001169,stints_full_2000.parquet,73d5c3b7176917260f3e6ba4762851f1ef8fa5f8,24,2880.0
20100112,stints_full_2001.parquet,c0a3ce08bdf7633aef469db57a7c5d5a9320561f,31,2880.0
20100249,stints_full_2001.parquet,749b3d8f4aef3b74f31006c9bd7bdc194b260bd0,26,2880.0
20100500,stints_full_2001.parquet,4a30e177e0080d7c9b86ebcdeb80aad753a5765f,29,2880.0
20100973,stints_full_2001.parquet,47ced7258ebb3597acb1ca8efc8108e52e82575f,35,2880.0
20101009,stints_full_2001.parquet,e50c088635c28a47f2a840732c186699f3491e71,28,2880.0
20101048,stints_full_2001.parquet,a62e58f86c3586f6f1af63b4f264f7184c758903,30,2880.0
20201043,stints_full_2002.parquet,1c38668631d38fdc177ad987ab7faec9d98eddf7,23,2880.0
20300294,stints_full_2003.parquet,68e21fd0307dc91b5d4a57f54d1dec912e5c2fd6,35,2880.0
20300457,stints_full_2003.parquet,96e81ca6c34dc6226eaf815b8f4059c080de2c6e,28,2880.0
20301143,stints_full_2003.parquet,2e876f965006c8ac3672ab7338face34da0e83f0,26,2880.0
20400151,stints_full_2004.parquet,3cb3220426b8c958200eefa39db2d6d8c86a2383,40,2880.0
20400254,stints_full_2004.parquet,c96000101e557f07e51730f6cf42f7571cf3ca1a,41,3480.0
20400523,stints_full_2004.parquet,d522f25ed8199872b7016bc860aa02bd10302fc4,33,2880.0
20400924,stints_full_2004.parquet,39c7aa91a0f68d080edb079dd020f54f3805d0d6,26,2880.0
20401085,stints_full_2004.parquet,1c93ce408bff90421f4129fca45af236a55d6534,29,2880.0
20401218,stints_full_2004.parquet,032cf5ec27b752c07d37122f137fcd0a0aa1fd9a,22,2880.0
20500009,stints_full_2005.parquet,31f92e49a8415c780c46138c07f30beba7efb3d4,27,2880.0
20500021,stints_full_2005.parquet,af663733ffe73bd98d124832a8eabc1a7dd3f1d1,38,2880.0
20500034,stints_full_2005.parquet,eac8308a4d829c76ee04dc67ddbc9eca71ba8ae3,27,2880.0
20500350,stints_full_2005.parquet,b9272ca65ca857b132b4824ee0b0969fe5f0cfe3,33,3480.0
20500753,stints_full_2005.parquet,625ca24ed17c8b83f1463f2018ea6952c316fd7e,26,2880.0
20500773,stints_full_2005.parquet,be2a066c822a58d1d1b3fc99cfb91a0d69279d2b,36,2880.0
20500805,stints_full_2005.parquet,2de66aa072fe00df2474540b7eac41da4ea88f65,32,2880.0
20500980,stints_full_2005.parquet,87117431951f89af7e521b8f5eaff414a41ea098,39,2880.0
20501077,stints_full_2005.parquet,20fce3f6a4c9932eb0a2c26f100bd1c8fcc4f60b,26,2880.0
20600234,stints_full_2006.parquet,025fef353e12577e4c8f111eefa5b115312724b2,32,2880.0
20600258,stints_full_2006.parquet,c523659d6af67d5e6cc297860ca6881ff72561c7,24,2880.0
20600335,stints_full_2006.parquet,03fca21c78f7c7b5b6d186fe6d7e60a4fbaef1dc,34,2880.0
20600344,stints_full_2006.parquet,cf430efba981c3f55f218eea7e9d9b28364c58a7,35,2880.0
20600518,stints_full_2006.parquet,fb3a010e7c8edbe7b925ab91d0d93cc6ab5f7307,31,2880.0
20600531,stints_full_2006.parquet,24d884cd2d857a1f975e541df98266895f0935fa,52,3180.0
20600560,stints_full_2006.parquet,4fb2e8a040f65c0d8df01f682ee9ca5dd36d95ee,30,2880.0
20600744,stints_full_2006.parquet,c18201a4391282627659c33790bc4b08fa46ea88,33,2880.0
20600863,stints_full_2006.parquet,8bc0fe3142216bb20dd4a57479293e2d8059ee27,39,2880.0
20600879,stints_full_2006.parquet,270578c0ac800b8ed6709bb876e971da348f95da,44,3180.0
20600904,stints_full_2006.parquet,1e6b555ac73e3cd44ab6d0628b0ddb2b0beb4ab9,32,2880.0
20600940,stints_full_2006.parquet,21b2ebb00052ed70e7406e43672511b5902d9939,28,2880.0
20600942,stints_full_2006.parquet,b1c3e1c33f3853b59760cd1732849fa20cc99f9e,35,2880.0
20601035,stints_full_2006.parquet,08856d598e66ac86b6847eecbf97e3fb1febcf6e,33,2880.0
20601062,stints_full_2006.parquet,36321ded8c04744fe11dda25ac647cfa3144d0aa,37,2880.0
20700016,stints_full_2007.parquet,dba0cc0b186b50fab10f10174c2c66f408b5753a,30,2880.0
20700049,stints_full_2007.parquet,606041cae581f2143d1d7d6c72f9a46fc00be25b,32,2880.0
20700059,stints_full_2007.parquet,c257c6d99eb0d0b3e0cb3ee28d45aa9d3a21d761,33,2880.0
20700092,stints_full_2007.parquet,b26e1b30c358d9f679baa7722e642244bd13aac2,28,2880.0
20700107,stints_full_2007.parquet,f59f8ac13f6380d637b840906d03c792a8b65484,36,3180.0
20700204,stints_full_2007.parquet,4832acc19b26bf89f106588c39992903cfbd616e,37,3180.0
20700238,stints_full_2007.parquet,7e56612c334f5041ea8dc6976f7d5efdb903b264,39,3180.0
20700252,stints_full_2007.parquet,9c354ce51fe68e0633a5862bbafb262bd6558ff1,26,2880.0
20700347,stints_full_2007.parquet,f2969c76263f58b9ccb6d5f6c6fe7e35fe50f56d,24,2880.0
20700372,stints_full_2007.parquet,b14609c15049853f821a596209cd06b08e80f7c5,31,2880.0
20700426,stints_full_2007.parquet,f91f7eee2e155116cfa2cf294c5207befc2a0b22,27,2880.0
20700438,stints_full_2007.parquet,f0ef0fd0af5b462ba5455489a8b05cc8a3ea9000,25,2880.0
20700461,stints_full_2007.parquet,edcc9791d384f59700b9eac55aebf7c06d7d770d,31,2880.0
20700477,stints_full_2007.parquet,46f81b2fa283ccbad33d04079163631033002e59,24,2880.0
20700504,stints_full_2007.parquet,aa470dd02f92b984eeddc1f6c700233f0b64d885,23,2880.0
20700521,stints_full_2007.parquet,faf9abaab9020e6d4b34ba4131738c0364319b01,31,2880.0
20700562,stints_full_2007.parquet,0de2501ddbe94b7711f31079a98f1b015f9173a7,29,2880.0
20700673,stints_full_2007.parquet,7b33c6ce20522e1dc33add5987a31075488368bb,30,2880.0
20700697,stints_full_2007.parquet,db268c9138828fba5b6764d6fa689d3d0483458b,36,2880.0
20700754,stints_full_2007.parquet,f806998f76336851aa41c9d377c9be65a2ea57d2,32,2880.0
20700847,stints_full_2007.parquet,ad28122f9b2b8dff5a3c6a7095d1cbec048a94b1,36,2880.0
20700849,stints_full_2007.parquet,839c3e8fd99f3055f61a12446c0d415840b95b95,32,2880.0
20700966,stints_full_2007.parquet,d29e5491a9560f1da7fcdc5443f57f3511571f2f,25,2880.0
20701055,stints_full_2007.parquet,b49eb21a77fec4044603bd01a736ee4e702dc6b6,32,2880.0
20701089,stints_full_2007.parquet,4cdc656479b86299c0f8c0cdb50af75634c64400,26,2880.0
20701168,stints_full_2007.parquet,8046cf5597bf346d7410663688acc744e6662893,39,2880.0
20701196,stints_full_2007.parquet,b3705c1e0c7014e735493f56e01b50cf374b9687,23,2880.0
20800069,stints_full_2008.parquet,fbac1c30367466d0ad04f0d610ea519594ae9ecf,36,2880.0
20800356,stints_full_2008.parquet,4e3c748fef21c254f51685963b39ba8d00ac9ec7,22,2880.0
20800682,stints_full_2008.parquet,52db9b540f532f6e2887c11959d87c783ba10623,29,2880.0
20800884,stints_full_2008.parquet,dbc067efb70dd1ab43e641effb3a198660488b08,32,2880.0
20801185,stints_full_2008.parquet,affa98a3749f9a8e073082c93fbaaffc1ae9f949,33,2880.0
20900033,stints_full_2009.parquet,892c39c4acd265c6e86775a12e337c8f42780b29,31,2880.0
20900051,stints_full_2009.parquet,59f624cc11d60830a37bfd3809ddd6a5296a1ed1,37,2880.0
20900065,stints_full_2009.parquet,a3ba2c6788014100c50ed96f93b844bd2e1b36d2,21,2880.0
20900426,stints_full_2009.parquet,3a4ac54433ea986ca80dbfcc263ac620deddc9e4,31,2880.0
20900459,stints_full_2009.parquet,f5ad3ceb982005a80d44f00c47c88e01bee9beb8,27,2880.0
20900477,stints_full_2009.parquet,144126f53b73bf58611e9d8c22b5d5de9be12974,34,2880.0
20901196,stints_full_2009.parquet,9ad7115f1b24377fdae8f87c5510923ec4e46127,26,2880.0
21000319,stints_full_2010.parquet,51f2043535dabc012f418349b387f8987f1682ee,33,2880.0
21000357,stints_full_2010.parquet,8fcc337d3b651a2f43e907d85a9c9e2953319c7f,31,2880.0
21000399,stints_full_2010.parquet,c03d4dc2d8c2014a24bdd3e7d3faf65f5984720b,29,2880.0
21000475,stints_full_2010.parquet,73abd609cc893ee2f5b1a4c77251f7da481a0c72,26,2880.0
21000489,stints_full_2010.parquet,a305752298f818072c006e3da365f21fe75fd19b,30,2880.0
21000639,stints_full_2010.parquet,8430abd4c71eeb5361d9c968d8f4eaf20e1d6285,26,2880.0
21000858,stints_full_2010.parquet,443bfc5f6fa9702c2b10b0228734e43a339d52dc,30,3180.0
21000916,stints_full_2010.parquet,dc5b2a94ebc9dc2a26b30b472801ed19f47eac7b,25,2880.0
21000929,stints_full_2010.parquet,fd8f2cace104a08e505b563a9c55f41c10b07f35,32,2880.0
21000935,stints_full_2010.parquet,e6dc4cc336671381b0a8f0fe85f39f624682bec9,41,3180.0
21001013,stints_full_2010.parquet,25ed074edb48a30556178f4a93297abad18b9c8e,34,2880.0
21001110,stints_full_2010.parquet,ab61ebd0486048fda1608075e21f13dde64f93e0,29,2880.0
21001116,stints_full_2010.parquet,630808dbb12dd7887b95ef11cce7b9f41fada4bc,32,2880.0
21001124,stints_full_2010.parquet,528fd9dae2d7202e8fb14a82cb1269f5c22264b3,33,2880.0
21100104,stints_full_2011.parquet,1bf46e84e6be5e1a17724687ac37cd01f6834ec7,34,2880.0
21100230,stints_full_2011.parquet,6cef4e650916ca021ad8af024ca9fcf77468179e,33,2880.0
21100459,stints_full_2011.parquet,6a55c1ac53d5a83daf21633076cff8083e37c1ba,27,2880.0
21100545,stints_full_2011.parquet,032bacb29530161146aa1fe919aade39243c0049,27,2880.0
21200046,stints_full_2012.parquet,ee8fef932ace7a51c81b02de7c4f19240112dc27,30,2880.0
21200385,stints_full_2012.parquet,59930feb66d589a3c126db869ec25de724fb352a,25,2880.0
21200449,stints_full_2012.parquet,6c0c271953be69cd833345a4470ec14f20d26a13,26,2880.0
21200849,stints_full_2012.parquet,7d6ea0148d4e31e97228c55a30d779cdfc3d76fc,35,3180.0
21200957,stints_full_2012.parquet,383910f4af993b56c6e03ebb7678d3e43a2789c4,23,2880.0
21201046,stints_full_2012.parquet,f30470644fc07f15da796beccdbc47a0646474cd,30,2880.0
21300061,stints_full_2013.parquet,461ebe60b94cac0ae9c27e2aded96ecc11eb51b9,29,2880.0
21300347,stints_full_2013.parquet,770465861e838726147173a7d2598746e7f282ef,24,2880.0
21300405,stints_full_2013.parquet,9d8d4602e3aaaea78b5b61a7deb3372517af007c,34,2880.0
21300419,stints_full_2013.parquet,7180ed57fa75172e33001f6aa7c0991ebf17d0a5,27,2880.0
21300438,stints_full_2013.parquet,e1243183e1207900b731869326398b0087e4499c,32,2880.0
21300498,stints_full_2013.parquet,01841ea6bee2193bdfa5d0c52700230896b1c230,30,2880.0
21300574,stints_full_2013.parquet,8d2c3f5d6fa82b1944f26b0f91f3ff21fdc22882,23,2880.0
21301208,stints_full_2013.parquet,ab1659d1bda7fadf7df0a55344d27431a223840a,22,2880.0
21400260,stints_full_2014.parquet,19d7a35da6c697c7cb743985ea95fe9b9db772f4,26,2880.0
21400391,stints_full_2014.parquet,cf9072c4e20de7b1282dfa38d35ef7e000d2fac3,34,2880.0
21400633,stints_full_2014.parquet,e5cf2aad32a0838ac7b1ad685b4cd9f4e296ac12,40,3180.0
21400864,stints_full_2014.parquet,4f5cfcbbe5a96cf51fb6802520dca14f18b6db7b,30,2880.0
21401027,stints_full_2014.parquet,adb17ca66b7b0f52e040c8894cce49607c389ad9,38,2880.0
21401048,stints_full_2014.parquet,a248a2f636b3d9d5730d15d9cc38c41a80667751,32,2880.0
21401098,stints_full_2014.parquet,8addb89c400f78770b61a074e04fdb92e15aebe2,29,2880.0
21401102,stints_full_2014.parquet,c12758a582ceed34c92a3b85b25bc4b8db7b0485,30,3180.0
21401162,stints_full_2014.parquet,e429c1bdf2cb24e6349017cf4e501513f082cf56,29,2880.0
21401220,stints_full_2014.parquet,9d3f932c41f14df1d886e86d10441c9acfbabb75,29,2880.0
21500021,stints_full_2015.parquet,fcc8e22fb68991995ebbdc1687f71e6ae06c016a,29,2880.0
21500117,stints_full_2015.parquet,5b9a5b54d8867c4e20f83e45e0a3e99af9fe4695,33,2880.0
21500141,stints_full_2015.parquet,419bdf3de26c03ac76c50d83ecd70312f65ff1f1,37,3480.0
21500256,stints_full_2015.parquet,7bb268349a988c05a5ddfac39f5c6504915a52d5,36,2880.0
21500297,stints_full_2015.parquet,287d313e821229a809365ee90f2d860fcd8bded5,48,3180.0
21500336,stints_full_2015.parquet,3fb77ebaec666966af73a91ce8ca382a865b5e57,49,3480.0
21500473,stints_full_2015.parquet,bac0aef13134d478bdd404a2d96eee5e165a4b18,26,2880.0
21500543,stints_full_2015.parquet,eb07a72c57df7935fb29e9699f0538da44f9ba88,30,2880.0
21500572,stints_full_2015.parquet,1c818705956c24625337c41bd244e39359d6719a,29,2880.0
21500699,stints_full_2015.parquet,806198e698acdc3a2252ea3b69293d086f439a25,31,2880.0
21500786,stints_full_2015.parquet,d069ff88a39ec6a58384645f3917f1e33f65dcbe,32,2880.0
21500916,stints_full_2015.parquet,06812b5c0b68c4209ddb7293544182d05467052f,37,3180.0
21501203,stints_full_2015.parquet,5fe072069af6002522fbb572791516a43c794682,30,2880.0
21600068,stints_full_2016.parquet,4a9ec4562fa864286e927c57845b16467515529e,32,2880.0
21600081,stints_full_2016.parquet,5a5eed212b94fb97b9c29b5cd340516b63ee1972,35,2880.0
21600160,stints_full_2016.parquet,00a966bd7d4c325335c641abad5645c78eb8ed09,28,2880.0
21600303,stints_full_2016.parquet,042978354f2e951941b849b18941d5722a22953e,36,2880.0
21600308,stints_full_2016.parquet,2c3138f48a8dbef1db3f7f56a82e5579900efe20,33,2880.0
21600368,stints_full_2016.parquet,0980ca3ce2b442f9496c27f6a8b9aa8f37f3697b,30,2880.0
21600505,stints_full_2016.parquet,bfad1286d1e31d3c1fbc53fd519a31bd41c0e719,24,2880.0
21600599,stints_full_2016.parquet,573152665eb80889e3b8791ac729c56d25d2ee8d,21,2880.0
21600796,stints_full_2016.parquet,116fd610318d440d6cc7a2750ad2c166368f5117,30,2880.0
21600896,stints_full_2016.parquet,1207f726bcead6c618c144ca22ddff1795787052,26,2880.0
21600973,stints_full_2016.parquet,71f4c0b2372c893f31420c28c070af6d9a3ffcc2,29,2880.0
21600977,stints_full_2016.parquet,82697d7c8c6fa3fb2bad752b180e8feb65e117dc,30,2880.0
21601128,stints_full_2016.parquet,770e96d9e396f65dffaccfb3b4749b90686cf489,32,2880.0
21601156,stints_full_2016.parquet,c913f4c4845fda5e2677050b87938bccca9cbc81,27,2880.0
21601179,stints_full_2016.parquet,feb45093b08c3c6c5dd6eaef13e13e348cc8ac7c,31,2880.0
21700202,stints_full_2017.parquet,bfb2ad3affe1ae924b7e49c792c106276192f800,31,2880.0
21700251,stints_full_2017.parquet,3ecdb6327aef9e29ad0717e824cdd2edb405f29a,31,2880.0
21700334,stints_full_2017.parquet,b4d035cc49d9826ea43fd72ae764c1c4ae26460b,35,2880.0
21700338,stints_full_2017.parquet,cca054783cc798ceb58f593b5c720a58b183faec,31,2880.0
21700653,stints_full_2017.parquet,8258ec0d15a9f845c783fe5490e6600cfb347f87,24,2880.0
21700837,stints_full_2017.parquet,4e29258c7cfecbec0e044707a1c040ff536958a5,30,2880.0
21700918,stints_full_2017.parquet,6fbcba2f35ca0e56e455bfeff7eed59e78506289,37,2880.0
21701002,stints_full_2017.parquet,93703c7f960943a51579dada26fad3831869520b,34,2880.0
21701026,stints_full_2017.parquet,1444310e4d63a14cb2e670832a80cb78fb47ddce,27,2880.0
21701180,stints_full_2017.parquet,731ed9d9d9004d1a20154e5a911ef0196b2bdd3c,30,2880.0
21701207,stints_full_2017.parquet,a15cba56b149c25087a036a8fc293c6e8abb8968,27,2880.0
21800780,stints_full_2018.parquet,c4fbb35f19f983ad17623dad3a0ec8355fa01ff8,28,2880.0
21800836,stints_full_2018.parquet,bcf5895288fda158a4f68bce2511b2ad411e7243,30,2880.0
21800921,stints_full_2018.parquet,073ba41d1d92bab3393a57f4fa614aabd04744d1,32,2880.0
21801061,stints_full_2018.parquet,e8270ee4b52dd347ca28d211e751e67fe346be06,35,2880.0
21900009,stints_full_2019.parquet,12ca835427b5393ec8c2330e9039c0e496ae1b78,38,2880.0
21900040,stints_full_2019.parquet,b30c870a6a763a5b61f6a909cc50e2731bfbe2f0,33,2880.0
21900237,stints_full_2019.parquet,149165d1a41be3d3e11b3b49600bc89146cde37c,22,2880.0
21900339,stints_full_2019.parquet,c21c8734adc0394f0696f06f207fe0ede3b7f52f,38,2880.0
21900480,stints_full_2019.parquet,814333fa0898b99b7939e090ef3d3e563c4865d5,36,2880.0
21900503,stints_full_2019.parquet,21f086c1051dda7da6fe281e7b0ef49953e64112,37,2880.0
21900530,stints_full_2019.parquet,68e75b088f6c0c939147a3c3ccf00ad8fa302d9e,37,3180.0
21900879,stints_full_2019.parquet,fcec0dc84244214445694064ba5f8596ac018ac2,20,2880.0
21900881,stints_full_2019.parquet,b9d224fd7b2924ce6161bebb4ad6478976ebd6fa,8,2880.0
22000072,stints_full_2020.parquet,6bf5a5003321a24b652306c82435315293494655,30,2880.0
22000098,stints_full_2020.parquet,b57782525b3043996eeee3a1f4e6a916ca6fbe99,35,2880.0
22000232,stints_full_2020.parquet,da4cbe638cdbdb0c666de46bbf82e69dc6f4eb8f,33,2880.0
22000299,stints_full_2020.parquet,87a3a2bf5682c5c7fb62973cda8df56624498ac5,37,2880.0
22000478,stints_full_2020.parquet,7f442f402204c1b2b2d2cf9bdcd66879f20adb92,33,2880.0
22000496,stints_full_2020.parquet,3343062a8070153d21f6a6ef9e372d7272a962db,36,2880.0
22100058,stints_full_2021.parquet,24653bc365a3e2050cf960be1cd6c67632d74ad5,30,2880.0
22100072,stints_full_2021.parquet,f8fe3a927cd663be6cdb496eb2bf78703b24095c,34,2880.0
22100074,stints_full_2021.parquet,6e20b7aa2e43e7dd7252de189de312cc3921593a,31,2880.0
22100266,stints_full_2021.parquet,8bcc88eaf9fc0409df8a0bdb94fa54be5804c16b,41,3180.0
22100475,stints_full_2021.parquet,3d3e5ede0ef38fa3dd7c9fd239ba387aebb97950,25,2880.0
22100488,stints_full_2021.parquet,04d994e6a64100e748d77ef0ee52db65669426df,26,2880.0
22100527,stints_full_2021.parquet,797eac8eeb64f7f53885e4a02c6cc7f3d1af0128,27,2880.0
22100555,stints_full_2021.parquet,72dcf7b87c04447405fab5d6bf96ec45ad4b2750,36,2880.0
22100712,stints_full_2021.parquet,bd04890edf1d706d148e4e6408ee4eaf807dac8a,37,2880.0
22100773,stints_full_2021.parquet,6cb2a899325a966034f1f435dd7fc81a4997e28c,34,2880.0
22100862,stints_full_2021.parquet,83992d0291ba5f1ed6224d9f054226eacbd41d31,29,2880.0
22101166,stints_full_2021.parquet,93da6d439fb1647a39bf1ec9d3042092d62f7503,24,2880.0
22101181,stints_full_2021.parquet,6954a3e63931308ab8ba36d010b6c6728883f65b,27,2880.0
22200020,stints_full_2022.parquet,63e02aacba9de8f1ba440e901871aad42aaec57a,29,2880.0
22200117,stints_full_2022.parquet,2732ab22ab473783a9dbb1b28a090d3d87a9166e,32,3180.0
22200256,stints_full_2022.parquet,658515e740e11cfe29e6d32ddb03b51532bb21c0,31,2880.0
22200313,stints_full_2022.parquet,a9c37eb14d60b4fb35463c9300e7fa5a9c6bd802,25,2880.0
22200362,stints_full_2022.parquet,6763aeb6eb1a2111ea7647c44b87ec1a39fe17df,34,2880.0
22200439,stints_full_2022.parquet,29ba2c17b198a2e3e68b6f80155974836daf7799,35,2880.0
22200442,stints_full_2022.parquet,a6915f05a0eeffb3bc876f45b373d944cf13bcff,29,2880.0
22201021,stints_full_2022.parquet,37b66bcfe00f2d67424409c5fbbb2a03d8022fd3,23,2880.0
22201122,stints_full_2022.parquet,4d2c5ee9e0757a01e256661d207d2d031bf2ed27,35,2880.0
22201182,stints_full_2022.parquet,4f89c00a686c177341729160e16892fbc28575ca,28,2880.0
22201193,stints_full_2022.parquet,c28987139208767300a2a524f93ad44e3f2c034d,29,2880.0
22300072,stints_full_2023.parquet,57defe92897048c1456ca32195d2fc83f06f5d03,34,2880.0
22300087,stints_full_2023.parquet,7fbed66ce7416378d64c3742d4811b7ba4f4d2d1,35,2880.0
22300140,stints_full_2023.parquet,3d16c06c5dd28ca33550a248eb97ec720bdc0f5a,31,2880.0
22300191,stints_full_2023.parquet,91070726c875725fe76b69a581bcee416b4de1ad,26,2880.0
22300264,stints_full_2023.parquet,7fe619e9d5e759b209411be8798b2186ed230135,30,2880.0
22300291,stints_full_2023.parquet,f044737894b4359e962b756cd226b16f03b1f4df,25,2880.0
22300303,stints_full_2023.parquet,04c7c1bbc393a51d737a90d1e73cd94028e30793,33,2880.0
22300339,stints_full_2023.parquet,0b6ab0165437cd6d82d50f12b3f2f5bce5ddf353,31,2880.0
22300382,stints_full_2023.parquet,663292280430f8bbd0f7533c0f9d2a07627fa7ad,24,2880.0
22300397,stints_full_2023.parquet,879c9a317356a6e91b723f8e259bfcecd35be026,27,2880.0
22300493,stints_full_2023.parquet,dc7d5b848270b0c3b72f0d53a6b609e7d0c33559,32,2880.0
22300594,stints_full_2023.parquet,21441a75133e5cad4818d24d64e5f4224a1db62e,28,2880.0
22300627,stints_full_2023.parquet,ac3e84a9e843fd3476243b0563faadf63ae38894,35,2880.0
22300736,stints_full_2023.parquet,09b2163d93899d94a03e61fb299207663a59f844,29,2880.0
22300810,stints_full_2023.parquet,3636299d59c502fc82ab258ad75fe5d656dd3825,32,2880.0
22300863,stints_full_2023.parquet,9e8df261e11b881937ef03448b4cf3e1c1d624c5,32,2880.0
22300884,stints_full_2023.parquet,6538b7758905bff6a8e7d02fa6c950428795c145,27,2880.0
22301042,stints_full_2023.parquet,fa82d740e749dc16b7157fece153a30cd554ab07,27,2880.0
22301043,stints_full_2023.parquet,f5b892fe195fe9cc5ce9bf12b0bef1c5a3b6c3dd,30,2880.0
22301061,stints_full_2023.parquet,fb2eb5b5a33c426b6a0b5962597e0ed8f58c75e6,28,2880.0
22301100,stints_full_2023.parquet,f56073be5ac4c75d83d5ef1d368e5cc7db40bcf4,31,2880.0
22301109,stints_full_2023.parquet,c560b1263a74806b99056999f9f752bebf872890,25,2880.0
22301112,stints_full_2023.parquet,e32d65896d8c7ebf0ed3fb1e18d7e8bfafa8adbd,36,2880.0
22301124,stints_full_2023.parquet,7c409752663bcc73d5602f09beb97b518448c07d,35,2880.0
22301133,stints_full_2023.parquet,4080d668adf0fdcba5dc952c8e177d9d5b9eeaa5,27,2880.0
22301146,stints_full_2023.parquet,58678cf8ed002028bb11fd37534565974d5facef,27,2880.0
22301176,stints_full_2023.parquet,f2c10c4caabfac0688eee6fd756102733f0841d9,27,2880.0
22301189,stints_full_2023.parquet,6e05865546b9f0e197bb46a6a00478f5938aa59a,21,2880.0
22400078,stints_full_2024.parquet,0f5e43adf125fbcd9a4f1506703e0b7b04cf533b,42,2880.0
22400147,stints_full_2024.parquet,03eb13a5f4afb3f00ef1ca60c431b6cc33082d39,33,2880.0
22400212,stints_full_2024.parquet,af47b9628913909ba425240d3544e095a5d4d2c3,32,2880.0
22400223,stints_full_2024.parquet,58c680afdf29c36d66feed288acd4b655908caa4,35,3180.0
22400240,stints_full_2024.parquet,c4886db30ab146ae8c747bc804197afc724ad298,32,2880.0
22400248,stints_full_2024.parquet,3305bf6b5d792d20b5df5dc47335d9f9a6dd252e,29,2880.0
22400268,stints_full_2024.parquet,d50557a7abe8835079118e564ddf52e04d3a0c09,27,2880.0
22400331,stints_full_2024.parquet,8c5d8fadbb235a4a5daecd101b91c90eee7715d7,39,2880.0
22400437,stints_full_2024.parquet,1829e92f287be54c606ddfee604e5baec00b3ee0,28,2880.0
22400469,stints_full_2024.parquet,61d5a8ab8038cd7a625f9d77b6664c6308167bc9,38,2880.0
22400510,stints_full_2024.parquet,8a8af5f3dd0e519b739d722b39c33624c025f994,33,2880.0
22400545,stints_full_2024.parquet,7d96fe039a9198efdecffc491c776136f69ba643,26,2880.0
22400596,stints_full_2024.parquet,f9bc545a0def5dfec0d74d143f0d754c82aed7e8,32,2880.0
22400621,stints_full_2024.parquet,e2747678a3e05928c2c74d88cf0ef1284c00adf6,29,2880.0
22400633,stints_full_2024.parquet,126ecdba77b2a9932a55fd86d4e9da56bdd5416a,29,2880.0
22400710,stints_full_2024.parquet,ea30115c9c52a945fadf11cb84cc924767b70ebf,29,2880.0
22400720,stints_full_2024.parquet,7b3522acab434af82b2f3fc51d558a3734e9fe5f,33,2880.0
22400737,stints_full_2024.parquet,8860e11f7393bee4c55c92db68e7677511aa6712,30,2880.0
22400903,stints_full_2024.parquet,d79fd32f96beb01d1709943ed0fcc3f0eb74dfe2,38,3180.0
22400933,stints_full_2024.parquet,13a5d7024dd0d7e1de6d02712267f9e550d22fe4,34,2880.0
22400959,stints_full_2024.parquet,464d19f789466f08982f536dbe21377b29bd07d3,33,2880.0
22400967,stints_full_2024.parquet,c02886cc45d2b4f97fb4506ff01ce37330854214,32,2880.0
22400975,stints_full_2024.parquet,d23e66f05caa97bc4631195bce9187cd9857caac,26,2880.0
22400992,stints_full_2024.parquet,f7934cb6bf9c26627f19ea02b4a9fb0e341d9e6b,33,2880.0
22401006,stints_full_2024.parquet,9657649b678296f64fd912a18237e27be201df88,27,2880.0
22401037,stints_full_2024.parquet,e2a70d3418f3fd95bd62ad1f19526b3207f68df8,30,2880.0
22401084,stints_full_2024.parquet,389101a6e2fc0fcd36ccd26b334dfe415350f85e,31,2880.0
22401218,stints_full_2024.parquet,78a40ad4a69eb7a7770cebf0f8e1fae4000de806,28,2880.0
22401230,stints_full_2024.parquet,43eaec9479432882d34e6a505c765c6fb836732a,33,2880.0
22500002,stints_full_2025.parquet,b74fc1954bd615dc1aea54c69bd9b35afc8bbdbc,34,2880.0
22500013,stints_full_2025.parquet,595e36a49f58f777f16fd4a2fd9b7d71360e0b28,32,3180.0
22500029,stints_full_2025.parquet,9f87237a270c378ca8c066b28862f19d68c9f538,27,2880.0
22500064,stints_full_2025.parquet,6a5fbd7115a3d8457bfb19a04e9ed39682bfbb25,31,2880.0
22500093,stints_full_2025.parquet,8a7aeb75fa0f347c78fa261b737cb422dac655c8,38,2880.0
22500207,stints_full_2025.parquet,3c3974a6feb5d416104159012de23eecad00bcff,34,2880.0
22500297,stints_full_2025.parquet,4742a58022741b6daa7ff23097b4177265cfbf5a,29,2880.0
22500418,stints_full_2025.parquet,e7a0832b5ecc41d7cee4d175c324cd58d72ce656,27,2880.0
22500702,stints_full_2025.parquet,c537c7b6c45e900cb0917f1a9b3883fbd49ec498,27,2880.0
22500703,stints_full_2025.parquet,98e743b75639f5ba6132be40bbc4803100c63d7f,35,2880.0
22500704,stints_full_2025.parquet,889c10d427b39cac7ba9d33313d6c7a2234d865a,26,2880.0
22500705,stints_full_2025.parquet,bac28de215194d31bf1f7d875d94d94cc00df99e,33,2880.0
22500706,stints_full_2025.parquet,56107b1176b35955e934137a282fbba792c4e319,37,2880.0
22500707,stints_full_2025.parquet,c12d4fa33c9dada418fdaac34f92f7dceae14958,25,2880.0
22500708,stints_full_2025.parquet,430c188659a7192dab8151ac2ecc8dad930586d0,29,2880.0
22500709,stints_full_2025.parquet,5127bea53976b37b89ea7669d0bee32eed8b1558,33,2880.0
22500710,stints_full_2025.parquet,e560a5fce943f519f96e92ff06ed30d30f8bdecb,26,2880.0
22500711,stints_full_2025.parquet,1c723b1e3654b4ecd36fa148c75ace1c879bf09f,29,2880.0
22500862,stints_full_2025.parquet,3948b3f45c84b6cd179ee84c92af6f3d3290f370,30,3180.0
22500900,stints_full_2025.parquet,5c0c5e55a65c6320ce1e3f309d6d7b0898058d8f,32,2880.0
22501104,stints_full_2025.parquet,f84bb5bd8c89019d13430f8a38463cb3a0236c31,29,2880.0
22501127,stints_full_2025.parquet,85875fc682a8f834e81e59ff893f939ed277e147,35,2880.0
22501205,stints_full_2025.parquet,8d76d30f582f2e8e386a577e43c4d044004e92f0,36,2880.0
29600039,stints_retry_period_1996.parquet,5693d741b4f318ef60ca11dfaef2f7d002d989db,30,2880.0
29600069,stints_retry_period_1996.parquet,c7ec19d0989e77e3fce660069088e97b1fcdb08e,33,2880.0
29600078,stints_retry_period_1996.parquet,6d710f9e9e58d438debaf497f130c6475a4e648a,28,2880.0
29600096,stints_retry_period_1996.parquet,694c9dc3aecb33a5a88f47a4c1bb125dc05f19eb,20,2880.0
29600158,stints_retry_period_1996.parquet,66109d92fcb2e1a08d6f8fe3d29d8049c66eb957,35,3480.0
29600272,stints_retry_period_1996.parquet,e408400e0b82050987483647673e45b8711bdce6,20,2880.0
29600565,stints_retry_period_1996.parquet,09c28ee1722d4e2e290b561632474b26f45d7e39,28,2880.0
29600664,stints_retry_period_1996.parquet,8917aafdde7423529d26103dbf9e1aa094d00d5e,29,2880.0
29600976,stints_retry_period_1996.parquet,b3a49f850c23339980163165f078c8f489434df7,30,3180.0
29600992,stints_retry_period_1996.parquet,1823f23a6129f9adf691aceb3d1917819bfafb72,27,2880.0
29601000,stints_retry_period_1996.parquet,d873952d36735e08ff22d4b6225961b7a307304c,28,2880.0
29601022,stints_retry_period_1996.parquet,981cc458be2d343e60def706b6744034df5db495,31,3180.0
29601037,stints_retry_period_1996.parquet,0f36d15e7186323f0e930d0b6e03bc4eff4dec43,29,2880.0
29601099,stints_retry_period_1996.parquet,5a0ff33eea9a711a29beabec94aa4a52ef5a8acb,23,2880.0
29601113,stints_retry_period_1996.parquet,73fac52a94d93920943084701c7838729b9d89df,26,3180.0
29601144,stints_retry_period_1996.parquet,b9497fa9fa133f3a798f1ad7776fc05541aa265d,24,2880.0
29601161,stints_retry_period_1996.parquet,1cc076edc0a4dc127ea763b83733e45aa4419334,29,2880.0
29601180,stints_retry_period_1996.parquet,19d0fe79afdbbccddce9740e7a664b646106f1fe,23,3180.0
29700159,stints_retry_period_1997.parquet,3e06606608f411df91c9b24d7b75ec0835a248bf,31,2880.0
29700278,stints_retry_period_1997.parquet,18e2338adf7d5194aa3b0311bcee893bad925055,41,2880.0
29800006,stints_retry_period_1998.parquet,848415dd2a74541d1bd734f2dc404092196e8ed1,34,2880.0
29800100,stints_retry_period_1998.parquet,624a46803f04f3fcd06ace9007c2549cb1e5edf7,67,3780.0
29800606,stints_retry_period_1998.parquet,d45c687ae9368095f435ca31cc1c05096f5f696e,38,3180.0
20000524,stints_retry_period_2000.parquet,117542bb548c4583dd0c56dc00ec8ad2e0ade205,35,2880.0
20000930,stints_retry_period_2000.parquet,8494312bedcb9f142a11d3a4b1c52c9070de3406,26,2880.0
20001142,stints_retry_period_2000.parquet,1112abcbebbfad1fea3ff7f2aa3545a71a8f7997,35,3180.0
20001169,stints_retry_period_2000.parquet,779d89ab30d3c55ca2f05331b1c27abf0d92d29e,24,2880.0
20100112,stints_retry_period_2001.parquet,c92784a995055c9d61eea2724600d3062c55fc51,31,2880.0
20100249,stints_retry_period_2001.parquet,07be1af3fdf47f5a79c4dbcd5e9d70ac096f68fb,26,2880.0
20100500,stints_retry_period_2001.parquet,02ad2b096ea9e8a5984e9f8487f34579a3cf9753,29,2880.0
20100973,stints_retry_period_2001.parquet,f761008fa41d5d64826ad05a9baee3080ad415ae,35,2880.0
20101009,stints_retry_period_2001.parquet,09dcb18caed8e51d8372d5b02dc4168fe9874008,28,2880.0
20101048,stints_retry_period_2001.parquet,5811b9fa985e787b1e16d79e3275873154d22b24,30,2880.0
20201043,stints_retry_period_2002.parquet,fce16d9e743a47901ec4b97e3567f35f804e22b3,23,2880.0
20300294,stints_retry_period_2003.parquet,86261d1fabe97b5d665b562d149a04333f1e743f,35,2880.0
20301143,stints_retry_period_2003.parquet,0a731a08b1a17d2e0045a1aa498979534f545855,26,2880.0
20400151,stints_retry_period_2004.parquet,83457b27ba6d8a86768a83fe0e91e49d94afe04c,40,2880.0
20400254,stints_retry_period_2004.parquet,e37f8770de1c07978d87b3a675196853e7d8696a,41,3480.0
20401085,stints_retry_period_2004.parquet,a34f6699abb1d8578214b41e0ace57aa329b7b6d,29,2880.0
20500021,stints_retry_period_2005.parquet,f7610099b3ac821e2036b7918da72baa973bcfce,38,2880.0
20500350,stints_retry_period_2005.parquet,4641c29dde4ae0ec458ee773c7faf7b858f5b047,33,3480.0
20500773,stints_retry_period_2005.parquet,b2fc283a6d937a508c3391f9bae75cc67c15560d,36,2880.0
20500805,stints_retry_period_2005.parquet,a3fa3caf1c7e0339a0fd24324cebb1be80bc2276,32,2880.0
20500980,stints_retry_period_2005.parquet,2d49c6c804c8a8ff5d8b6a2a32c7d1bd535591e4,39,2880.0
20501077,stints_retry_period_2005.parquet,8c5fa26e5d4828cd7e93fdd7b48794ea0924cadd,26,2880.0
20600344,stints_retry_period_2006.parquet,e2097d0e7015308d62543175a0f3733ddae69f2a,35,2880.0
20600531,stints_retry_period_2006.parquet,44db3d5772386c11dd09c2ab875c4d3937126f5b,52,3180.0
20600863,stints_retry_period_2006.parquet,4f5edeef70321e5cc59fc8bfeee5f7cc6892603c,39,2880.0
20600879,stints_retry_period_2006.parquet,020e583f8b67421a50ef7ff455159f339803a297,44,3180.0
20600940,stints_retry_period_2006.parquet,316be383e272ca256e101c334198910aad0c46b2,28,2880.0
20600942,stints_retry_period_2006.parquet,85e6860545233b12110f8ddc3da1a7c4d95cd970,35,2880.0
20601062,stints_retry_period_2006.parquet,1be3ae92d543b678ee7a4f22027a09eb02eacc06,37,2880.0
20700049,stints_retry_period_2007.parquet,ea021c723d88ed3f3eac603ffb8233f296cdc0fb,32,2880.0
20700059,stints_retry_period_2007.parquet,0db8f4c23c407679acb800a4848c22851a2786be,33,2880.0
20700092,stints_retry_period_2007.parquet,5ceb61127f5d6eb148a68b6aef5416b5e5eb4499,28,2880.0
20700107,stints_retry_period_2007.parquet,62b3b8fa4b15f613e0401bf9f994748383a4cf63,36,3180.0
20700238,stints_retry_period_2007.parquet,13b6d7e55467d505123b8afbfc201b858c1212f5,39,3180.0
20700252,stints_retry_period_2007.parquet,81420fabe4f67e67afd84fee3106ac854ad0ffe9,26,2880.0
20700426,stints_retry_period_2007.parquet,3a09c53d8db7f06a948ba052d72bf5b0d6a81477,27,2880.0
20700461,stints_retry_period_2007.parquet,d700d9552d5c2f490c878498b066471193f0f61f,31,2880.0
20700477,stints_retry_period_2007.parquet,0c8bd6e09c2ec4cd4dcb9b877a677ee65da41c20,24,2880.0
20700504,stints_retry_period_2007.parquet,6959c66ec10f2b2a2dce6f31e0c8857cbc93aa40,23,2880.0
20700521,stints_retry_period_2007.parquet,800c75eec2c0c232503fdb9d09b6d8603162b577,31,2880.0
20700562,stints_retry_period_2007.parquet,679bea0cd62782be0d6c7dc71f72126781ac7504,29,2880.0
20700673,stints_retry_period_2007.parquet,81b7b6044105520e2b3ad619c84327d59859a62f,30,2880.0
20700697,stints_retry_period_2007.parquet,b09a8c6d8eded3f435f899ad8c2d9df383f9c561,36,2880.0
20700754,stints_retry_period_2007.parquet,f570191c8560d422b8dbff3241ce9ae6db278f39,32,2880.0
20701055,stints_retry_period_2007.parquet,a72f3a1615a44d00516a2ffb85371f57e13e341f,32,2880.0
20701168,stints_retry_period_2007.parquet,528f0b397ad469b08874bc0ae2d45997c1a09134,39,2880.0
20701196,stints_retry_period_2007.parquet,fc5207442b63a65e19e66e670a81e3f75af7f8ff,23,2880.0
20800069,stints_retry_period_2008.parquet,f40ec3733d7e260b4855f2f1bbadf23c48fc810a,36,2880.0
20800356,stints_retry_period_2008.parquet,3bfa2bda2d6dabffec2d153f18415dd2e277daf1,22,2880.0
20801185,stints_retry_period_2008.parquet,2f06b0694dfbea4b8afbc57d773029ff97cd4d9c,33,2880.0
20900033,stints_retry_period_2009.parquet,63590fa8071b2306b9305f33c250b2dfaad2efa7,31,2880.0
20900051,stints_retry_period_2009.parquet,91ae202371940c13a7b9f007c9946de93ecc9150,37,2880.0
20900065,stints_retry_period_2009.parquet,4d692e5688ec7f56a96ac66f7bcef378e78caaff,21,2880.0
20900426,stints_retry_period_2009.parquet,463a2df0bd3761fd1b94530cfa82056fbba85825,31,2880.0
20901196,stints_retry_period_2009.parquet,c15e3c7126a928dbd45950d3f7d1ab2289bbde7a,26,2880.0
21000319,stints_retry_period_2010.parquet,cf1ee719cf7346b86082f4c7539c1ef95cfe0aba,33,2880.0
21000357,stints_retry_period_2010.parquet,39490bb6d56c49d44b682736123285e6bd2a76e2,31,2880.0
21000475,stints_retry_period_2010.parquet,629fd577ee6e885850f2010cc78401792a4dd3bd,26,2880.0
21000639,stints_retry_period_2010.parquet,50dc04f00a987215b18d2cb81b6f42cff29f8ab2,26,2880.0
21000858,stints_retry_period_2010.parquet,63f520e3a17069cc08e8fcde52af1a8582a93524,30,3180.0
21000929,stints_retry_period_2010.parquet,5302933efea1b80f3b73389d39c93fa5a21eb557,32,2880.0
21000935,stints_retry_period_2010.parquet,14223e7c618a43ecde81a349bd475dccb688a624,41,3180.0
21001013,stints_retry_period_2010.parquet,588672db4604d5c465fd7c0c737212dd0c365940,34,2880.0
21001124,stints_retry_period_2010.parquet,482d3c12a675d761eebbc83e8df592620f9fe77f,33,2880.0
21100104,stints_retry_period_2011.parquet,05a0b6dfb2dfbfa4817f4ac89996ac5e96f8f03f,34,2880.0
21100459,stints_retry_period_2011.parquet,5b6ff307fb1778768795756a157eb62809c9907d,27,2880.0
21100545,stints_retry_period_2011.parquet,62be64210525388395a4b02b5ff2713489e3df63,27,2880.0
21200046,stints_retry_period_2012.parquet,576b798722b61b113402de464a720bb6b77adf9a,30,2880.0
21200385,stints_retry_period_2012.parquet,aa051200d5abcc6ed218bd2bb1595e66091806b6,25,2880.0
21200449,stints_retry_period_2012.parquet,2e0c486750bac278a7ad0bcfd57841f01e048b9d,26,2880.0
21200849,stints_retry_period_2012.parquet,5765d3d2b99008f3ee2c730d32170986f916895a,35,3180.0
21300061,stints_retry_period_2013.parquet,21d7aa529c29af094dfdef044039764e1f255363,29,2880.0
21300405,stints_retry_period_2013.parquet,31790bc2c2b559e9016dab7da466da64df9a4912,34,2880.0
21400633,stints_retry_period_2014.parquet,ff57717915e4da0e2e2f531046a05dd48d21cec4,40,3180.0
21401027,stints_retry_period_2014.parquet,90e97e85912bd381a7625321e58d3a87f7179ec9,38,2880.0
21401048,stints_retry_period_2014.parquet,e3b3f99e8a528fe15ce790b488fcfea316895ea5,32,2880.0
21401098,stints_retry_period_2014.parquet,b866ec5fd006aeafa754c34afd2d17b520385515,29,2880.0
21401102,stints_retry_period_2014.parquet,a760fd4dc3a968a03f0a92e03bd6bdcff1399881,30,3180.0
21401162,stints_retry_period_2014.parquet,2c283fda79d9a000f1f557f94ef47e15cbecbe88,29,2880.0
21500021,stints_retry_period_2015.parquet,8bb79102a33a3f31554148b79b864f1660d7f53b,29,2880.0
21500117,stints_retry_period_2015.parquet,144fc2f0a002d1f0264a42c8eb943c2cb5a1df85,33,2880.0
21500141,stints_retry_period_2015.parquet,44bb2e84068e446edbeea077deae592b72af0db5,37,3480.0
21500256,stints_retry_period_2015.parquet,654d7419ceda52ef9d19711478a76ff12746be64,36,2880.0
21500297,stints_retry_period_2015.parquet,d4b700c46cac3096c1b9863fdf9555180c2a7953,48,3180.0
21500336,stints_retry_period_2015.parquet,501e323eac8686e8d77621b8dba57985b5992946,49,3480.0
21500572,stints_retry_period_2015.parquet,78f3711845be3a9928e5a080bfe3e877dbcd7ccc,29,2880.0
21500916,stints_retry_period_2015.parquet,cc82cb399383e678ea4f40e502e0a44be043fa82,37,3180.0
21501203,stints_retry_period_2015.parquet,deb2a141df89f7303b25cb23ab89f15cb2faffb5,30,2880.0
21600068,stints_retry_period_2016.parquet,36feea64ccde9c65fb558fc93d2722f3a8b04605,32,2880.0
21600081,stints_retry_period_2016.parquet,c339f4a953b117fdb7be17ffe05eda000a4acb7e,35,2880.0
21600368,stints_retry_period_2016.parquet,468e3b6d9c5d1b3552f3d9b929e3e3ac8ac0c083,30,2880.0
21600599,stints_retry_period_2016.parquet,d19616e98dbd4a8623224395b6ecdd7daf4e8a92,21,2880.0
21600973,stints_retry_period_2016.parquet,c6f94dc5e1bee3424d6f9d7a6d82098625ba16c9,29,2880.0
21600977,stints_retry_period_2016.parquet,3798a10a136d169eecee3c9fedd70958d03fc582,30,2880.0
21601128,stints_retry_period_2016.parquet,44ab664ad3f37e30aee2b5f634e8cc589266128d,32,2880.0
21601156,stints_retry_period_2016.parquet,624e72ff8bf69267b7da6e7a402738942f20cc28,27,2880.0
21700334,stints_retry_period_2017.parquet,4b288e107ce24e78563571fc8a75074f9ba6798a,35,2880.0
21700338,stints_retry_period_2017.parquet,6d3fcd833d552c6c390e648c40205db500d13062,31,2880.0
21700837,stints_retry_period_2017.parquet,ef3293c4a95ae3cd9d2ddb8768e486e51059b997,30,2880.0
21700918,stints_retry_period_2017.parquet,56274f85913656392700a99b58f6efe4cecc786c,37,2880.0
21701026,stints_retry_period_2017.parquet,40d7a40a7c7a600002b6e82d313cfc0f8324e6b5,27,2880.0
21701180,stints_retry_period_2017.parquet,5fcccf1480acd883a4576e7eaa6909845c5fb6f2,30,2880.0
21701207,stints_retry_period_2017.parquet,d09532118d71a3197e0a18044438325f1e707489,27,2880.0
21800780,stints_retry_period_2018.parquet,3bce9d000f2040399e4730dbbf3fc2c3d1c9838a,28,2880.0
21801061,stints_retry_period_2018.parquet,2d3fd9be0239032a819eb44936a0e40c64823f92,35,2880.0
21900040,stints_retry_period_2019.parquet,c6b965b4da4091254a3ac6738d1e50830f7d3a0d,33,2880.0
21900480,stints_retry_period_2019.parquet,c2ac73a95d8c9b63f40f9add1d397bd10bd13848,36,2880.0
21900503,stints_retry_period_2019.parquet,47eb556af9bbc5d688bc89bf5704ad334716235c,37,2880.0
21900530,stints_retry_period_2019.parquet,80a5d6b2c24cba55fdfb31fa604ecf31fc90797b,37,3180.0
22000098,stints_retry_period_2020.parquet,c1bb2de9af65926a7e18902061cb432e17244edc,35,2880.0
22000299,stints_retry_period_2020.parquet,e5195ee75baa7949e037abf0fa2cacc68c64cfda,37,2880.0
22000478,stints_retry_period_2020.parquet,91d454a4ea0672962795f015c11895fa5a76daa7,33,2880.0
22000496,stints_retry_period_2020.parquet,fdcb403c608c85a59faf7801d846cecbe98a1a7c,36,2880.0
22100058,stints_retry_period_2021.parquet,f76dc5e08e0ec1c7b5ae583d4cb35b66f1d44d73,30,2880.0
22100074,stints_retry_period_2021.parquet,d708758451808802cd1eacbe5bdec62876c89290,31,2880.0
22100475,stints_retry_period_2021.parquet,20e5952cc67de1a99baa581449dc4f6d592f0afa,25,2880.0
22100527,stints_retry_period_2021.parquet,c515dee217bb5de986110f28bb44f5180d17c99a,27,2880.0
22100773,stints_retry_period_2021.parquet,fa1b62fb0139178522c3537403014344425d4948,34,2880.0
22101166,stints_retry_period_2021.parquet,25f05bec93ad8c6dd4b8f3d8575367d3e111660a,24,2880.0
22200020,stints_retry_period_2022.parquet,d3ff77c7baea608b05f8d1e36a885b03d3b269e0,29,2880.0
22200117,stints_retry_period_2022.parquet,f8f15f823c6bd4e65a15ad2429d649e454627cae,32,3180.0
22200256,stints_retry_period_2022.parquet,19adbb9683695fd09defcba159fa693a9f44d3d9,31,2880.0
22200362,stints_retry_period_2022.parquet,3e982494bbf32714f3b5fd102f5a582a09487c01,34,2880.0
22200442,stints_retry_period_2022.parquet,318048c485026350c4959f998feddb3b77fec0a6,29,2880.0
22201021,stints_retry_period_2022.parquet,4b1dc55b4b26a1bc3a273b6cefbbfe99b22665cc,23,2880.0
22300072,stints_retry_period_2023.parquet,3a1d1913211d2a4c08688a708017a9aba2fcc38d,34,2880.0
22300191,stints_retry_period_2023.parquet,5d99e071cf1232eb58bd506d27a681271eb755a9,26,2880.0
22300264,stints_retry_period_2023.parquet,cde95fd97add4f9e267c88c3ed27925cd5cc692a,30,2880.0
22300291,stints_retry_period_2023.parquet,afbe23d0051d5490c84f74541d0b2a23d4ce0dd6,25,2880.0
22300303,stints_retry_period_2023.parquet,b253f9ed83a30593f88bb6a81b80002e075e79e0,33,2880.0
22300397,stints_retry_period_2023.parquet,0f3f319f46820bf87ad267c183c18b884b09ef03,27,2880.0
22300493,stints_retry_period_2023.parquet,bb83c9082a1b4a9e542cc90c91525d8c99c6662b,32,2880.0
22300594,stints_retry_period_2023.parquet,3e53e78e9af20097da0d897f3f628e7f237aa379,28,2880.0
22300884,stints_retry_period_2023.parquet,1b7ccc0b9974310ca02b376e2ade5a9a78498768,27,2880.0
22301100,stints_retry_period_2023.parquet,2df7d13b4f1a841365bf6e594302a86da78a734a,31,2880.0
22301109,stints_retry_period_2023.parquet,e355d5791af0fe247fe034bf58854c9f0e1b64be,25,2880.0
22301133,stints_retry_period_2023.parquet,7c8b2b68d11adf65d53e0f53f64b44c86f8310c8,27,2880.0
22400078,stints_retry_period_2024.parquet,c13e9034c3d54f88a53afb27887bd3ed42cfedc7,42,2880.0
22400212,stints_retry_period_2024.parquet,85eb7ae0f8e02c9ea254c990bc5c111876f5061a,32,2880.0
22400437,stints_retry_period_2024.parquet,eebfc32b49168aa87481e7f084314fb1e13761ba,28,2880.0
22400469,stints_retry_period_2024.parquet,a75f3ea1fadd3fbfca2dd652596692cdb51df398,38,2880.0
22400545,stints_retry_period_2024.parquet,5bde5a634ec0917efd2e95218a08e1115ae7ff9b,26,2880.0
22400710,stints_retry_period_2024.parquet,1cd3f36cadc228f7c3b24a5e58e08d23573e0e84,29,2880.0
22400737,stints_retry_period_2024.parquet,4252d3771376462901a53b7cc178cbce93a5ec6b,30,2880.0
22400903,stints_retry_period_2024.parquet,fcce5e24cfa07b8b3c39aa2a1b4beb5af608b5da,38,3180.0
22400959,stints_retry_period_2024.parquet,e174c4a4a993f886f3be6011ecfede8c38c501f3,33,2880.0
22400967,stints_retry_period_2024.parquet,28daa1c8f14887b414dfd9831c3a89cd5c659f51,32,2880.0
22400975,stints_retry_period_2024.parquet,309f637ab38fe5a08a297c561e3e8ff3bfe5bae9,26,2880.0
22400992,stints_retry_period_2024.parquet,7052836ce12bd0b33c54234b42b041964ada05d9,33,2880.0
22401006,stints_retry_period_2024.parquet,bb2e4c11a70e4a18f6402ffb4365faa80df61bca,27,2880.0
22500002,stints_retry_period_2025.parquet,52b02cd71422123c4998931a95d389562ab5dc84,34,2880.0
22500013,stints_retry_period_2025.parquet,e8221f21a7ee0cd61a5c79eff6790afe57909af6,32,3180.0
22500093,stints_retry_period_2025.parquet,4c60db26d800b3e404ba342370dc25d29f6aac24,38,2880.0
22500207,stints_retry_period_2025.parquet,5c01a2f1ab6a4053355c65c54020c9d866ee9648,34,2880.0
22500418,stints_retry_period_2025.parquet,9e2147f7cfeb664d420353c4bc596ebd8acb01b0,27,2880.0
22500862,stints_retry_period_2025.parquet,64f9eb6628cd5ee13efb730b2e3f140d911d9c6a,30,3180.0
22500900,stints_retry_period_2025.parquet,a12a2cdffc4758a6091b493d7f4d433d531a1c03,32,2880.0
22501104,stints_retry_period_2025.parquet,adf3df0b29f84157d1ebc12d3e95c3690e28df36,29,2880.0
22501127,stints_retry_period_2025.parquet,bd60a27c3570e53cb9b8111f83a20b2eb642ad5a,35,2880.0
22501205,stints_retry_period_2025.parquet,f4be195a9904b67e34e0fcfb91243d1258ebabd3,36,2880.0
21900879,stints_retry_isolated.parquet,45d87343294758fd906fbe21ebb29d7bce237269,20,2880.0
21300498,stints_repair_external_box.parquet,e887ad999cd381d824ad9f97d229634fe80fea7a,30,2880.0
21500543,stints_repair_external_box.parquet,74cda14a62fc847b43f02cef231cced5d8abbd97,30,2880.0
21500916,stints_repair_external_box.parquet,0ecf9a55cac1a6f52ec5fdd0d0b9b4f6cb87e318,37,3180.0
21700338,stints_repair_external_box.parquet,e36b244cb7c35ae5343604af21014053257947fe,31,2880.0
20001142,stints_repair_gamerotation_cached.parquet,d014fc3fa1b99602943666e93cf418ffde3b7dee,35,3180.0
20400523,stints_repair_kaggle_minutes.parquet,3806c687be091b9a2e4d38878d870d9b788ea708,33,2880.0
20701055,stints_repair_kaggle_minutes.parquet,387fd067552fcf384b9c37bae38b14d6cb229bdc,32,2880.0
21500916,stints_repair_kaggle_minutes.parquet,3e8cd61c0084dd90e870e927dcc8097f3881bae4,37,3180.0
21501203,stints_repair_kaggle_minutes.parquet,77e0cd1dfb999517f9cc892d5340a5a604ce3b3b,30,2880.0
22400720,stints_repair_kaggle_minutes.parquet,ef615b045f1bcc753b2413163451940fd5cca605,33,2880.0
22400933,stints_repair_kaggle_minutes.parquet,37ea16535c6a71e76d28fec5ccba39e8eb27fb42,34,2880.0
21900040,stints_repair_multi_partial.parquet,63d91850eeb2a8a590c8eeaafd64866e4b715729,33,2880.0
20101009,stints_repair_partial_substitution.parquet,019b18af4350039cd2d925d689b8876f6440535f,28,2880.0
20600531,stints_repair_partial_substitution.parquet,615936912dc11a2d3446272749f727882999892a,52,3180.0
20700049,stints_repair_partial_substitution.parquet,91d711d3e67f4b35c4c9263fbcf0671b52ae8039,32,2880.0
20700562,stints_repair_partial_substitution.parquet,d30ff3ba99a7f0e0ffa797446133b2f8e44f7755,29,2880.0
21100104,stints_repair_partial_substitution.parquet,fbf1b89e73e1a6f55426a7045eb040eb2aa827d5,34,2880.0
21900040,stints_repair_partial_substitution.parquet,f497dc705a4e81f89ecf57eda0d6c597c7d7ef93,33,2880.0
22000496,stints_repair_partial_substitution.parquet,0a9eb4a308ccb5b484ae4f3c8a36ef2da228e514,36,2880.0
22100266,stints_repair_partial_substitution.parquet,7bfa9947788c1cb32ef837655c6cdf2591cbb5ba,41,3180.0
22200256,stints_repair_partial_substitution.parquet,2818d48bfd0a5909c5d848b23a8fba67014e0582,31,2880.0
22500207,stints_repair_partial_substitution.parquet,7a71d1112c9e3b69e98576a91bbb1f36dff05e44,34,2880.0
29600021,stints_github_rotation_1996.parquet,1b9bcd50a66c8970883c7de590bb293eee521e88,27,2880.0
29600565,stints_github_rotation_1996.parquet,40d0f2ac3d173ecc0eacac761179c127d3ad7f14,28,2880.0000000000005
29600837,stints_github_rotation_1996.parquet,1429295583e7a599f1df94def1d0a1e27d37a0f5,28,2880.0
29700278,stints_github_rotation_1997.parquet,22c71e79eae67105bdea1ed4339dcb71c3996220,41,2880.0
29700822,stints_github_rotation_1997.parquet,ddc3bb8c2966ea660ef8f88e12b21e6973dfa46f,40,2880.0
29701101,stints_github_rotation_1997.parquet,8b84d5a3ea8ba1866627c74304f77d79b3d09b04,36,2880.0000000000005
29800006,stints_github_rotation_1998.parquet,4b000381fd5e258ec67b0a2861d3392388fdc174,34,2880.0
29800075,stints_github_rotation_1998.parquet,cafff9c3306dcea6f8bacee4e7aaf92284c92c9d,32,2880.0
29800606,stints_github_rotation_1998.parquet,e9ebf8086d3ba2ca0a598e687f564229e172995d,38,3179.9999999999995
20000524,stints_github_rotation_2000.parquet,efc5fd665cca6ef1b5e6b2a7576b2604f915f8c0,35,2880.0
20000614,stints_github_rotation_2000.parquet,a22fbb07c6a50b2122d3e83375c1f51c4de8420f,23,2880.0
20000930,stints_github_rotation_2000.parquet,55682abb8c1bc401b193abcafde680f9864e755f,26,2880.0
20001142,stints_github_rotation_2000.parquet,01e6c2f16961501ad144264d087e5bafe8590032,35,3180.0
20100112,stints_github_rotation_2001.parquet,0ff247d88620663e283e38d676f674975dcaacfe,31,2880.0
20100973,stints_github_rotation_2001.parquet,777471fa1419ea16e1c7b19e7f1cb93a3edfdbd2,35,2880.0
20201043,stints_github_rotation_2002.parquet,e4415c989f66d54e0e07dc9dbf3c2be3769b55ea,23,2879.9999999999995
20301143,stints_github_rotation_2003.parquet,1aca3cfb9f9c6fc6067824fea56b8856de720f1e,26,2879.9999999999995
20400151,stints_github_rotation_2004.parquet,502b8b59c4b357395b97a4badfab39d563dd819c,40,2880.0000000000005
20400924,stints_github_rotation_2004.parquet,97ffc25d91a7fe8ec5d10f901200df06249914a4,26,2880.0
20401085,stints_github_rotation_2004.parquet,30d2fb95f5cf52daa5e2f4c09f20e82c7ff3ff44,29,2880.0
20500009,stints_github_rotation_2005.parquet,5f9f0bcde4feef643866259ef649b16fddd59952,27,2880.0
20500021,stints_github_rotation_2005.parquet,3bd8f7c66a48759bc76d66e33f7c87c9db817d0c,38,2880.0
20500034,stints_github_rotation_2005.parquet,9538d9e4cf5fbb8ede002498447df65022462c13,27,2880.0
20500350,stints_github_rotation_2005.parquet,0b2a79be217afe08db7d60d9b0098da68e4cf291,33,3480.0000000000005
20500753,stints_github_rotation_2005.parquet,58ba276a93de27b03939c78a71818c83041d945f,26,2880.0
20500773,stints_github_rotation_2005.parquet,66c7839667f6a7bb740024c55b00e708ef271ae8,36,2880.0000000000005
20500805,stints_github_rotation_2005.parquet,5401a50a88922c05deee53ccf55133db721565da,32,2880.0
20500980,stints_github_rotation_2005.parquet,2e9092fc1329a0c993a6428733932346e252fb1b,39,2880.0
20501077,stints_github_rotation_2005.parquet,68683dd0dd3de60f2dd4def72813bae40e1af2e8,26,2880.0
20600234,stints_github_rotation_2006.parquet,84abe6259f17bcb8f98bcbd1f44f9a306c894ef5,32,2880.0
20600258,stints_github_rotation_2006.parquet,2c81c82626d91e195598d7b8805c2514b6849977,24,2880.0
20600335,stints_github_rotation_2006.parquet,6e410f699dd8f38186e4aa4ce1ab7b2f7cebd442,34,2880.0
20600344,stints_github_rotation_2006.parquet,ad2e5899dccf04ff5db636a10113eed49b1fd956,35,2880.0
20600518,stints_github_rotation_2006.parquet,6acf8f1e19204198d135f41ba508340ceabb254a,31,2880.0
20600531,stints_github_rotation_2006.parquet,392e33c4cea216ee4b6e0c21669fdc6e5007d07d,52,3180.0
20600560,stints_github_rotation_2006.parquet,9c839120d5a9be401168199e4e987b13c8b17042,30,2880.0
20600744,stints_github_rotation_2006.parquet,f2472855c68add9f67f2a32be5e88d78ffb673c2,33,2880.0
20600863,stints_github_rotation_2006.parquet,b3a5d4037a6668392129f4aa72d791d4fd0e0525,39,2880.0
20600879,stints_github_rotation_2006.parquet,733622de47b4afcae17f37eef743b85af09b5ace,44,3180.0
20600904,stints_github_rotation_2006.parquet,ace3528088065eccc06a5608fc14c072caa8b9e7,32,2880.0
20600940,stints_github_rotation_2006.parquet,70f38d7d1aafdd6c9c0f89a658d88ebfddc0ca2e,28,2880.0
20600942,stints_github_rotation_2006.parquet,ae0fc23f08688c6149f36a4747224729d6a976e0,35,2880.0
20601035,stints_github_rotation_2006.parquet,949510ea2c1dae053dc986d00e264c9a71d60202,33,2880.0
20601062,stints_github_rotation_2006.parquet,f7f26e44c5b241eee82b910c7f43f3786c68ae96,37,2880.0
20700016,stints_github_rotation_2007.parquet,8de3dbb4b0f62733b143983a3681551849757847,30,2880.0
20700049,stints_github_rotation_2007.parquet,f8505226daa9fcc5b33d6b4806064afffeb9a9b4,32,2880.0
20700059,stints_github_rotation_2007.parquet,da73609b1cd886d619ce89f7f56c5d971e0559bb,33,2880.0
20700092,stints_github_rotation_2007.parquet,4d096d60b5ccf5118487e0b1471af257ece453f9,28,2880.0
20700107,stints_github_rotation_2007.parquet,da6de64f41a92154ace4330ff7f6d9c8d1de7dee,36,3180.0
20700204,stints_github_rotation_2007.parquet,9e593c7f6c822882b14ed841c65f1146e34cba73,37,3179.9999999999995
20700238,stints_github_rotation_2007.parquet,c5790a5496e807375e261264ca00ac8279cca18a,39,3180.0
20700252,stints_github_rotation_2007.parquet,fe599fa0b9b89d2eeffaf6b53582b3c7fa19736a,26,2880.0
20700347,stints_github_rotation_2007.parquet,7ef400aa7b348525c2066f9ed56601450d6d9d78,24,2880.0
20700372,stints_github_rotation_2007.parquet,5adb5aaf044c6986ce444845c8e019e37e963fe2,31,2880.0000000000005
20700426,stints_github_rotation_2007.parquet,9b0336094759982415efb22414a9eb52568a33bb,27,2880.0
20700438,stints_github_rotation_2007.parquet,56c70a9ab1126019ff6f6669c2fdf0f327262e64,25,2880.0
20700461,stints_github_rotation_2007.parquet,30cefe36fa11c701e4789ba59f6f6a9a4c403d8d,31,2880.0
20700477,stints_github_rotation_2007.parquet,66d0b3137e3cf0b2590e2f0757d5b5961af23cf8,24,2880.0
20700504,stints_github_rotation_2007.parquet,1e630bd4493011ce698f414c1645a644104eb194,23,2880.0
20700521,stints_github_rotation_2007.parquet,9ae12fb656d54629194086a3bd9c7d5c15d1df14,31,2879.9999999999995
20700562,stints_github_rotation_2007.parquet,f4a9d92131ec0db28377f9dfd156d96ff308b363,29,2880.0
20700673,stints_github_rotation_2007.parquet,803f87e7decc7c24780ce6616e008dcf71a1c833,30,2880.0
20700697,stints_github_rotation_2007.parquet,0a2aacc77cc15fc7e13771453b7cd78cb9ca320b,36,2880.0
20700847,stints_github_rotation_2007.parquet,103ef2b147d03d27c74e984770b349e6c35d4c02,36,2880.0
20700849,stints_github_rotation_2007.parquet,185bc51227ced4dc907144bb5633fd833135f79e,32,2880.0
20701055,stints_github_rotation_2007.parquet,b042860d8e7b05e1682af5d58412ed2b222c27e3,32,2880.0
20701089,stints_github_rotation_2007.parquet,3d07c3b4ff78e700b2cb3dc3b570a6f60fac782f,26,2880.0
20701168,stints_github_rotation_2007.parquet,783c142561fc2576cd62c74ef93366b317d0c89a,39,2880.0
20701196,stints_github_rotation_2007.parquet,e4541b5b31a7b7b7cf45a4ff27d2038070718d11,23,2880.0
20800069,stints_github_rotation_2008.parquet,5b7c69841cfbb3193d06a0c95e4b6b31286c3f1d,36,2880.0
20800356,stints_github_rotation_2008.parquet,158eb00d1caa469d4705a7c3b10b988c105e2384,22,2880.0
20801185,stints_github_rotation_2008.parquet,4524676599d94418857a0a5b3ff9d55fb83e1914,33,2880.0
20900033,stints_github_rotation_2009.parquet,054fce5d4fcf5f08047aeb7506d3e5a41e7d6784,31,2880.0
20900051,stints_github_rotation_2009.parquet,10ceabb1fcfbeece86e1561f29063bd23eb7e648,37,2880.0
20900426,stints_github_rotation_2009.parquet,3a43a7beb35de86170fa8925a14f7eebfc3f9c2a,31,2880.0
20900477,stints_github_rotation_2009.parquet,4e1fc07f2347182d34aebaeb7d13de400d5e25e8,34,2880.0
20901196,stints_github_rotation_2009.parquet,a65914c09b82b67fc40f86c4566cb7783f660a0c,26,2880.0
21000319,stints_github_rotation_2010.parquet,e3e899c5321170a4271a9c9837ec78c0678965b7,33,2880.0
21000357,stints_github_rotation_2010.parquet,947e90700f29bd433696792d14219c98c7c56181,31,2880.0
21000399,stints_github_rotation_2010.parquet,767314923283236a543cf88f5071292e8e84fac9,29,2880.0
21000475,stints_github_rotation_2010.parquet,046f6d510943217687c5f40aae28b256a84e773a,26,2880.0
21000489,stints_github_rotation_2010.parquet,33451116a9c9907a91eb0d70345acb5de03e8d3f,30,2880.0
21000639,stints_github_rotation_2010.parquet,a59e30f9459f2b73d63f27da55af242278dc98be,26,2880.0
21000858,stints_github_rotation_2010.parquet,b192ba0e1da846e3076b399bdbfef8174c47c226,30,3180.0
21000929,stints_github_rotation_2010.parquet,feabcf4371d434571fb5a719d8cc502d83072eb1,32,2880.0
21001013,stints_github_rotation_2010.parquet,c2df829d50f28387b8223d248c96f263b272aec2,34,2880.0
21100104,stints_github_rotation_2011.parquet,97cf5e1eb8e9e1a0d87fcba07ab8d9e77211c264,34,2880.0
21100230,stints_github_rotation_2011.parquet,c7d102db2acff421cf0e1feac79d1a6d3cca7082,33,2880.0000000000005
21100459,stints_github_rotation_2011.parquet,6fdd5ed6bc8a6c8a8cb1d6cdb75435a02d7f36f5,27,2880.0
21100545,stints_github_rotation_2011.parquet,ad4410282a40a5614c9e47b579b28a56b72bc22e,27,2880.0
21200046,stints_github_rotation_2012.parquet,8c5c33a4d3bb4d27a6024d316fd2c17f88dfc740,30,2880.0
21200449,stints_github_rotation_2012.parquet,f9f4b56ed94cc2b9e3ea4a4ee3e9b1f976a252b4,26,2880.0
21200849,stints_github_rotation_2012.parquet,3570d0c3e657cf28088394ae74b5907556ed3462,35,3180.0
21300405,stints_github_rotation_2013.parquet,92fc55cc5b0fa8bbe14d214cf24480f6b20d1739,34,2880.0
21300419,stints_github_rotation_2013.parquet,51d561dabade029853db500230bba85ac4b6a937,27,2880.0
21300438,stints_github_rotation_2013.parquet,680735c16ab653e5fec04e57b9ceeac493334e4a,32,2880.0
21300498,stints_github_rotation_2013.parquet,291a55b1e4a04ea91ac6d4bed9a0af6349ee5e79,30,2880.0
21301208,stints_github_rotation_2013.parquet,d11f0d45e684a5a215ee9bd1f2d5bd79f14ba391,22,2880.0
21400391,stints_github_rotation_2014.parquet,4233e9cbf45d4f9b299cdecf0512aa45f89cc5b5,34,2880.0
21400633,stints_github_rotation_2014.parquet,f1f9e1ebe2adb2a92e08be204e80bce79b384d49,40,3180.0
21400864,stints_github_rotation_2014.parquet,72bdfd4a62d03f8085ca97487dfaa3fae78ea4bb,30,2880.0
21401027,stints_github_rotation_2014.parquet,e6bcc5553f5bafc94d44814304d00c6a28a1893d,38,2880.0
21401048,stints_github_rotation_2014.parquet,1dac5aede97ba98b36722fe3458577116cd1e1ca,32,2880.0
21401098,stints_github_rotation_2014.parquet,2b29c9572f2e7974916b3ed6bf6cbe832426883f,29,2880.0
21401102,stints_github_rotation_2014.parquet,95b9007b7c4615352e6fb371b654cf89e3d9dc66,30,3179.9999999999995
21401220,stints_github_rotation_2014.parquet,062b2c9fcc474374fa1237bcb810a6faf2db6343,29,2880.0000000000005
21500021,stints_github_rotation_2015.parquet,faf5b10834124c5bbe1da17c0db1a800939b34a1,29,2880.0
21500117,stints_github_rotation_2015.parquet,818403437b0fc9957b35891a69051c25505cb77b,33,2880.0
21500141,stints_github_rotation_2015.parquet,01c8db09960d264d1b4f832c1c2421ae7992bcdd,37,3480.0
21500256,stints_github_rotation_2015.parquet,89a5d1d8d2fe367244fe0a1fea57ad893c667bb8,36,2879.9999999999995
21500336,stints_github_rotation_2015.parquet,5517fa52697430928585cee178388931f693d84d,49,3480.0
21500473,stints_github_rotation_2015.parquet,cc7fc81b7a86717e39f534534eec200039826d46,26,2880.0
21500543,stints_github_rotation_2015.parquet,7d3feae489e8994b75e09c260f24fe295a021439,30,2880.0
21500699,stints_github_rotation_2015.parquet,fefd5d1da719e7a5468283e8643effb965290bea,31,2880.0
21500916,stints_github_rotation_2015.parquet,5bfc42f37adf7965ece1b0b116de18178a43c3cf,36,2879.9999999999995
21501203,stints_github_rotation_2015.parquet,d33c58c7938dadf22069f8aaf5dcf626b25c8653,30,2880.0
21600068,stints_github_rotation_2016.parquet,8e429757c7e9af05260e38128c00996cb13d68a7,32,2880.0
21600160,stints_github_rotation_2016.parquet,e9e6f83f76649dc484cc98de24ddea8bee250805,28,2880.0
21600303,stints_github_rotation_2016.parquet,633c93f91cc4e7adaf14c7d49617a0f90b3e8d77,36,2879.9999999999995
21600308,stints_github_rotation_2016.parquet,5c146484d7da696322760c26c6c8dd9bdf698d72,33,2880.0
21600368,stints_github_rotation_2016.parquet,ba71ee8e12ef1a92ed8e82d9691e374392b3d2c4,30,2880.0
21600505,stints_github_rotation_2016.parquet,19ce9631ac8eac0757455b6f9e468501e3041c64,24,2880.0
21600599,stints_github_rotation_2016.parquet,8a3521f3ec8dd69926de7dbc867df29c55dd708c,21,2880.0
21600796,stints_github_rotation_2016.parquet,3b1094c8ab3ba25284e64b2f7da63f05a562d367,30,2880.0
21600977,stints_github_rotation_2016.parquet,5a71a894ace47b77c539481c3a90c127bd649826,30,2880.0
21601128,stints_github_rotation_2016.parquet,a8393fbdc6c25ab491fb1c64301f619d43228fe1,32,2880.0
21601156,stints_github_rotation_2016.parquet,72e42fe43b64b97c957cc2787406e7a4a8a047a2,27,2880.0
21601179,stints_github_rotation_2016.parquet,3adbb92e13667a7d104ef94f4ed5ebce64755ac3,31,2880.0
21700202,stints_github_rotation_2017.parquet,2e4cbfcd0a108b6539e0c8c06339f8e66f232e27,31,2880.0
21700251,stints_github_rotation_2017.parquet,54db518f714f79ac3506834af02549aeca80751f,31,2880.0
21700334,stints_github_rotation_2017.parquet,d71adbdfb79b65d6a9729cb54e0d4c8a2ba44eb1,35,2880.0
21700338,stints_github_rotation_2017.parquet,8531e5b8e0ccd0bf2fef2e1eff32cc3651aadb51,31,2880.0
21700837,stints_github_rotation_2017.parquet,3e1b225538a46a31f14b47e0589e5071683a0e19,30,2880.0
21700918,stints_github_rotation_2017.parquet,b5a99cac499a973cae64d38f35feec7cc4d1486b,37,2880.0
21701002,stints_github_rotation_2017.parquet,404c605a948000843d1e5a5b47a0a535944ee7dd,34,2880.0
21701026,stints_github_rotation_2017.parquet,a407c2ab467a95e177b2e13dbd3ed2f72b74480a,27,2880.0
21701207,stints_github_rotation_2017.parquet,a111b2c870d70ac637722b470e83483e40985af2,27,2880.0
21800780,stints_github_rotation_2018.parquet,c49e457dd2ee075501a2d9592fbfe4727991bd1c,28,2880.0
21800836,stints_github_rotation_2018.parquet,3f8c5fe2b8593627c3c71a6ff79ae5aba15ba947,30,2880.0
21800921,stints_github_rotation_2018.parquet,5f6cd91d0dca3fceef9d117453d93415a1fb0ba1,32,2880.0
21801061,stints_github_rotation_2018.parquet,573acfeb7d7df8b5b54ccb1fff677a072639669c,35,2880.0
21900009,stints_github_rotation_2019.parquet,78fb987bfd10bd1e60b3f8246f1a6b0fef29a805,38,2880.0
21900040,stints_github_rotation_2019.parquet,36ca7b38ba8f74bfa208257e53ae27a87ddecfd8,33,2880.0
21900237,stints_github_rotation_2019.parquet,7ea7dfdf197b4d1e0aec9f842a83e1735081206c,22,2880.0
21900339,stints_github_rotation_2019.parquet,93497f70cbe9f5cf9fbf9bbcf00b8eb9448b5fdc,38,2880.0
21900480,stints_github_rotation_2019.parquet,e443549216233cfb3d88abad42c170274927c098,36,2880.0
21900503,stints_github_rotation_2019.parquet,2de76878514c5b1d0a7a77c1375bef17eafafec1,37,2880.0
21900530,stints_github_rotation_2019.parquet,2e86148bb8aa94f43b328d4583212c57e90a9625,37,3180.0000000000005
21900879,stints_github_rotation_2019.parquet,51183738890cdab1c5e33b83bab0f6d3b0e4b795,36,2880.0
21900881,stints_github_rotation_2019.parquet,6e0aea9557bbc9097ca42376783bc543a88d73d4,31,2880.0
22000072,stints_github_rotation_2020.parquet,2e85eb441293945817c867b0d8b4015bca367d83,30,2880.0
22000098,stints_github_rotation_2020.parquet,2e6d453dee551570905db0062710051d269a5580,35,2880.0
22000232,stints_github_rotation_2020.parquet,03624705625e1c57b73c58e74a94ef0a16bc298f,33,2880.0
22000299,stints_github_rotation_2020.parquet,d3e776de49557a8e1c68f14ee927ca4f09b1016d,37,2880.0
22000478,stints_github_rotation_2020.parquet,bc541aa0c4385457342cc4d5abed49e9b2d7a4c4,33,2880.0
22000496,stints_github_rotation_2020.parquet,4d00ac9795b7e3c1d6ef9794161125d9d567b1b5,36,2879.9999999999995
22100058,stints_github_rotation_2021.parquet,8f4348e4fd6c87f7f64be5cbf26d22e7dddab621,30,2880.0
22100072,stints_github_rotation_2021.parquet,d90842e64fdb2d8c62c38e3e43ed5f2b16aff126,34,2880.0
22100074,stints_github_rotation_2021.parquet,865ae3d072be44e053434b4630e4f79a35a93d02,31,2880.0
22100266,stints_github_rotation_2021.parquet,562bd1f94d5d8196dd3af4b99c4170a933fcccd9,41,3180.0
22100475,stints_github_rotation_2021.parquet,02a6fda4a287e770db1d6e3147308c3b7f11d4ba,25,2880.0
22100488,stints_github_rotation_2021.parquet,36d42b85dc95b1c4568e994d3fb22a79460f315c,26,2880.0
22100527,stints_github_rotation_2021.parquet,8ce60dac45e1efe42d801ea2b46a66f977f0001e,27,2880.0
22100555,stints_github_rotation_2021.parquet,a9a9b5f67e8e313ac37d4ad57e14df42c86297e0,36,2879.9999999999995
22100773,stints_github_rotation_2021.parquet,cdf8ed47ae7308ab388f2a69b3a9957c239aa7bc,34,2880.0
22100862,stints_github_rotation_2021.parquet,8d116a8faa8d4a3c1f01c199c12d33f5701c6e34,29,2880.0
22101166,stints_github_rotation_2021.parquet,40a1c1a695914bedb143b7a9c42e76469931ccdb,24,2880.0
22200020,stints_github_rotation_2022.parquet,cfc0dbf79c2052e05e63f7c3805fbec6a9ca1cd4,29,2880.0
22200256,stints_github_rotation_2022.parquet,54a7eccffbad85e16632bd3d86143721292b6264,31,2880.0
22200313,stints_github_rotation_2022.parquet,66d98f49bd3a0d323c927449b3fe18c0f4bf47d3,25,2880.0
22200362,stints_github_rotation_2022.parquet,ec41ca757260d4abd83b709ddd354ab5c36144c5,34,2879.9999999999995
22200442,stints_github_rotation_2022.parquet,5bfac5f1d25ff1b1ef809cf00316ab4b5f4f0462,29,2880.0
22201021,stints_github_rotation_2022.parquet,354908073258c73f801cb1fc2e1804672de7c4c6,23,2880.0
22201122,stints_github_rotation_2022.parquet,da1cb6b5378503def516ca67078ba2f9e4d37c7f,35,2880.0
22201182,stints_github_rotation_2022.parquet,5e771041b114e888f689228152d9b136b33c8bf2,28,2880.0
22201193,stints_github_rotation_2022.parquet,40b4aa37ed9aa6bf7102bcdf4345f428e69df804,29,2880.0
