season_year,defense_team_id,hc6_risk,hc6_rim_possessions,hc6_rim_attempts,hc6_rim_makes,oreb_possessions,second_chance_rim_possessions,second_chance_rim_attempts,second_chance_rim_makes,explicit_putback_possessions,unknown_shooting_fouls_hc6,high_confidence_rim_fouls,first_chance_rim_frequency_hc6,first_chance_rim_fg_pct,second_chance_rim_per_oreb_possession,second_chance_rim_fg_pct,explicit_putback_per_oreb_possession,unknown_shooting_foul_frequency_hc6,high_confidence_rim_foul_per_rim_attempt
2021,1610612737,6958,1384,1384.0,898.0,1073,385,427.0,257.0,265,392,136,0.19890773210692728,0.6488439306358381,0.35880708294501396,0.6018735362997658,0.24697110904007455,0.056338028169014086,0.09826589595375723
2021,1610612738,6954,1011,1011.0,650.0,1157,367,405.0,255.0,254,424,103,0.1453839516824849,0.6429277942631059,0.317199654278306,0.6296296296296297,0.219533275713051,0.060972102387115326,0.10187932739861523
2021,1610612739,6777,1476,1476.0,867.0,1130,403,445.0,242.0,270,398,109,0.21779548472775564,0.5873983739837398,0.3566371681415929,0.5438202247191011,0.23893805309734514,0.05872805075992327,0.07384823848238482
2021,1610612740,6947,1292,1292.0,855.0,1032,317,347.0,224.0,203,435,126,0.18597955952209586,0.6617647058823529,0.3071705426356589,0.6455331412103746,0.19670542635658914,0.06261695695983878,0.09752321981424149
2021,1610612741,7037,1610,1610.0,1004.0,1081,386,420.0,268.0,273,475,134,0.22879067784567286,0.6236024844720497,0.35707678075855687,0.638095238095238,0.25254394079555964,0.0675003552650277,0.08322981366459627
2021,1610612742,6814,1249,1249.0,809.0,1105,399,435.0,284.0,273,425,141,0.18329909010859993,0.6477181745396317,0.3610859728506787,0.6528735632183909,0.24705882352941178,0.06237158790724978,0.11289031224979984
2021,1610612743,6985,1268,1268.0,876.0,1083,352,389.0,239.0,252,462,133,0.18153185397279886,0.6908517350157729,0.3250230840258541,0.6143958868894601,0.23268698060941828,0.06614173228346457,0.10488958990536278
2021,1610612744,7062,1011,1011.0,652.0,1135,348,375.0,234.0,248,479,119,0.143160577740017,0.6449060336300693,0.3066079295154185,0.624,0.2185022026431718,0.06782781081846502,0.11770524233432245
2021,1610612745,7109,1497,1497.0,996.0,1188,429,475.0,320.0,314,476,157,0.21057814038542694,0.6653306613226453,0.3611111111111111,0.6736842105263158,0.26430976430976433,0.06695737797158531,0.10487641950567803
2021,1610612746,6927,1343,1343.0,799.0,1213,471,520.0,309.0,340,369,128,0.1938790241085607,0.5949367088607594,0.3882934872217642,0.5942307692307692,0.2802967848309975,0.05326981377219576,0.0953090096798213
2021,1610612747,7098,1521,1522.0,1012.0,1199,399,443.0,273.0,287,467,151,0.21428571428571427,0.6649145860709592,0.3327773144286906,0.6162528216704289,0.23936613844870724,0.06579318117779656,0.09921156373193167
2021,1610612748,6787,1113,1113.0,712.0,1084,335,360.0,230.0,229,412,155,0.1639899808457345,0.6397124887690926,0.30904059040590404,0.6388888888888888,0.21125461254612546,0.06070428760866362,0.13926325247079965
2021,1610612749,7135,1155,1155.0,753.0,1099,372,411.0,254.0,257,406,127,0.1618780658724597,0.6519480519480519,0.33848953594176523,0.6180048661800487,0.2338489535941765,0.05690259285213735,0.10995670995670996
2021,1610612750,7109,1275,1275.0,840.0,1237,418,462.0,280.0,300,518,115,0.17935011956674637,0.6588235294117647,0.3379143088116411,0.6060606060606061,0.2425222312045271,0.0728653819102546,0.09019607843137255
2021,1610612751,6955,1321,1321.0,828.0,1234,445,498.0,280.0,321,464,151,0.1899352983465133,0.6267978803936411,0.3606158833063209,0.5622489959839357,0.260129659643436,0.06671459381739756,0.11430734292202877
2021,1610612752,6867,1322,1322.0,799.0,1099,365,403.0,237.0,239,442,147,0.19251492645988058,0.6043872919818457,0.3321201091901729,0.5880893300248139,0.21747042766151045,0.06436580748507353,0.11119515885022693
2021,1610612753,6957,1219,1219.0,767.0,1149,366,395.0,228.0,271,430,132,0.17521920367974703,0.6292042657916325,0.3185378590078329,0.5772151898734177,0.23585726718885988,0.06180825068276556,0.10828547990155865
2021,1610612754,7019,1463,1463.0,938.0,1102,409,443.0,292.0,268,460,127,0.20843424989314718,0.6411483253588517,0.37114337568058076,0.6591422121896162,0.24319419237749546,0.06553640119675168,0.08680792891319207
2021,1610612755,6802,1280,1280.0,824.0,1161,416,449.0,272.0,284,474,116,0.1881799470743899,0.64375,0.35831180017226527,0.6057906458797327,0.2446167097329888,0.069685386650985,0.090625
2021,1610612756,7097,1063,1063.0,671.0,1186,347,381.0,228.0,268,465,99,0.14978159785824996,0.6312323612417686,0.2925801011804384,0.5984251968503937,0.22596964586846544,0.06552064252501057,0.09313264346190028
2021,1610612757,6973,1429,1429.0,950.0,1120,386,417.0,268.0,246,459,164,0.20493331421196043,0.6648005598320503,0.34464285714285714,0.6426858513189448,0.21964285714285714,0.06582532625842535,0.11476557032890133
2021,1610612758,7079,1449,1449.0,940.0,1182,404,440.0,285.0,255,433,127,0.20468992795592597,0.6487232574189096,0.34179357021996615,0.6477272727272727,0.21573604060913706,0.061166831473371944,0.08764665286404417
2021,1610612759,7157,1566,1566.0,968.0,1226,444,487.0,292.0,309,435,135,0.21880676261003212,0.6181353767560664,0.3621533442088091,0.5995893223819302,0.25203915171288743,0.06077965628056448,0.08620689655172414
2021,1610612760,7015,1072,1072.0,680.0,1166,397,439.0,266.0,286,463,111,0.15281539558089807,0.6343283582089553,0.3404802744425386,0.6059225512528473,0.24528301886792453,0.06600142551674983,0.10354477611940298
2021,1610612761,6885,1252,1252.0,797.0,1136,374,401.0,261.0,257,438,131,0.18184458968772693,0.6365814696485623,0.32922535211267606,0.6508728179551122,0.2262323943661972,0.0636165577342048,0.10463258785942492
2021,1610612762,6931,1159,1159.0,739.0,1144,347,370.0,239.0,230,366,123,0.1672197374116289,0.637618636755824,0.30332167832167833,0.6459459459459459,0.20104895104895104,0.052806232866830186,0.10612597066436583
2021,1610612763,7104,1424,1424.0,841.0,1163,387,424.0,262.0,274,463,137,0.20045045045045046,0.5905898876404494,0.33276010318142735,0.6179245283018868,0.235597592433362,0.06517454954954954,0.09620786516853932
2021,1610612764,6956,1204,1204.0,819.0,1099,360,393.0,246.0,221,482,139,0.1730879815986199,0.6802325581395349,0.3275705186533212,0.6259541984732825,0.2010919017288444,0.06929269695227142,0.11544850498338871
2021,1610612765,6972,1453,1453.0,936.0,1179,376,420.0,238.0,238,502,149,0.20840504876649454,0.6441844459738472,0.3189143341815098,0.5666666666666667,0.2018659881255301,0.07200229489386116,0.10254645560908465
2021,1610612766,7111,1382,1382.0,884.0,1245,442,501.0,293.0,295,416,134,0.1943467866685417,0.6396526772793053,0.3550200803212851,0.5848303393213573,0.23694779116465864,0.05850091407678245,0.09696092619392185
2022,1610612737,7134,1585,1586.0,1012.0,1167,422,458.0,293.0,293,504,141,0.22217549761704514,0.6380832282471627,0.3616109682947729,0.6397379912663755,0.25107112253641817,0.07064760302775441,0.08890290037831021
2022,1610612738,7072,1146,1146.0,739.0,1084,338,371.0,229.0,245,465,130,0.1620475113122172,0.6448516579406631,0.3118081180811808,0.6172506738544474,0.22601476014760147,0.06575226244343892,0.11343804537521815
2022,1610612739,6768,1335,1335.0,817.0,1124,385,429.0,242.0,267,448,125,0.1972517730496454,0.6119850187265917,0.34252669039145905,0.5641025641025641,0.23754448398576514,0.06619385342789598,0.09363295880149813
2022,1610612740,6945,1230,1230.0,865.0,1111,376,405.0,266.0,252,505,161,0.1771058315334773,0.7032520325203252,0.3384338433843384,0.6567901234567901,0.22682268226822683,0.07271418286537078,0.13089430894308943
2022,1610612741,7126,1465,1465.0,973.0,1099,379,412.0,246.0,263,485,149,0.20558518102722426,0.6641638225255972,0.3448589626933576,0.5970873786407767,0.23930846223839855,0.06806062307044625,0.10170648464163823
2022,1610612742,6941,1332,1332.0,888.0,1139,406,443.0,292.0,291,513,153,0.1919031839792537,0.6666666666666666,0.35645302897278314,0.6591422121896162,0.25548726953467954,0.07390865869471258,0.11486486486486487
2022,1610612743,7019,1356,1356.0,949.0,1121,379,418.0,272.0,269,478,149,0.19318991309303318,0.6998525073746312,0.33809099018733274,0.6507177033492823,0.23996431757359502,0.06810086906966804,0.10988200589970501
2022,1610612744,7246,955,955.0,648.0,1244,363,396.0,244.0,279,561,93,0.1317968534363787,0.6785340314136126,0.29180064308681675,0.6161616161616161,0.22427652733118972,0.07742202594534915,0.09738219895287958
2022,1610612745,6929,1160,1160.0,796.0,1094,385,410.0,263.0,285,520,135,0.16741232501082406,0.6862068965517242,0.35191956124314444,0.6414634146341464,0.26051188299817185,0.075046904315197,0.11637931034482758
2022,1610612746,6947,1236,1236.0,805.0,1113,392,433.0,276.0,290,493,141,0.17791852598243846,0.651294498381877,0.3522012578616352,0.6374133949191686,0.2605570530098832,0.07096588455448395,0.11407766990291263
2022,1610612747,7125,1305,1305.0,838.0,1187,432,473.0,317.0,335,441,146,0.1831578947368421,0.6421455938697318,0.36394271272114576,0.6701902748414377,0.2822240943555181,0.061894736842105266,0.11187739463601533
2022,1610612748,6758,1097,1097.0,749.0,1034,319,338.0,240.0,221,449,134,0.16232613199171353,0.682771194165907,0.30851063829787234,0.7100591715976331,0.2137330754352031,0.06643977508138503,0.12215132178669097
2022,1610612749,7122,1119,1119.0,713.0,1107,424,455.0,291.0,301,424,129,0.15711878685762426,0.6371760500446828,0.3830171635049684,0.6395604395604395,0.2719060523938573,0.059533838809323225,0.11528150134048257
2022,1610612750,7150,1398,1399.0,908.0,1254,426,475.0,282.0,298,543,170,0.19552447552447552,0.6490350250178699,0.3397129186602871,0.5936842105263158,0.23763955342902712,0.07594405594405594,0.12151536812008577
2022,1610612751,6920,1388,1388.0,888.0,1294,475,520.0,305.0,338,495,175,0.20057803468208094,0.6397694524495677,0.3670788253477589,0.5865384615384616,0.26120556414219476,0.07153179190751445,0.1260806916426513
2022,1610612752,6914,1347,1347.0,828.0,1143,378,410.0,248.0,239,497,160,0.19482210008678044,0.6146993318485523,0.33070866141732286,0.6048780487804878,0.20909886264216973,0.07188313566676309,0.11878247958426132
2022,1610612753,6921,1201,1201.0,829.0,1069,361,393.0,257.0,229,444,155,0.1735298367287964,0.6902581182348043,0.3376987839101964,0.6539440203562341,0.21421889616463985,0.06415257910706545,0.12905911740216486
2022,1610612754,7129,1511,1511.0,935.0,1264,506,549.0,345.0,342,536,128,0.21195118529948098,0.6187954996690933,0.40031645569620256,0.6284153005464481,0.27056962025316456,0.07518586056950484,0.08471211118464593
2022,1610612755,6831,1265,1265.0,846.0,1131,366,395.0,258.0,251,523,142,0.18518518518518517,0.6687747035573123,0.32360742705570295,0.6531645569620254,0.22192749778956675,0.07656272873664179,0.11225296442687747
2022,1610612756,6888,1221,1221.0,789.0,1192,387,421.0,269.0,292,541,147,0.17726480836236932,0.6461916461916462,0.32466442953020136,0.6389548693586699,0.24496644295302014,0.0785423925667828,0.12039312039312039
2022,1610612757,6940,1643,1643.0,1069.0,1143,429,500.0,301.0,311,495,149,0.23674351585014408,0.6506390748630554,0.3753280839895013,0.602,0.27209098862642167,0.07132564841498559,0.09068776628119293
2022,1610612758,7209,1401,1401.0,955.0,1071,388,422.0,277.0,274,528,133,0.19434040782355388,0.681655960028551,0.3622782446311858,0.6563981042654028,0.25583566760037346,0.07324178110694965,0.09493219129193434
2022,1610612759,7144,1532,1532.0,1025.0,1168,440,473.0,295.0,299,539,159,0.21444568868980962,0.6690600522193212,0.3767123287671233,0.6236786469344608,0.2559931506849315,0.07544792833146696,0.10378590078328982
2022,1610612760,7249,1303,1303.0,852.0,1261,453,513.0,324.0,342,535,157,0.1797489308870189,0.6538756715272448,0.359238699444885,0.631578947368421,0.2712133227597145,0.07380328321147744,0.1204911742133538
2022,1610612761,6901,1354,1354.0,916.0,1044,335,374.0,216.0,224,483,133,0.19620344877553977,0.6765140324963073,0.32088122605363983,0.5775401069518716,0.21455938697318008,0.06998985654253007,0.0982274741506647
2022,1610612762,7036,1246,1246.0,802.0,1230,414,466.0,283.0,318,512,135,0.1770892552586697,0.6436597110754414,0.33658536585365856,0.6072961373390557,0.25853658536585367,0.07276861853325753,0.10834670947030497
2022,1610612763,7132,1424,1424.0,837.0,1211,412,440.0,275.0,274,495,150,0.19966348850252383,0.5877808988764045,0.34021469859620146,0.625,0.22625928984310487,0.06940549635445878,0.10533707865168539
2022,1610612764,6899,1235,1235.0,815.0,1125,382,407.0,268.0,277,487,162,0.1790114509349181,0.659919028340081,0.33955555555555555,0.6584766584766585,0.24622222222222223,0.07058994057109726,0.1311740890688259
2022,1610612765,6934,1352,1352.0,908.0,1217,426,472.0,305.0,287,525,153,0.19498125180271128,0.6715976331360947,0.35004108463434674,0.6461864406779662,0.23582580115036977,0.07571387366599365,0.11316568047337278
2022,1610612766,7182,1548,1548.0,972.0,1163,438,483.0,289.0,292,494,163,0.21553884711779447,0.627906976744186,0.3766122098022356,0.598343685300207,0.2510748065348237,0.06878306878306878,0.10529715762273902
2023,1610612737,7039,1515,1515.0,988.0,1118,433,464.0,284.0,309,456,166,0.21522943599943173,0.6521452145214521,0.387298747763864,0.6120689655172413,0.276386404293381,0.06478192925131411,0.10957095709570958
2023,1610612738,7093,1229,1229.0,761.0,1140,407,444.0,286.0,301,409,103,0.17326942055547723,0.6192026037428804,0.3570175438596491,0.6441441441441441,0.26403508771929823,0.05766248413929226,0.0838079739625712
2023,1610612739,6894,1390,1390.0,848.0,1132,365,400.0,233.0,287,433,124,0.2016246011024079,0.6100719424460431,0.3224381625441696,0.5825,0.25353356890459366,0.06280823904844793,0.08920863309352518
2023,1610612740,6927,1298,1298.0,890.0,1116,356,393.0,241.0,255,450,111,0.1873827053558539,0.6856702619414484,0.31899641577060933,0.6132315521628499,0.22849462365591397,0.06496318752706799,0.08551617873651772
2023,1610612741,6965,1394,1394.0,896.0,1129,371,413.0,261.0,262,438,148,0.20014357501794688,0.642754662840746,0.32860938883968116,0.6319612590799032,0.2320637732506643,0.06288585786073224,0.10616929698708752
2023,1610612742,7068,1214,1214.0,809.0,1182,419,461.0,291.0,301,464,140,0.17176004527447652,0.6663920922570017,0.3544839255499154,0.631236442516269,0.2546531302876481,0.06564799094510469,0.11532125205930807
2023,1610612743,6881,1420,1420.0,905.0,1133,410,464.0,269.0,273,475,143,0.20636535387298358,0.6373239436619719,0.36187113857016767,0.5797413793103449,0.2409532215357458,0.06903066414765295,0.10070422535211268
2023,1610612744,7028,984,984.0,648.0,1161,347,377.0,237.0,265,521,101,0.1400113830392715,0.6585365853658537,0.2988802756244617,0.6286472148541115,0.22825150732127478,0.07413204325554923,0.10264227642276423
2023,1610612745,7203,1256,1256.0,834.0,1202,369,401.0,239.0,276,561,120,0.1743717895321394,0.6640127388535032,0.3069883527454243,0.5960099750623441,0.22961730449251247,0.07788421491045398,0.09554140127388536
2023,1610612746,6852,1195,1195.0,796.0,1193,420,466.0,284.0,321,450,129,0.17440163455925278,0.6661087866108787,0.3520536462699078,0.6094420600858369,0.26906957250628666,0.06567425569176882,0.10794979079497909
2023,1610612747,7142,1262,1262.0,856.0,1147,391,421.0,261.0,289,384,116,0.17670120414449733,0.6782884310618067,0.34088927637314737,0.6199524940617577,0.25196163905841323,0.053766451974236906,0.0919175911251981
2023,1610612748,6856,1113,1113.0,755.0,1074,334,360.0,234.0,252,433,106,0.16233955659276547,0.6783468104222821,0.31098696461824954,0.65,0.2346368715083799,0.0631563593932322,0.09523809523809523
2023,1610612749,7066,1264,1264.0,822.0,1133,382,421.0,252.0,282,436,133,0.17888480045287292,0.6503164556962026,0.33715798764342453,0.5985748218527316,0.24889673433362755,0.06170393433342768,0.10522151898734178
2023,1610612750,6963,1218,1218.0,752.0,1143,361,395.0,228.0,269,486,116,0.17492460146488584,0.6174055829228243,0.31583552055993,0.5772151898734177,0.23534558180227472,0.06979750107712193,0.09523809523809523
2023,1610612751,6815,1330,1330.0,859.0,1140,397,431.0,264.0,316,430,120,0.19515774027879676,0.6458646616541354,0.3482456140350877,0.6125290023201856,0.2771929824561403,0.06309611151870873,0.09022556390977443
2023,1610612752,6819,1449,1449.0,913.0,1065,396,451.0,264.0,283,445,131,0.21249450065992082,0.6300897170462388,0.37183098591549296,0.5853658536585366,0.26572769953051645,0.0652588356063939,0.0904071773636991
2023,1610612753,6823,1278,1278.0,818.0,1058,359,386.0,252.0,251,455,147,0.18730763593727098,0.6400625978090767,0.3393194706994329,0.6528497409326425,0.23724007561436672,0.06668620841272167,0.11502347417840375
2023,1610612754,7233,1618,1618.0,1050.0,1191,463,510.0,319.0,326,569,161,0.22369694455965713,0.6489493201483313,0.3887489504617968,0.6254901960784314,0.27371956339210746,0.0786672196875432,0.09950556242274412
2023,1610612755,6894,1473,1473.0,966.0,1193,365,399.0,243.0,265,479,137,0.21366405570060923,0.6558044806517311,0.30595138306789604,0.6090225563909775,0.22212908633696563,0.06948070786190891,0.09300746775288526
2023,1610612756,6961,1359,1359.0,869.0,1170,398,441.0,265.0,283,422,134,0.19523057032035626,0.6394407652685798,0.3401709401709402,0.6009070294784581,0.24188034188034188,0.060623473638844995,0.09860191317144959
2023,1610612757,6817,1343,1343.0,931.0,1164,389,428.0,281.0,280,492,157,0.1970074812967581,0.6932241250930752,0.33419243986254293,0.6565420560747663,0.24054982817869416,0.0721725099017163,0.1169024571854058
2023,1610612758,7190,1269,1269.0,851.0,1034,305,326.0,181.0,229,526,118,0.1764951321279555,0.6706067769897557,0.29497098646034814,0.5552147239263804,0.22147001934235977,0.07315716272600835,0.09298660362490149
2023,1610612759,7177,1580,1580.0,1001.0,1148,421,455.0,300.0,306,444,128,0.22014769402257212,0.6335443037974684,0.3667247386759582,0.6593406593406593,0.2665505226480836,0.06186428870001393,0.0810126582278481
2023,1610612760,7185,1310,1310.0,804.0,1263,437,488.0,281.0,327,492,127,0.18232428670842032,0.6137404580152672,0.34600158353127475,0.5758196721311475,0.2589073634204275,0.0684759916492693,0.09694656488549619
2023,1610612761,7106,1399,1399.0,977.0,1194,451,493.0,319.0,312,420,128,0.19687587953841823,0.6983559685489635,0.3777219430485762,0.6470588235294118,0.2613065326633166,0.0591049817056009,0.091493924231594
2023,1610612762,6932,1151,1151.0,754.0,1175,392,431.0,267.0,291,481,106,0.1660415464512406,0.6550825369244135,0.33361702127659576,0.6194895591647331,0.24765957446808512,0.06938834391229083,0.09209383145091225
2023,1610612763,6813,1347,1347.0,824.0,1171,426,472.0,280.0,306,435,130,0.19771025979744605,0.6117297698589458,0.3637916310845431,0.5932203389830508,0.26131511528608026,0.06384852487890796,0.09651076466221233
2023,1610612764,7191,1477,1477.0,1035.0,1281,481,528.0,359.0,317,489,163,0.20539563343067724,0.7007447528774543,0.375487900078064,0.6799242424242424,0.24746291959406713,0.06800166875260742,0.1103588354773189
2023,1610612765,7055,1385,1385.0,924.0,1095,381,408.0,259.0,250,500,151,0.19631467044649184,0.6671480144404333,0.34794520547945207,0.6348039215686274,0.228310502283105,0.07087172218284904,0.10902527075812274
2023,1610612766,6963,1545,1545.0,1047.0,1099,420,472.0,300.0,320,429,166,0.22188711762171479,0.6776699029126214,0.3821656050955414,0.635593220338983,0.2911737943585077,0.061611374407582936,0.10744336569579288
2024,1610612737,7141,1351,1351.0,872.0,1146,372,403.0,240.0,255,483,139,0.1891891891891892,0.6454478164322723,0.32460732984293195,0.5955334987593052,0.22251308900523561,0.06763758577230079,0.10288675055514433
2024,1610612738,6925,1147,1147.0,729.0,1140,399,441.0,260.0,307,408,104,0.16563176895306858,0.6355710549258936,0.35,0.5895691609977324,0.2692982456140351,0.058916967509025274,0.09067131647776809
2024,1610612739,7066,1197,1197.0,725.0,1264,399,442.0,253.0,298,441,105,0.1694027738465893,0.6056808688387636,0.31566455696202533,0.5723981900452488,0.23575949367088608,0.06241154825926974,0.08771929824561403
2024,1610612740,6797,1312,1312.0,873.0,1244,456,510.0,325.0,327,439,144,0.19302633514785936,0.6653963414634146,0.3665594855305466,0.6372549019607843,0.2628617363344051,0.06458731793438281,0.10975609756097561
2024,1610612741,7410,1529,1529.0,994.0,1200,419,460.0,291.0,292,500,134,0.20634278002699055,0.6500981033355134,0.3491666666666667,0.6326086956521739,0.24333333333333335,0.06747638326585695,0.08763897972531066
2024,1610612742,7044,1369,1369.0,876.0,1239,452,505.0,302.0,339,468,120,0.1943498012492902,0.6398831263696129,0.3648103309120258,0.598019801980198,0.2736077481840194,0.06643952299829642,0.08765522279035792
2024,1610612743,7181,1245,1245.0,830.0,1229,397,433.0,260.0,284,486,131,0.1733741818688205,0.6666666666666666,0.323026851098454,0.6004618937644342,0.23108218063466232,0.06767859629578053,0.10522088353413654
2024,1610612744,6975,858,858.0,582.0,1128,359,395.0,253.0,271,518,85,0.12301075268817205,0.6783216783216783,0.3182624113475177,0.640506329113924,0.2402482269503546,0.07426523297491039,0.09906759906759907
2024,1610612745,7027,1289,1289.0,844.0,1149,374,423.0,263.0,274,479,112,0.1834353209050804,0.6547711404189294,0.32550043516100957,0.6217494089834515,0.23846823324630112,0.06816564679094919,0.08688906128782002
2024,1610612746,6789,1061,1061.0,723.0,1066,321,348.0,208.0,243,475,114,0.15628222124024158,0.6814326107445806,0.30112570356472795,0.5977011494252874,0.22795497185741087,0.06996612166740315,0.10744580584354382
2024,1610612747,6691,1165,1165.0,796.0,1183,396,431.0,259.0,307,429,112,0.17411448214018832,0.6832618025751073,0.33474218089602703,0.6009280742459396,0.2595097210481826,0.06411597668509939,0.096137339055794
2024,1610612748,6973,1206,1206.0,812.0,1101,367,403.0,245.0,270,422,108,0.17295281801233328,0.6733001658374793,0.3333333333333333,0.607940446650124,0.2452316076294278,0.06051914527463072,0.08955223880597014
2024,1610612749,6937,1131,1131.0,747.0,1146,402,435.0,268.0,295,428,104,0.16303877756955457,0.6604774535809018,0.3507853403141361,0.6160919540229886,0.25741710296684117,0.061698140406515785,0.09195402298850575
2024,1610612750,6987,1256,1256.0,805.0,1198,373,409.0,232.0,269,466,110,0.17976241591527123,0.6409235668789809,0.3113522537562604,0.5672371638141809,0.22454090150250416,0.06669529125518821,0.0875796178343949
2024,1610612751,6655,1311,1311.0,875.0,1183,371,402.0,243.0,276,478,146,0.1969947407963937,0.6674294431731502,0.3136094674556213,0.6044776119402985,0.23330515638207946,0.07182569496619083,0.11136536994660565
2024,1610612752,6957,1399,1399.0,901.0,1131,412,457.0,281.0,305,474,113,0.2010924248957884,0.6440314510364546,0.36427939876215737,0.6148796498905909,0.2696728558797524,0.06813281586890901,0.08077197998570407
2024,1610612753,6716,1220,1220.0,805.0,1120,315,338.0,204.0,223,495,114,0.1816557474687314,0.6598360655737705,0.28125,0.6035502958579881,0.19910714285714284,0.07370458606313282,0.09344262295081968
2024,1610612754,7232,1435,1435.0,957.0,1212,404,448.0,255.0,293,500,115,0.1984236725663717,0.6668989547038328,0.3333333333333333,0.5691964285714286,0.24174917491749176,0.06913716814159292,0.08013937282229965
2024,1610612755,6869,1400,1400.0,951.0,1179,430,482.0,299.0,310,461,132,0.20381423788033193,0.6792857142857143,0.364715860899067,0.6203319502074689,0.26293469041560646,0.06711311690202358,0.09428571428571429
2024,1610612756,6901,1064,1064.0,716.0,1161,392,431.0,266.0,298,496,121,0.15418055354296478,0.6729323308270677,0.3376399655469423,0.617169373549884,0.2566752799310939,0.07187364150123171,0.1137218045112782
2024,1610612757,6886,1261,1261.0,814.0,1234,389,427.0,255.0,271,475,135,0.18312518152773744,0.6455194290245837,0.31523500810372773,0.5971896955503513,0.21961102106969205,0.06898054022654662,0.1070578905630452
2024,1610612758,7099,1010,1010.0,681.0,1113,320,340.0,218.0,239,547,94,0.14227355965628963,0.6742574257425743,0.28751123090745734,0.6411764705882353,0.21473495058400718,0.07705310607127765,0.09306930693069307
2024,1610612759,6953,1448,1448.0,914.0,1193,439,487.0,305.0,318,403,121,0.20825542931108873,0.6312154696132597,0.36797988264878456,0.6262833675564682,0.26655490360435874,0.05796059254997843,0.0835635359116022
2024,1610612760,7218,1060,1060.0,669.0,1257,401,442.0,250.0,301,542,114,0.14685508451094487,0.6311320754716981,0.31901352426412094,0.5656108597285068,0.2394590294351631,0.07509005264616238,0.10754716981132076
2024,1610612761,7080,1313,1313.0,863.0,1254,411,449.0,279.0,279,548,127,0.18545197740112995,0.6572734196496572,0.3277511961722488,0.621380846325167,0.22248803827751196,0.07740112994350283,0.09672505712109672
2024,1610612762,6887,1004,1004.0,672.0,1229,390,424.0,277.0,300,477,92,0.14578190794250037,0.6693227091633466,0.31733116354759966,0.6533018867924528,0.24410089503661514,0.06926092638304052,0.09163346613545817
2024,1610612763,7234,1146,1146.0,729.0,1322,390,422.0,255.0,284,544,135,0.15841857893281724,0.6361256544502618,0.2950075642965204,0.6042654028436019,0.21482602118003025,0.07520044235554327,0.11780104712041885
2024,1610612764,7133,1239,1239.0,874.0,1292,410,447.0,290.0,272,497,120,0.17369970559371933,0.705407586763519,0.3173374613003096,0.6487695749440716,0.21052631578947367,0.06967615309126594,0.09685230024213075
2024,1610612765,7098,1115,1115.0,714.0,1214,345,379.0,231.0,232,512,117,0.1570865032403494,0.6403587443946188,0.2841845140032949,0.6094986807387863,0.19110378912685339,0.07213299520991828,0.10493273542600896
2024,1610612766,6651,1226,1226.0,788.0,1171,382,420.0,249.0,271,420,128,0.184333182980003,0.6427406199021207,0.32621690862510677,0.5928571428571429,0.2314261315115286,0.06314839873703203,0.10440456769983687
2025,1610612737,7214,1430,1430.0,921.0,1196,391,430.0,265.0,277,503,143,0.19822567230385363,0.644055944055944,0.3269230769230769,0.6162790697674418,0.23160535117056857,0.06972553368450235,0.1
2025,1610612738,6746,811,811.0,526.0,1214,326,363.0,227.0,239,470,109,0.12021938926771421,0.6485819975339088,0.2685337726523888,0.6253443526170799,0.19686985172981877,0.0696709160984287,0.1344019728729963
2025,1610612739,6930,1194,1194.0,738.0,1215,386,426.0,236.0,262,462,104,0.1722943722943723,0.6180904522613065,0.3176954732510288,0.5539906103286385,0.21563786008230454,0.06666666666666667,0.08710217755443886
2025,1610612740,7050,1358,1358.0,880.0,1363,453,511.0,322.0,315,487,114,0.1926241134751773,0.6480117820324006,0.33235509904622157,0.6301369863013698,0.23110785033015407,0.06907801418439716,0.08394698085419734
2025,1610612741,7112,1506,1506.0,983.0,1228,442,491.0,305.0,296,487,146,0.21175478065241846,0.6527224435590969,0.35993485342019543,0.6211812627291242,0.24104234527687296,0.06847581552305962,0.09694555112881806
2025,1610612742,7190,1341,1341.0,897.0,1266,450,491.0,313.0,336,520,134,0.18650904033379695,0.668903803131991,0.35545023696682465,0.6374745417515275,0.26540284360189575,0.07232267037552156,0.09992542878448919
2025,1610612743,6981,1108,1108.0,782.0,1197,409,442.0,262.0,301,524,117,0.1587165162584157,0.7057761732851986,0.341687552213868,0.5927601809954751,0.25146198830409355,0.07506087953015328,0.1055956678700361
2025,1610612744,6937,1077,1077.0,733.0,1220,396,438.0,280.0,287,451,104,0.15525443275191006,0.680594243268338,0.32459016393442625,0.639269406392694,0.23524590163934425,0.0650136946806977,0.09656453110492108
2025,1610612745,6880,1155,1155.0,738.0,1278,385,412.0,262.0,283,488,114,0.16787790697674418,0.638961038961039,0.30125195618153366,0.6359223300970874,0.2214397496087637,0.07093023255813953,0.0987012987012987
2025,1610612746,6803,1089,1089.0,741.0,1231,380,418.0,260.0,275,473,108,0.1600764368660885,0.6804407713498623,0.30869212022745735,0.6220095693779905,0.22339561332250202,0.06952814934587682,0.09917355371900827
2025,1610612747,6867,1179,1179.0,830.0,1162,406,435.0,302.0,273,491,100,0.17169069462647443,0.7039864291772688,0.3493975903614458,0.6942528735632184,0.23493975903614459,0.07150138342798894,0.08481764206955046
2025,1610612748,7201,1260,1260.0,821.0,1225,391,424.0,262.0,294,479,130,0.17497569781974726,0.6515873015873016,0.31918367346938775,0.6179245283018868,0.24,0.06651853909179281,0.10317460317460317
2025,1610612749,6835,1190,1190.0,835.0,1226,358,381.0,238.0,261,538,110,0.17410387710314557,0.7016806722689075,0.29200652528548127,0.6246719160104987,0.2128874388254486,0.0787125091441112,0.09243697478991597
2025,1610612750,7089,1422,1422.0,892.0,1318,419,457.0,259.0,298,519,116,0.20059246720270843,0.6272855133614628,0.3179059180576631,0.5667396061269147,0.22610015174506828,0.0732120186203978,0.08157524613220815
2025,1610612751,6655,1327,1327.0,908.0,1198,397,440.0,257.0,252,486,128,0.19939894815927875,0.6842501883948756,0.3313856427378965,0.5840909090909091,0.21035058430717862,0.07302779864763335,0.09645817633760362
2025,1610612752,6863,1186,1186.0,753.0,1154,369,404.0,243.0,258,510,111,0.17281072417310214,0.6349072512647554,0.3197573656845754,0.6014851485148515,0.22357019064124783,0.07431152557190733,0.09359190556492411
2025,1610612753,6915,1180,1180.0,816.0,1179,353,382.0,235.0,250,534,136,0.17064352856109907,0.6915254237288135,0.29940627650551316,0.6151832460732984,0.21204410517387617,0.0772234273318872,0.1152542372881356
2025,1610612754,7207,1480,1480.0,953.0,1248,404,442.0,291.0,308,587,159,0.2053559039822395,0.643918918918919,0.32371794871794873,0.6583710407239819,0.2467948717948718,0.08144859164700985,0.10743243243243243
2025,1610612755,7030,1370,1370.0,892.0,1337,436,474.0,305.0,303,495,134,0.19487908961593173,0.6510948905109489,0.3261032161555722,0.6434599156118144,0.22662677636499626,0.07041251778093884,0.09781021897810219
2025,1610612756,6813,1141,1141.0,773.0,1247,388,431.0,279.0,284,496,110,0.16747394686628506,0.677475898334794,0.3111467522052927,0.6473317865429234,0.22774659182036888,0.07280199618376633,0.09640666082383874
2025,1610612757,6941,1139,1139.0,719.0,1257,420,462.0,283.0,305,488,102,0.16409739230658407,0.6312554872695347,0.3341288782816229,0.6125541125541125,0.24264120922832141,0.07030687220861548,0.08955223880597014
2025,1610612758,6925,1024,1024.0,731.0,1224,364,387.0,252.0,254,528,114,0.14787003610108304,0.7138671875,0.2973856209150327,0.6511627906976745,0.20751633986928106,0.07624548736462095,0.111328125
2025,1610612759,7028,1176,1176.0,736.0,1193,390,422.0,254.0,280,452,100,0.16733067729083664,0.6258503401360545,0.3269069572506287,0.6018957345971564,0.2347024308466052,0.064314171883893,0.08503401360544217
2025,1610612760,7131,1095,1095.0,660.0,1303,397,432.0,243.0,301,492,78,0.15355490113588557,0.6027397260273972,0.3046815042210284,0.5625,0.23100537221795855,0.0689945309213294,0.07123287671232877
2025,1610612761,7033,1289,1289.0,867.0,1187,390,449.0,263.0,279,538,123,0.18327882838049198,0.6726144297905353,0.32855939342881213,0.5857461024498887,0.2350463352990733,0.07649651642257926,0.09542280837858805
2025,1610612762,7041,1016,1016.0,735.0,1262,416,453.0,301.0,314,575,110,0.14429768498792786,0.7234251968503937,0.329635499207607,0.6644591611479028,0.24881141045958796,0.08166453628745916,0.10826771653543307
2025,1610612763,7121,1243,1243.0,850.0,1361,480,533.0,357.0,329,536,145,0.1745541356551046,0.6838294448913917,0.3526818515797208,0.6697936210131332,0.2417340191036003,0.07527032720123578,0.1166532582461786
2025,1610612764,7000,1442,1442.0,968.0,1343,482,538.0,344.0,315,576,136,0.206,0.6712898751733704,0.35889798957557706,0.6394052044609665,0.23454951600893523,0.08228571428571428,0.09431345353675451
2025,1610612765,6951,995,995.0,608.0,1298,371,408.0,263.0,268,576,92,0.14314487124154798,0.6110552763819096,0.28582434514637906,0.6446078431372549,0.20647149460708783,0.08286577470867501,0.09246231155778895
2025,1610612766,6828,1273,1273.0,822.0,1120,353,389.0,244.0,232,424,98,0.18643819566490918,0.6457187745483111,0.3151785714285714,0.6272493573264781,0.20714285714285716,0.062097246631517285,0.0769835035349568
