player_name,Team,G,MP,VORP,BPM,WS,PER,TS%
Amen Thompson,HOU,79.0,2953.0,3.4,2.6,10.2,18.9,0.594
Kevin Durant,HOU,78.0,2840.0,4.6,4.5,10.6,21.2,0.641
Desmond Bane,ORL,81.0,2738.0,2.3,1.4,7.4,16.9,0.608
Jabari Smith Jr.,HOU,77.0,2705.0,0.9,-0.7,6.6,13.5,0.57
Toumani Camara,POR,81.0,2698.0,0.7,-1.0,4.7,11.3,0.579
Mikal Bridges,NYK,81.0,2692.0,3.2,2.7,8.1,15.3,0.587
Jamal Murray,DEN,75.0,2652.0,4.1,4.1,9.5,21.8,0.622
Scottie Barnes,TOR,79.0,2649.0,4.0,4.0,7.5,19.0,0.576
Tyrese Maxey,PHI,69.0,2634.0,4.9,5.5,8.6,21.9,0.586
Derrick White,BOS,77.0,2625.0,3.5,3.2,7.1,16.1,0.529
Julius Randle,MIN,79.0,2610.0,2.3,1.5,7.4,18.5,0.585
Nickeil Alexander-Walker,ATL,78.0,2603.0,2.1,1.2,6.4,16.5,0.61
VJ Edgecombe,PHI,74.0,2592.0,1.0,-0.5,4.3,13.9,0.542
Jalen Brunson,NYK,74.0,2590.0,3.3,3.1,8.8,20.1,0.58
Brandon Ingram,TOR,76.0,2572.0,1.6,0.4,4.3,16.1,0.569
Payton Pritchard,BOS,79.0,2556.0,2.7,2.3,8.5,17.1,0.584
Jalen Johnson,ATL,72.0,2532.0,4.0,4.3,7.5,20.4,0.581
Dyson Daniels,ATL,76.0,2520.0,2.1,1.3,6.7,15.5,0.542
Kon Knueppel,CHO,80.0,2519.0,3.0,2.7,7.9,17.1,0.635
Donte DiVincenzo,MIN,81.0,2487.0,1.8,0.8,5.3,12.5,0.569
Paolo Banchero,ORL,71.0,2464.0,2.1,1.4,5.0,17.7,0.569
Jaylen Brown,BOS,71.0,2443.0,3.3,3.3,6.9,22.0,0.573
James Harden,2TM,70.0,2438.0,3.6,3.8,7.7,20.7,0.61
James Harden,LAC,44.0,1559.0,2.3,3.8,4.8,21.7,0.598
James Harden,CLE,26.0,879.0,1.3,4.0,2.9,18.9,0.639
DeMar DeRozan,SAC,77.0,2406.0,1.1,-0.1,5.6,17.8,0.594
Alperen Şengün,HOU,72.0,2398.0,3.7,4.2,8.0,21.4,0.569
Rudy Gobert,MIN,76.0,2380.0,1.8,1.0,8.8,17.6,0.664
Ryan Rollins,MIL,74.0,2376.0,1.3,0.2,3.4,16.2,0.583
Miles Bridges,CHO,76.0,2363.0,1.9,1.2,6.5,16.1,0.571
Donovan Mitchell,CLE,70.0,2342.0,4.2,5.1,8.2,23.0,0.613
Trey Murphy III,NOP,66.0,2341.0,2.6,2.4,6.0,18.3,0.613
Bam Adebayo,MIA,72.0,2336.0,2.3,1.8,6.1,18.5,0.55
Cooper Flagg,DAL,69.0,2334.0,2.0,1.4,3.7,17.9,0.548
Karl-Anthony Towns,NYK,75.0,2322.0,3.1,3.3,9.6,22.0,0.619
Jaden McDaniels,MIN,73.0,2316.0,1.0,-0.3,5.3,14.0,0.611
Brandin Podziemski,GSW,81.0,2312.0,1.3,0.2,5.1,15.0,0.584
Onyeka Okongwu,ATL,74.0,2297.0,1.6,0.8,6.0,15.9,0.592
Luka Dončić,LAL,64.0,2289.0,6.5,9.2,9.5,27.9,0.616
Collin Gillespie,PHO,80.0,2282.0,2.5,2.4,6.1,15.3,0.575
CJ McCollum,2TM,76.0,2264.0,1.0,-0.3,3.0,15.9,0.566
CJ McCollum,WAS,35.0,1082.0,0.1,-1.5,1.0,15.3,0.573
CJ McCollum,ATL,41.0,1182.0,0.9,0.9,2.0,16.5,0.56
Shai Gilgeous-Alexander,OKC,68.0,2259.0,7.8,11.7,15.3,30.9,0.665
Wendell Carter Jr.,ORL,77.0,2257.0,0.9,-0.5,6.3,14.3,0.621
Matas Buzelis,CHI,77.0,2248.0,0.6,-1.0,2.6,14.8,0.586
Nikola Jokić,DEN,64.0,2247.0,9.1,14.1,14.7,32.2,0.669
Saddiq Bey,NOP,72.0,2246.0,1.4,0.5,5.4,17.1,0.579
Julian Champagnie,SAS,81.0,2241.0,2.0,1.4,6.2,13.1,0.61
A.J. Green,MIL,77.0,2234.0,-0.7,-3.3,2.4,9.4,0.628
Bub Carrington,WAS,81.0,2233.0,-1.5,-4.7,-0.4,9.9,0.557
Max Christie,DAL,76.0,2232.0,0.2,-1.7,2.6,10.9,0.599
OG Anunoby,NYK,67.0,2224.0,2.3,2.0,6.3,15.8,0.62
Immanuel Quickley,TOR,69.0,2215.0,2.5,2.5,6.5,16.6,0.579
Royce O'Neale,PHO,78.0,2213.0,1.5,0.6,4.6,11.6,0.596
Kris Dunn,LAC,81.0,2208.0,0.7,-0.8,4.0,11.4,0.583
De'Aaron Fox,SAS,71.0,2198.0,2.3,2.2,6.3,17.6,0.579
Naji Marshall,DAL,74.0,2184.0,0.8,-0.6,4.3,15.4,0.592
Quentin Grimes,PHI,74.0,2178.0,0.2,-1.7,3.4,12.8,0.583
Deni Avdija,POR,65.0,2166.0,3.4,4.2,6.8,20.3,0.599
Cade Cunningham,DET,63.0,2150.0,4.6,6.5,7.9,21.7,0.567
Devin Booker,PHO,64.0,2146.0,2.3,2.2,6.4,20.4,0.585
Anthony Edwards,MIN,61.0,2137.0,3.5,4.5,6.6,21.8,0.617
Tim Hardaway Jr.,DEN,80.0,2127.0,0.7,-0.7,4.4,13.5,0.624
Reed Sheppard,HOU,81.0,2121.0,2.5,2.6,5.7,15.6,0.565
Jaime Jaquez Jr.,MIA,74.0,2096.0,1.1,0.0,4.0,15.5,0.567
Duncan Robinson,DET,76.0,2091.0,1.5,0.8,6.1,12.4,0.627
Kawhi Leonard,LAC,65.0,2085.0,5.3,8.0,9.2,27.9,0.629
Evan Mobley,CLE,65.0,2074.0,2.6,3.0,6.5,20.0,0.596
Jeremiah Fears,NOP,81.0,2071.0,-0.4,-2.8,0.5,13.6,0.524
Donovan Clingan,POR,76.0,2070.0,2.6,3.0,8.5,20.9,0.603
Pascal Siakam,IND,62.0,2057.0,1.4,0.7,2.7,18.6,0.562
Cason Wallace,OKC,77.0,2046.0,1.7,1.3,5.3,12.2,0.538
Jake LaRavia,LAL,81.0,2037.0,0.4,-1.2,3.7,11.9,0.573
Andrew Wiggins,MIA,67.0,2037.0,1.7,1.4,4.6,15.3,0.59
Devin Vassell,SAS,66.0,2011.0,1.3,0.5,4.8,12.9,0.572
Stephon Castle,SAS,67.0,2008.0,2.0,1.9,5.7,17.4,0.576
Naz Reid,MIN,77.0,2007.0,1.5,0.9,4.1,15.4,0.565
Chet Holmgren,OKC,69.0,1997.0,3.2,4.3,9.2,21.6,0.653
Josh Hart,NYK,66.0,1994.0,2.5,3.0,6.1,15.7,0.612
LaMelo Ball,CHO,71.0,1988.0,3.4,4.7,6.1,19.8,0.547
Derik Queen,NOP,80.0,1982.0,0.6,-0.8,2.7,15.8,0.549
Jalen Duren,DET,70.0,1976.0,3.5,5.0,11.0,26.1,0.688
Davion Mitchell,MIA,69.0,1975.0,0.5,-0.9,4.2,12.0,0.578
LeBron James,LAL,59.0,1972.0,2.8,3.5,5.4,20.8,0.595
Bruce Brown,DEN,81.0,1970.0,-0.3,-2.5,2.8,10.7,0.558
Harrison Barnes,SAS,76.0,1961.0,1.0,0.0,4.8,11.8,0.609
Ace Bailey,UTA,71.0,1958.0,-1.1,-4.2,0.2,11.8,0.538
Jarace Walker,IND,76.0,1953.0,-0.2,-2.5,0.6,11.6,0.543
Brandon Miller,CHO,64.0,1941.0,1.8,1.6,4.4,16.8,0.573
Sam Hauser,BOS,78.0,1934.0,1.2,0.6,5.0,12.0,0.59
Deandre Ayton,LAL,71.0,1933.0,0.5,-1.0,6.0,18.0,0.675
Maxime Raynaud,SAC,73.0,1927.0,-0.3,-2.6,3.4,15.9,0.614
Neemias Queta,BOS,76.0,1926.0,2.4,2.8,9.0,20.3,0.674
Nic Claxton,BRK,69.0,1920.0,1.4,0.9,4.9,17.6,0.592
Myles Turner,MIL,71.0,1912.0,0.5,-0.9,3.0,14.2,0.584
Rui Hachimura,LAL,67.0,1898.0,-0.2,-2.4,3.0,11.4,0.616
Anthony Black,ORL,63.0,1891.0,0.7,-0.6,2.6,13.7,0.548
Keldon Johnson,SAS,81.0,1890.0,1.4,0.9,6.4,17.2,0.613
Ayo Dosunmu,2TM,69.0,1881.0,1.4,1.0,4.9,16.5,0.63
Ayo Dosunmu,CHI,45.0,1187.0,0.8,0.8,3.0,17.0,0.636
Ayo Dosunmu,MIN,24.0,694.0,0.6,1.4,1.9,15.6,0.619
Tristan Da Silva,ORL,76.0,1876.0,0.7,-0.6,3.3,12.0,0.576
Ausar Thompson,DET,72.0,1874.0,2.4,3.1,5.6,16.2,0.544
Moussa Diabaté,CHO,72.0,1873.0,1.7,1.6,7.3,17.2,0.653
Draymond Green,GSW,68.0,1869.0,0.3,-1.3,1.7,10.4,0.54
Victor Wembanyama,SAS,64.0,1866.0,6.0,10.7,10.0,29.9,0.626
Russell Westbrook,SAC,64.0,1853.0,0.7,-0.4,0.4,15.1,0.528
John Collins,LAC,68.0,1851.0,0.7,-0.5,4.5,16.2,0.642
Pelle Larsson,MIA,70.0,1849.0,0.3,-1.3,4.1,13.1,0.605
Nique Clifford,SAC,74.0,1843.0,-1.4,-5.0,-0.7,8.8,0.498
Zion Williamson,NOP,62.0,1841.0,2.3,2.9,6.1,22.7,0.644
Jamal Shead,TOR,81.0,1832.0,-0.1,-2.3,2.7,10.6,0.491
Luguentz Dort,OKC,68.0,1829.0,0.1,-1.9,3.0,8.2,0.524
Sion James,CHO,81.0,1822.0,0.0,-2.0,3.0,8.2,0.529
Jaylen Wells,MEM,69.0,1821.0,-0.5,-3.1,1.6,11.5,0.559
Nikola Vučević,2TM,64.0,1818.0,1.6,1.5,4.4,17.7,0.574
Nikola Vučević,CHI,48.0,1480.0,1.4,1.8,3.6,18.2,0.585
Nikola Vučević,BOS,16.0,338.0,0.2,0.1,0.9,15.9,0.526
Kyle Kuzma,MIL,69.0,1806.0,-0.1,-2.3,1.9,14.1,0.581
Kyle Filipowski,UTA,77.0,1801.0,0.4,-1.1,3.1,16.1,0.586
Oso Ighodaro,PHO,81.0,1795.0,0.9,-0.1,4.6,13.7,0.638
Andrew Nembhard,IND,57.0,1786.0,0.5,-0.8,2.9,15.7,0.564
Keyonte George,UTA,54.0,1786.0,1.3,0.9,3.3,18.6,0.609
Noah Clowney,BRK,66.0,1780.0,-0.6,-3.4,1.1,11.2,0.554
Austin Reaves,LAL,51.0,1762.0,2.1,2.7,5.6,20.3,0.641
Jaylon Tyson,CLE,65.0,1752.0,1.0,0.2,4.0,14.9,0.611
Brice Sensabaugh,UTA,74.0,1749.0,-0.3,-2.6,1.1,14.4,0.59
Marcus Smart,LAL,61.0,1743.0,-0.1,-2.2,2.0,9.9,0.547
P.J. Washington,DAL,56.0,1736.0,0.1,-1.7,1.6,13.1,0.537
Sandro Mamukelashvili,TOR,79.0,1733.0,2.1,2.7,6.0,18.1,0.635
Tre Jones,CHI,64.0,1733.0,1.5,1.5,5.8,18.8,0.643
Josh Giddey,CHI,54.0,1731.0,2.0,2.7,3.3,18.0,0.562
Tobias Harris,DET,62.0,1724.0,1.4,1.1,5.0,14.6,0.568
Cam Spencer,MEM,72.0,1714.0,1.8,2.2,5.3,17.2,0.649
Precious Achiuwa,SAC,72.0,1710.0,0.2,-1.6,2.9,16.1,0.56
Dillon Brooks,PHO,56.0,1702.0,-0.2,-2.4,2.0,14.1,0.54
RJ Barrett,TOR,56.0,1697.0,1.0,0.3,3.9,16.9,0.583
Dennis Schröder,2TM,70.0,1697.0,-0.1,-2.2,1.5,12.9,0.526
Dennis Schröder,SAC,40.0,1056.0,0.0,-1.9,0.7,13.6,0.531
Dennis Schröder,CLE,30.0,641.0,-0.1,-2.8,0.9,11.8,0.515
Jay Huff,IND,81.0,1695.0,1.0,0.4,3.2,15.2,0.597
Isaac Okoro,CHI,63.0,1695.0,-0.8,-3.8,2.2,9.8,0.574
Jerami Grant,POR,57.0,1695.0,0.9,0.0,4.0,15.4,0.608
Norman Powell,MIA,57.0,1694.0,1.5,1.5,3.8,17.4,0.609
Michael Porter Jr.,BRK,52.0,1689.0,2.1,3.0,3.0,19.9,0.595
Kel'el Ware,MIA,76.0,1675.0,1.8,2.1,6.1,20.1,0.613
Luke Kennard,2TM,77.0,1670.0,0.9,0.2,4.6,13.5,0.688
Luke Kennard,ATL,46.0,944.0,0.6,0.6,2.8,13.5,0.713
Luke Kennard,LAL,31.0,726.0,0.3,-0.3,1.8,13.5,0.659
Dominick Barlow,PHI,70.0,1669.0,0.3,-1.2,3.8,13.2,0.594
Cameron Johnson,DEN,54.0,1647.0,0.6,-0.7,3.7,12.8,0.629
Bobby Portis,MIL,67.0,1619.0,0.8,0.0,2.8,17.1,0.587
Brook Lopez,LAC,74.0,1613.0,0.5,-0.9,2.3,12.3,0.553
Will Riley,WAS,73.0,1598.0,-0.9,-4.3,0.6,12.4,0.553
Cedric Coward,MEM,62.0,1598.0,0.7,-0.2,2.5,15.3,0.585
Peyton Watson,DEN,54.0,1598.0,0.3,-1.3,2.6,14.3,0.594
Cody Williams,UTA,66.0,1591.0,-1.4,-5.5,0.1,9.6,0.527
Herbert Jones,NOP,56.0,1588.0,-0.5,-3.2,0.7,9.1,0.491
Bennedict Mathurin,2TM,53.0,1588.0,-0.3,-2.6,2.0,14.5,0.577
Bennedict Mathurin,IND,28.0,891.0,-0.2,-2.8,0.7,12.6,0.589
Bennedict Mathurin,LAC,25.0,697.0,-0.1,-2.4,1.3,17.0,0.564
Collin Sexton,2TM,67.0,1585.0,1.1,0.7,3.9,17.4,0.616
Collin Sexton,CHO,42.0,938.0,0.7,1.2,2.7,17.7,0.619
Collin Sexton,CHI,25.0,647.0,0.3,0.1,1.1,17.1,0.612
Jordan Goodwin,PHO,70.0,1572.0,1.5,1.7,3.8,14.7,0.525
Kelly Oubre Jr.,PHI,49.0,1551.0,0.2,-1.4,2.6,13.0,0.58
Dylan Harper,SAS,68.0,1540.0,1.3,1.4,4.2,16.2,0.575
Moses Moody,GSW,60.0,1540.0,0.7,-0.1,3.1,13.5,0.6
Jalen Suggs,ORL,56.0,1536.0,1.7,2.4,2.7,15.7,0.558
Ron Holland,DET,77.0,1530.0,0.1,-1.9,2.8,11.9,0.527
Terance Mann,BRK,63.0,1529.0,-0.6,-3.4,1.8,10.2,0.564
Kevin Huerter,2TM,68.0,1529.0,0.5,-0.7,2.4,13.0,0.55
Kevin Huerter,CHI,44.0,1037.0,0.3,-1.0,1.3,13.2,0.559
Kevin Huerter,DET,24.0,492.0,0.2,-0.2,1.1,12.6,0.53
Jrue Holiday,POR,52.0,1528.0,1.5,1.9,3.5,16.4,0.573
Tari Eason,HOU,59.0,1525.0,0.2,-1.6,2.8,12.8,0.513
Jarrett Allen,CLE,56.0,1519.0,1.8,2.6,6.4,22.1,0.669
Isaiah Collier,UTA,59.0,1517.0,-0.2,-2.4,1.7,14.8,0.567
Isaiah Joe,OKC,71.0,1507.0,1.7,2.5,5.6,15.5,0.657
Jock Landale,2TM,68.0,1506.0,0.7,-0.1,3.9,16.6,0.595
Jock Landale,MEM,45.0,1060.0,0.5,-0.2,2.5,16.8,0.594
Jock Landale,ATL,23.0,446.0,0.2,0.1,1.3,16.0,0.596
Klay Thompson,DAL,68.0,1487.0,0.2,-1.5,0.5,11.3,0.54
Zaccharie Risacher,ATL,66.0,1479.0,-0.2,-2.5,2.3,11.7,0.555
Keon Ellis,2TM,72.0,1478.0,0.6,-0.5,2.2,10.8,0.579
Keon Ellis,SAC,43.0,758.0,0.0,-1.9,0.4,9.1,0.536
Keon Ellis,CLE,29.0,720.0,0.6,1.0,1.8,12.5,0.629
Ajay Mitchell,OKC,57.0,1473.0,1.4,1.9,4.9,16.8,0.585
Bilal Coulibaly,WAS,56.0,1468.0,-0.1,-2.2,1.0,13.5,0.531
Grayson Allen,PHO,51.0,1467.0,1.5,2.0,3.8,16.1,0.568
Brandon Williams,DAL,66.0,1463.0,0.9,0.4,2.5,16.8,0.572
Ryan Kalkbrenner,CHO,68.0,1459.0,1.4,1.7,5.6,17.8,0.758
Shaedon Sharpe,POR,49.0,1454.0,0.2,-1.3,1.2,15.3,0.548
Jaren Jackson Jr.,2TM,48.0,1454.0,0.5,-0.6,1.5,15.8,0.576
Jaren Jackson Jr.,MEM,45.0,1382.0,0.4,-0.9,1.3,15.4,0.574
Jaren Jackson Jr.,UTA,3.0,72.0,0.1,4.6,0.1,23.2,0.598
Ja'Kobe Walter,TOR,71.0,1449.0,0.6,-0.4,3.6,11.8,0.605
Ivica Zubac,2TM,48.0,1446.0,0.6,-0.3,4.2,18.6,0.622
Ivica Zubac,LAC,43.0,1328.0,0.7,0.1,4.0,18.9,0.635
Ivica Zubac,IND,5.0,118.0,-0.1,-4.5,0.2,16.3,0.505
Tre Johnson,WAS,60.0,1443.0,-1.1,-5.0,-0.7,10.6,0.535
Lauri Markkanen,UTA,42.0,1443.0,1.6,2.6,3.6,21.1,0.608
Patrick Williams,CHI,71.0,1438.0,-0.9,-4.4,-0.1,8.1,0.496
Daniss Jenkins,DET,71.0,1436.0,0.6,-0.5,3.0,13.7,0.529
Javonte Green,DET,81.0,1434.0,1.5,2.0,4.6,14.0,0.604
Sidy Cissoko,POR,74.0,1433.0,-0.7,-4.0,1.3,7.1,0.514
Khris Middleton,2TM,62.0,1433.0,-0.9,-4.5,0.2,10.8,0.53
Khris Middleton,WAS,34.0,827.0,-0.4,-4.0,0.2,11.5,0.531
Khris Middleton,DAL,28.0,606.0,-0.5,-5.2,0.0,9.9,0.529
Luke Kornet,SAS,68.0,1430.0,2.0,3.7,6.9,17.9,0.689
Spencer Jones,DEN,64.0,1417.0,-0.2,-2.4,2.6,9.3,0.619
Mark Williams,PHO,60.0,1416.0,1.4,1.9,6.3,21.8,0.68
Walter Clayton,2TM,69.0,1410.0,-0.8,-4.3,0.3,10.3,0.523
Walter Clayton,UTA,45.0,811.0,-0.2,-3.2,0.3,10.4,0.54
Walter Clayton,MEM,24.0,599.0,-0.6,-5.8,0.0,10.1,0.502
Christian Braun,DEN,44.0,1399.0,0.3,-1.3,3.0,12.6,0.607
Baylor Scheierman,BOS,76.0,1391.0,0.8,0.4,3.6,11.2,0.614
Kyshawn George,WAS,48.0,1391.0,0.3,-1.2,0.7,13.9,0.559
Ben Sheppard,IND,65.0,1390.0,-0.4,-3.0,1.5,9.7,0.561
Aaron Wiggins,OKC,64.0,1387.0,0.4,-0.7,2.2,11.9,0.542
Vít Krejčí,2TM,64.0,1387.0,0.2,-1.5,2.9,11.2,0.611
Vít Krejčí,ATL,46.0,1028.0,0.2,-1.3,2.2,11.3,0.639
Vít Krejčí,POR,18.0,359.0,0.0,-2.2,0.7,10.7,0.538
Gui Santos,GSW,67.0,1379.0,0.5,-0.5,2.7,14.2,0.611
Gary Trent Jr.,MIL,65.0,1377.0,-1.2,-5.4,-0.1,8.0,0.533
Sam Merrill,CLE,52.0,1377.0,0.7,0.1,3.6,13.6,0.644
Anfernee Simons,2TM,55.0,1372.0,0.7,-0.1,2.9,14.5,0.576
Anfernee Simons,BOS,49.0,1202.0,0.8,0.5,2.9,15.1,0.579
Anfernee Simons,CHI,6.0,170.0,-0.1,-5.0,-0.1,10.2,0.554
Malik Monk,SAC,62.0,1364.0,0.2,-1.3,1.0,14.2,0.568
Will Richard,GSW,68.0,1356.0,0.1,-1.6,2.6,11.2,0.601
Justin Champagnie,WAS,68.0,1345.0,0.6,-0.3,3.2,17.4,0.592
Jose Alvarado,2TM,68.0,1336.0,0.3,-1.2,2.1,12.0,0.545
Jose Alvarado,NOP,41.0,896.0,0.0,-2.0,1.0,11.1,0.558
Jose Alvarado,NYK,27.0,440.0,0.3,0.4,1.1,13.7,0.522
Aaron Nesmith,IND,45.0,1335.0,-0.5,-3.4,0.7,10.8,0.554
Josh Okogie,HOU,77.0,1332.0,0.3,-1.2,2.7,10.0,0.55
Ryan Dunn,PHO,69.0,1331.0,0.3,-1.3,2.4,11.3,0.522
Kobe Sanders,LAC,67.0,1329.0,-0.3,-3.0,1.3,9.9,0.595
Derrick Jones Jr.,LAC,49.0,1329.0,0.5,-0.5,2.9,13.5,0.606
Dean Wade,CLE,59.0,1318.0,0.7,0.2,3.1,10.9,0.58
Darius Garland,2TM,44.0,1318.0,0.6,0.0,2.6,17.3,0.586
Darius Garland,CLE,26.0,792.0,0.1,-1.6,1.4,15.6,0.567
Darius Garland,LAC,18.0,526.0,0.6,2.3,1.2,19.9,0.613
Egor Dёmin,BRK,52.0,1308.0,0.1,-1.6,0.9,11.3,0.561
Alex Sarr,WAS,48.0,1305.0,0.9,0.7,1.6,19.4,0.544
Kris Murray,POR,56.0,1303.0,0.1,-1.7,2.0,9.4,0.544
Isaiah Stewart,DET,57.0,1300.0,0.7,0.0,4.0,15.0,0.628
Stephen Curry,GSW,42.0,1300.0,2.4,5.2,4.0,22.5,0.636
Yves Missi,NOP,66.0,1297.0,0.1,-1.7,2.7,15.0,0.556
Jordan Miller,LAC,59.0,1296.0,0.7,0.1,3.3,15.8,0.624
Drake Powell,BRK,62.0,1294.0,-1.2,-5.8,0.1,7.5,0.525
Jericho Sims,MIL,66.0,1286.0,-0.4,-3.1,3.1,12.7,0.771
Ziaire Williams,BRK,56.0,1281.0,0.1,-1.7,1.6,12.5,0.579
Jaylin Williams,OKC,65.0,1277.0,1.6,2.8,4.2,13.8,0.597
Nicolas Batum,LAC,73.0,1272.0,0.3,-1.2,1.7,8.2,0.597
Jordan Clarkson,NYK,71.0,1264.0,-0.4,-3.2,1.9,11.8,0.551
Kevin Porter Jr.,MIL,38.0,1261.0,1.3,2.1,2.8,18.7,0.567
Nolan Traoré,BRK,56.0,1243.0,-1.5,-6.8,-1.6,8.0,0.479
Coby White,2TM,49.0,1233.0,0.2,-1.5,1.9,15.9,0.593
Coby White,CHI,29.0,843.0,-0.3,-3.3,0.7,14.2,0.586
Coby White,CHO,20.0,390.0,0.4,2.5,1.2,19.7,0.604
Collin Murray-Boyles,TOR,56.0,1232.0,1.0,1.1,3.9,16.5,0.62
Zach LaVine,SAC,39.0,1224.0,0.2,-1.5,1.3,14.7,0.614
Adem Bona,PHI,70.0,1217.0,-0.3,-2.9,2.8,12.9,0.637
Pat Spencer,GSW,65.0,1210.0,-0.1,-2.2,1.4,12.1,0.518
Andre Drummond,PHI,62.0,1208.0,0.4,-0.8,3.2,16.1,0.537
Jaxson Hayes,LAL,66.0,1207.0,1.0,1.1,5.0,18.4,0.758
Joel Embiid,PHI,38.0,1201.0,2.1,4.9,4.1,24.7,0.605
Marvin Bagley III,2TM,60.0,1201.0,0.8,0.8,3.8,20.2,0.661
Marvin Bagley III,WAS,38.0,731.0,0.5,0.7,2.1,20.6,0.667
Marvin Bagley III,DAL,22.0,470.0,0.3,0.9,1.6,19.7,0.652
Santi Aldama,MEM,43.0,1198.0,1.1,1.7,2.3,16.4,0.572
Daniel Gafford,DAL,55.0,1195.0,0.8,0.7,4.1,18.9,0.677
Danny Wolf,BRK,57.0,1187.0,-0.2,-2.5,0.8,12.3,0.521
Jimmy Butler,GSW,38.0,1182.0,2.3,5.6,5.8,23.5,0.646
Mouhamed Gueye,ATL,77.0,1179.0,0.2,-1.3,2.7,12.0,0.539
Jordan Walsh,BOS,67.0,1179.0,0.7,0.3,3.7,13.2,0.631
GG Jackson II,MEM,55.0,1178.0,0.2,-1.2,1.3,15.7,0.591
Bones Hyland,MIN,71.0,1177.0,1.1,1.7,3.1,15.1,0.599
De'Andre Hunter,2TM,45.0,1176.0,-0.6,-3.9,1.1,11.4,0.545
De'Andre Hunter,CLE,43.0,1125.0,-0.4,-3.4,1.3,12.1,0.553
De'Andre Hunter,SAC,2.0,51.0,-0.2,-16.5,-0.2,-3.4,0.347
Mitchell Robinson,NYK,60.0,1175.0,1.6,3.5,5.8,21.1,0.676
Simone Fontecchio,MIA,70.0,1173.0,0.7,0.4,2.6,13.8,0.579
Landry Shamet,NYK,51.0,1171.0,0.5,-0.3,2.6,11.2,0.598
Day'Ron Sharpe,BRK,62.0,1160.0,1.0,1.4,3.5,20.6,0.638
Quinten Post,GSW,67.0,1159.0,0.3,-1.1,1.9,13.0,0.56
Svi Mykhailiuk,UTA,50.0,1156.0,0.1,-1.7,1.2,11.4,0.626
Dru Smith,MIA,70.0,1141.0,1.2,2.1,3.0,14.5,0.532
Caris LeVert,DET,59.0,1140.0,0.5,-0.2,1.6,11.0,0.516
Isaiah Hartenstein,OKC,47.0,1137.0,1.8,4.2,5.3,19.8,0.631
Jared McCain,2TM,66.0,1135.0,0.0,-2.1,1.5,11.8,0.558
Jared McCain,PHI,37.0,620.0,-0.3,-3.8,0.3,9.4,0.506
Jared McCain,OKC,29.0,515.0,0.2,-0.2,1.2,14.6,0.608
Ryan Nembhard,DAL,59.0,1133.0,-0.7,-4.4,0.5,10.4,0.488
Gary Payton II,GSW,72.0,1130.0,1.1,2.0,3.5,18.3,0.633
Jakob Poeltl,TOR,45.0,1130.0,1.0,1.6,4.3,18.1,0.697
Craig Porter Jr.,CLE,63.0,1120.0,1.1,2.0,2.7,13.7,0.521
Taylor Hendricks,2TM,59.0,1118.0,-0.1,-2.4,1.2,12.2,0.566
Taylor Hendricks,UTA,33.0,492.0,-0.2,-3.5,0.4,10.2,0.574
Taylor Hendricks,MEM,26.0,626.0,0.1,-1.5,0.8,13.7,0.562
Paul George,PHI,36.0,1114.0,1.1,1.8,2.5,16.7,0.569
Jarred Vanderbilt,LAL,64.0,1111.0,0.1,-1.6,1.8,11.2,0.547
De'Anthony Melton,GSW,48.0,1106.0,-0.1,-2.4,0.8,13.5,0.521
Jalen Smith,CHI,53.0,1095.0,0.4,-0.6,2.6,16.6,0.608
Kentavious Caldwell-Pope,MEM,51.0,1088.0,-0.1,-2.5,0.7,11.0,0.533
John Konchar,2TM,55.0,1087.0,0.8,1.0,2.4,13.6,0.574
John Konchar,MEM,30.0,435.0,0.5,2.3,1.0,12.9,0.619
John Konchar,UTA,25.0,652.0,0.3,0.1,1.4,14.1,0.549
Hugo González,BOS,74.0,1084.0,0.1,-1.6,2.2,10.2,0.561
Jusuf Nurkić,UTA,41.0,1083.0,0.9,1.2,1.5,16.4,0.548
Luka Garza,BOS,68.0,1080.0,1.2,2.4,5.1,19.8,0.682
Gradey Dick,TOR,75.0,1062.0,-0.4,-3.5,1.4,10.7,0.54
Ousmane Dieng,2TM,56.0,1058.0,-0.4,-3.5,0.4,10.5,0.519
Ousmane Dieng,OKC,27.0,295.0,0.1,-1.3,0.6,10.0,0.534
Ousmane Dieng,MIL,29.0,763.0,-0.5,-4.3,-0.2,10.7,0.515
Miles McBride,NYK,40.0,1056.0,0.8,0.9,2.6,12.8,0.575
Corey Kispert,2TM,57.0,1051.0,0.0,-2.0,1.8,12.9,0.604
Corey Kispert,WAS,19.0,370.0,0.1,-1.0,0.6,14.0,0.649
Corey Kispert,ATL,38.0,681.0,-0.1,-2.5,1.1,12.3,0.582
Giannis Antetokounmpo,MIL,36.0,1039.0,3.0,9.5,5.0,32.7,0.658
Rayan Rupert,2TM,63.0,1031.0,-0.8,-5.1,0.6,7.9,0.485
Rayan Rupert,POR,48.0,577.0,-0.5,-5.1,0.2,5.8,0.447
Rayan Rupert,MEM,15.0,454.0,-0.4,-5.2,0.4,10.6,0.52
Alex Caruso,OKC,56.0,1020.0,1.0,1.9,2.6,12.8,0.54
Caleb Love,POR,48.0,1011.0,-0.3,-3.0,0.7,10.8,0.498
Tyler Herro,MIA,32.0,1010.0,1.1,2.2,2.4,17.3,0.607
Guerschon Yabusele,2TM,67.0,1007.0,-0.1,-2.2,1.4,11.1,0.543
Guerschon Yabusele,NYK,41.0,366.0,-0.2,-3.7,0.4,8.6,0.499
Guerschon Yabusele,CHI,26.0,641.0,0.1,-1.3,1.0,12.5,0.564
Aaron Gordon,DEN,36.0,1005.0,0.9,1.6,3.2,18.5,0.62
Jamir Watkins,WAS,49.0,998.0,-0.4,-3.6,0.9,11.4,0.544
Franz Wagner,ORL,33.0,993.0,1.1,2.5,2.8,19.3,0.591
Mike Conley,MIN,54.0,991.0,0.2,-1.3,1.9,9.4,0.517
Robert Williams,POR,58.0,986.0,1.6,4.5,4.3,22.1,0.721
Olivier-Maxence Prosper,MEM,53.0,984.0,0.5,-0.1,2.5,16.9,0.662
Ochai Agbaji,2TM,62.0,973.0,-0.5,-4.0,0.9,8.9,0.525
Ochai Agbaji,TOR,42.0,650.0,-0.5,-4.7,0.6,7.5,0.495
Ochai Agbaji,BRK,20.0,323.0,-0.1,-2.6,0.3,11.7,0.572
Nae'Qwan Tomlin,CLE,63.0,967.0,-0.1,-2.4,2.0,12.4,0.539
T.J. McConnell,IND,56.0,963.0,1.1,2.5,2.7,20.6,0.567
Tyus Jones,3TM,66.0,958.0,-0.1,-2.4,1.0,8.3,0.451
Tyus Jones,ORL,48.0,754.0,0.1,-1.7,1.0,8.4,0.448
Tyus Jones,DAL,8.0,133.0,-0.1,-4.3,0.1,8.7,0.444
Tyus Jones,DEN,10.0,71.0,-0.1,-6.2,-0.1,5.9,0.489
Goga Bitadze,ORL,63.0,956.0,1.2,2.9,4.4,20.2,0.699
Justin Edwards,PHI,63.0,955.0,0.1,-1.6,1.6,11.7,0.569
Al Horford,GSW,44.0,951.0,0.9,1.7,2.1,14.9,0.555
Rob Dillingham,2TM,64.0,940.0,-1.3,-7.3,-1.1,7.3,0.461
Rob Dillingham,MIN,35.0,326.0,-0.5,-8.2,-0.5,6.0,0.404
Rob Dillingham,CHI,29.0,614.0,-0.8,-6.9,-0.6,8.0,0.493
Jalen Williams,OKC,33.0,936.0,1.0,2.2,3.1,19.0,0.56
Jordan Poole,NOP,39.0,933.0,-0.4,-3.5,0.2,11.5,0.53
Kobe Brown,2TM,60.0,928.0,-0.2,-2.8,1.2,11.8,0.589
Kobe Brown,LAC,34.0,295.0,0.0,-2.3,0.3,11.2,0.524
Kobe Brown,IND,26.0,633.0,-0.2,-3.0,0.9,12.1,0.622
Kasparas Jakučionis,MIA,52.0,925.0,0.3,-0.6,2.1,11.7,0.606
Anthony Gill,WAS,54.0,921.0,-0.2,-2.7,1.6,13.3,0.673
Karlo Matković,NOP,62.0,912.0,0.6,0.6,2.7,16.5,0.696
Isaiah Jackson,2TM,55.0,908.0,0.2,-1.1,2.6,17.3,0.653
Isaiah Jackson,IND,38.0,638.0,-0.1,-2.7,1.4,15.2,0.615
Isaiah Jackson,LAC,17.0,270.0,0.3,2.6,1.2,22.2,0.741
Clint Capela,HOU,74.0,903.0,0.5,0.0,2.7,17.0,0.524
Josh Green,CHO,57.0,898.0,0.3,-0.8,1.8,9.7,0.643
Ben Saraf,BRK,43.0,890.0,-1.2,-7.4,-1.1,7.6,0.48
Dylan Cardwell,SAC,43.0,886.0,0.1,-1.7,2.3,15.9,0.597
Jaden Hardy,2TM,56.0,882.0,-0.6,-4.7,-0.2,11.0,0.568
Jaden Hardy,DAL,34.0,428.0,-0.2,-3.9,0.1,10.7,0.551
Jaden Hardy,WAS,22.0,454.0,-0.4,-5.5,-0.3,11.4,0.583
Cam Thomas,2TM,42.0,881.0,-0.7,-5.1,-0.4,12.6,0.53
Cam Thomas,BRK,24.0,582.0,-0.4,-5.1,-0.3,12.3,0.527
Cam Thomas,MIL,18.0,299.0,-0.3,-5.3,-0.2,13.1,0.534
Dwight Powell,DAL,62.0,880.0,0.1,-1.6,2.5,12.5,0.694
Bryce McGowens,NOP,42.0,880.0,-0.2,-2.9,1.7,11.7,0.61
Paul Reed,DET,64.0,879.0,1.5,4.6,4.1,23.3,0.638
Gabe Vincent,2TM,53.0,879.0,-0.5,-4.4,0.6,6.5,0.511
Gabe Vincent,LAL,29.0,559.0,-0.4,-4.9,0.3,5.5,0.512
Gabe Vincent,ATL,24.0,320.0,-0.1,-3.5,0.3,8.2,0.509
Micah Potter,IND,46.0,874.0,0.7,1.0,2.6,17.2,0.683
Micah Peavy,NOP,60.0,872.0,-0.8,-5.4,0.2,7.9,0.443
Quenton Jackson,IND,48.0,868.0,0.0,-2.0,1.3,14.0,0.589
Jaylen Clark,MIN,67.0,857.0,0.0,-2.2,1.7,10.5,0.537
Trendon Watford,PHI,52.0,857.0,0.0,-1.9,1.4,13.1,0.572
Caleb Martin,DAL,58.0,856.0,-0.1,-2.3,0.9,9.4,0.526
Jevon Carter,2TM,52.0,853.0,0.2,-1.1,1.0,10.8,0.538
Jevon Carter,CHI,23.0,254.0,0.1,-0.9,0.3,12.4,0.577
Jevon Carter,ORL,29.0,599.0,0.1,-1.1,0.6,10.2,0.517
Kyle Anderson,3TM,43.0,853.0,0.5,0.4,1.9,13.7,0.573
Kyle Anderson,UTA,20.0,401.0,0.2,-0.3,0.7,14.2,0.565
Kyle Anderson,MEM,4.0,89.0,0.0,-1.1,0.2,15.1,0.821
Kyle Anderson,MIN,19.0,363.0,0.3,1.5,1.0,12.7,0.52
Jonas Valančiūnas,DEN,64.0,852.0,0.4,-0.1,2.9,21.8,0.635
Josh Minott,2TM,49.0,834.0,1.0,2.5,2.4,16.1,0.653
Josh Minott,BOS,33.0,526.0,0.6,2.2,1.9,15.6,0.651
Josh Minott,BRK,16.0,308.0,0.4,3.0,0.5,16.8,0.654
Jalen Wilson,BRK,53.0,833.0,-0.7,-5.5,0.3,8.8,0.541
Jonathan Kuminga,2TM,36.0,830.0,0.0,-2.0,1.0,14.2,0.557
Jonathan Kuminga,GSW,20.0,476.0,-0.2,-3.6,0.2,12.5,0.543
Jonathan Kuminga,ATL,16.0,354.0,0.2,0.1,0.8,16.5,0.576
Jalen Green,PHO,32.0,828.0,0.2,-1.2,0.3,14.8,0.516
Julian Strawther,DEN,56.0,826.0,-0.1,-2.4,1.2,12.4,0.59
Kenrich Williams,OKC,55.0,822.0,0.5,0.3,2.2,14.1,0.572
Daeqwon Plowden,SAC,31.0,822.0,-0.5,-4.3,0.8,10.8,0.571
Vince Williams Jr.,2TM,40.0,820.0,0.2,-1.0,0.2,10.7,0.478
Vince Williams Jr.,MEM,34.0,736.0,0.2,-0.9,0.2,10.8,0.478
Vince Williams Jr.,UTA,6.0,84.0,0.0,-2.0,0.0,9.8,0.47
Nikola Jović,MIA,47.0,808.0,-0.3,-3.6,0.0,9.5,0.48
Javon Small,MEM,40.0,804.0,0.7,1.3,2.0,16.3,0.621
Buddy Hield,2TM,50.0,798.0,0.1,-1.7,0.8,11.9,0.552
Buddy Hield,GSW,44.0,768.0,0.2,-1.0,1.0,12.6,0.562
Buddy Hield,ATL,6.0,30.0,-0.1,-19.7,-0.2,-5.5,0.242
Keegan Murray,SAC,23.0,793.0,-0.2,-3.1,0.2,11.7,0.499
Carter Bryant,SAS,70.0,788.0,-0.2,-3.1,1.3,9.7,0.528
Jalen Pickett,DEN,49.0,777.0,0.0,-2.1,1.0,10.5,0.552
Tyrese Martin,2TM,45.0,775.0,-0.3,-3.3,0.1,10.3,0.501
Tyrese Martin,BRK,37.0,696.0,-0.2,-3.1,0.2,10.8,0.507
Tyrese Martin,PHI,8.0,79.0,-0.1,-5.7,-0.1,6.1,0.437
Aaron Holiday,HOU,56.0,761.0,-0.1,-2.6,1.3,9.9,0.575
Noah Penda,ORL,59.0,757.0,0.1,-1.5,1.1,11.3,0.506
Jabari Walker,PHI,63.0,754.0,-0.2,-2.8,1.6,12.3,0.562
Kristaps Porziņģis,2TM,31.0,745.0,0.8,2.1,2.3,19.7,0.583
Kristaps Porziņģis,ATL,17.0,413.0,0.6,3.7,1.6,20.6,0.592
Kristaps Porziņģis,GSW,14.0,332.0,0.2,0.1,0.7,18.6,0.571
Pete Nance,MIL,47.0,737.0,-0.1,-2.3,1.1,11.6,0.639
Thomas Bryant,CLE,60.0,732.0,0.4,0.1,2.3,17.2,0.625
Steven Adams,HOU,32.0,730.0,0.3,-0.5,2.1,15.8,0.535
Lonzo Ball,CLE,35.0,728.0,0.2,-1.1,0.6,9.5,0.432
Tyler Kolek,NYK,62.0,727.0,0.3,-0.6,1.4,12.5,0.533
Scoot Henderson,POR,29.0,721.0,0.0,-2.2,1.0,12.8,0.551
Nick Richards,2TM,48.0,701.0,-0.7,-6.2,0.6,11.9,0.562
Nick Richards,PHO,28.0,254.0,-0.3,-6.9,0.2,11.4,0.534
Nick Richards,CHI,20.0,447.0,-0.4,-5.8,0.4,12.2,0.577
Jett Howard,ORL,55.0,695.0,0.0,-1.8,1.3,11.2,0.561
Grant Williams,CHO,35.0,691.0,0.6,1.3,1.8,12.6,0.602
Leonard Miller,2TM,45.0,684.0,0.2,-1.0,1.6,16.1,0.63
Leonard Miller,MIN,19.0,95.0,-0.1,-5.9,0.1,12.2,0.581
Leonard Miller,CHI,26.0,589.0,0.3,-0.2,1.5,16.7,0.638
Sharife Cooper,WAS,40.0,672.0,-0.4,-4.2,0.5,13.3,0.598
Tristan Vukcevic,WAS,49.0,671.0,0.3,-0.1,0.8,17.8,0.603
Jaden Ivey,2TM,37.0,670.0,0.3,0.0,1.3,13.0,0.571
Jaden Ivey,DET,33.0,555.0,0.3,0.1,1.1,12.6,0.57
Jaden Ivey,CHI,4.0,115.0,0.1,-0.1,0.3,14.9,0.576
Devin Carter,SAC,37.0,666.0,-0.1,-2.4,0.3,14.2,0.522
Tre Mann,CHO,52.0,664.0,-0.5,-5.1,0.0,8.5,0.464
Gary Harris,MIL,48.0,661.0,-0.1,-2.5,0.7,8.0,0.593
Jordan Hawkins,NOP,50.0,659.0,-0.7,-6.0,-0.4,7.7,0.492
Johnny Furphy,IND,35.0,643.0,-0.3,-3.7,0.5,9.2,0.547
Rasheer Fleming,PHO,54.0,635.0,-0.3,-4.1,0.7,10.1,0.512
Jahmai Mashack,MEM,30.0,635.0,-0.8,-6.9,-0.5,6.9,0.457
Anthony Davis,DAL,20.0,626.0,0.7,2.4,1.3,21.6,0.551
Ethan Thompson,IND,31.0,615.0,-0.4,-4.8,0.3,8.1,0.512
Kevin Love,UTA,37.0,613.0,0.3,0.2,1.1,14.7,0.568
Zeke Nnaji,DEN,51.0,606.0,-0.2,-3.5,0.8,10.5,0.56
Jamaree Bouyea,PHO,45.0,604.0,0.2,-0.5,1.1,13.1,0.519
Mohamed Diawara,NYK,68.0,600.0,0.1,-1.3,1.0,10.8,0.563
Dorian Finney-Smith,HOU,36.0,599.0,-0.4,-4.4,0.5,5.5,0.449
Kam Jones,IND,36.0,596.0,-0.6,-6.2,0.0,8.1,0.465
Jase Richardson,ORL,54.0,587.0,-0.1,-2.5,1.0,11.5,0.574
Taurean Prince,MIL,25.0,579.0,-0.1,-2.9,0.5,10.7,0.628
Tidjane Salaün,CHO,36.0,571.0,0.2,-0.6,1.4,13.1,0.632
Ja Morant,MEM,20.0,569.0,0.1,-1.5,0.3,16.7,0.521
Domantas Sabonis,SAC,19.0,564.0,0.4,0.6,1.1,19.2,0.59
Drew Eubanks,SAC,42.0,552.0,-0.2,-3.7,0.6,13.6,0.605
Dalen Terry,2TM,47.0,546.0,0.0,-1.7,0.7,11.6,0.522
Dalen Terry,CHI,34.0,377.0,0.1,-1.3,0.5,11.6,0.539
Dalen Terry,PHI,13.0,169.0,0.0,-2.6,0.2,11.4,0.489
Elijah Harkless,UTA,26.0,545.0,-0.5,-5.7,0.1,9.1,0.471
Dalton Knecht,LAL,53.0,541.0,-0.3,-4.5,0.2,9.1,0.55
Cole Anthony,MIL,35.0,527.0,-0.4,-4.7,-0.5,10.7,0.483
Jayson Tatum,BOS,16.0,522.0,0.9,4.7,1.6,20.3,0.541
Jonathan Isaac,ORL,52.0,521.0,0.1,-1.6,0.9,11.6,0.498
Jamison Battle,TOR,60.0,512.0,-0.1,-2.5,0.9,10.7,0.637
Tyrese Proctor,CLE,49.0,510.0,-0.1,-2.9,0.7,11.9,0.546
Keaton Wallace,ATL,52.0,504.0,0.0,-2.0,0.8,11.0,0.542
Terrence Shannon Jr.,MIN,42.0,503.0,-0.1,-3.2,1.0,10.8,0.611
D'Angelo Russell,DAL,26.0,495.0,0.0,-2.3,0.0,12.3,0.511
Trayce Jackson-Davis,2TM,52.0,491.0,0.2,-0.4,1.4,16.3,0.576
Trayce Jackson-Davis,GSW,36.0,411.0,0.2,-0.4,1.2,16.0,0.601
Trayce Jackson-Davis,TOR,16.0,80.0,0.0,-0.8,0.2,18.0,0.471
Moussa Cisse,DAL,37.0,489.0,-0.1,-2.5,1.2,15.8,0.575
Cam Christie,LAC,55.0,480.0,-0.3,-4.6,0.2,9.2,0.484
Taelon Peter,IND,37.0,478.0,-0.3,-4.3,0.0,8.9,0.528
Matisse Thybulle,POR,29.0,473.0,0.8,4.5,1.2,14.5,0.599
Jamal Cain,ORL,39.0,470.0,0.1,-1.3,1.1,13.3,0.625
Ariel Hukporti,NYK,53.0,468.0,0.0,-2.0,1.2,12.1,0.63
Amir Coffey,2TM,45.0,464.0,-0.1,-3.2,0.8,9.8,0.593
Amir Coffey,MIL,30.0,265.0,-0.2,-5.2,0.3,8.4,0.584
Amir Coffey,PHO,15.0,199.0,0.1,-0.5,0.5,11.7,0.603
Asa Newell,ATL,43.0,461.0,0.1,-1.2,1.1,14.3,0.629
Marcus Sasser,DET,37.0,449.0,0.1,-1.5,0.8,11.5,0.536
Jeremy Sochan,2TM,43.0,449.0,0.0,-1.7,1.0,11.6,0.559
Jeremy Sochan,SAS,28.0,358.0,-0.1,-3.0,0.6,9.7,0.538
Jeremy Sochan,NYK,15.0,91.0,0.1,3.7,0.4,19.1,0.653
Maxi Kleber,LAL,42.0,446.0,-0.2,-3.6,0.6,8.2,0.509
Branden Carlson,OKC,41.0,446.0,0.3,0.7,1.6,17.1,0.612
Bez Mbeng,UTA,14.0,444.0,-0.3,-5.0,0.4,10.3,0.547
Bogdan Bogdanović,LAC,22.0,431.0,-0.2,-4.1,0.0,8.0,0.5
Larry Nance Jr.,CLE,34.0,429.0,-0.2,-3.8,0.4,8.9,0.493
Tony Bradley,2TM,40.0,429.0,-0.2,-4.0,0.9,13.0,0.608
Tony Bradley,IND,38.0,416.0,-0.2,-4.0,0.9,13.0,0.604
Tony Bradley,ATL,2.0,13.0,0.0,-3.5,0.0,12.9,0.7
AJ Johnson,2TM,47.0,428.0,-0.7,-8.4,-0.8,5.4,0.394
AJ Johnson,WAS,25.0,214.0,-0.5,-10.5,-0.6,4.3,0.396
AJ Johnson,DAL,22.0,214.0,-0.2,-6.3,-0.2,6.5,0.392
Moritz Wagner,ORL,36.0,427.0,0.0,-2.2,0.9,15.4,0.545
Yanic Konan Niederhäuser,LAC,41.0,424.0,0.0,-2.2,1.3,16.4,0.691
Leaky Black,WAS,14.0,424.0,-0.3,-5.2,0.1,8.0,0.512
Oscar Tshiebwe,UTA,26.0,416.0,0.0,-2.2,1.2,19.2,0.623
Doug McDermott,SAC,28.0,414.0,-0.2,-4.3,0.1,8.7,0.573
Obi Toppin,IND,23.0,406.0,0.5,2.5,1.0,19.2,0.622
Myron Gardner,MIA,44.0,404.0,0.3,0.7,1.3,15.0,0.608
Julian Phillips,2TM,47.0,401.0,-0.1,-3.1,0.4,9.2,0.532
Julian Phillips,CHI,35.0,334.0,-0.1,-2.9,0.4,9.3,0.533
Julian Phillips,MIN,12.0,67.0,0.0,-4.4,0.1,8.5,0.529
Dejounte Murray,NOP,14.0,389.0,0.3,1.4,0.6,18.1,0.58
Trae Young,2TM,15.0,384.0,0.5,2.8,1.4,21.1,0.612
Trae Young,ATL,10.0,280.0,0.3,1.8,1.0,19.9,0.577
Trae Young,WAS,5.0,104.0,0.2,5.6,0.4,24.6,0.723
Julian Reese,WAS,12.0,383.0,-0.4,-5.9,0.2,13.5,0.54
Khaman Maluach,PHO,45.0,382.0,-0.2,-4.0,0.7,13.1,0.584
Killian Hayes,SAC,22.0,380.0,-0.4,-6.1,-0.3,8.7,0.417
Jae'Sean Tate,HOU,45.0,379.0,-0.2,-4.0,0.8,10.3,0.556
Andre Jackson Jr.,MIL,47.0,378.0,-0.5,-7.3,-0.4,6.6,0.435
Cameron Payne,PHI,22.0,374.0,0.2,0.3,0.8,14.4,0.514
Liam McNeeley,CHO,30.0,363.0,0.1,-1.3,0.9,10.8,0.594
Jeremiah Robinson-Earl,2TM,22.0,361.0,-0.3,-5.2,0.2,9.4,0.468
Jeremiah Robinson-Earl,IND,17.0,300.0,-0.3,-5.4,0.1,8.6,0.443
Jeremiah Robinson-Earl,DAL,5.0,61.0,0.0,-4.1,0.1,12.9,0.586
Kelly Olynyk,SAS,42.0,360.0,0.2,0.0,1.0,13.5,0.59
Blake Wesley,POR,30.0,359.0,-0.1,-3.5,0.3,10.9,0.511
Bronny James,LAL,41.0,357.0,-0.3,-4.9,0.0,8.1,0.5
Nick Smith Jr.,LAL,29.0,357.0,-0.2,-4.5,0.1,10.2,0.552
Kennedy Chandler,UTA,11.0,355.0,-0.3,-5.7,0.2,13.0,0.529
Cam Whitmore,WAS,21.0,354.0,-0.1,-3.2,0.0,13.7,0.528
Isaiah Livers,PHO,36.0,347.0,0.0,-2.6,0.4,7.6,0.469
Tyson Etienne,BRK,23.0,343.0,-0.1,-2.8,0.5,11.8,0.598
Ty Jerome,MEM,15.0,339.0,0.8,7.7,1.4,25.7,0.616
Christian Koloko,3TM,26.0,336.0,-0.2,-3.8,0.4,9.3,0.467
Christian Koloko,LAL,2.0,6.0,0.0,-8.5,0.0,-0.3,
Christian Koloko,MEM,11.0,195.0,-0.1,-3.1,0.1,9.0,0.394
Christian Koloko,ATL,13.0,135.0,-0.1,-4.8,0.2,10.2,0.539
Malachi Smith,BRK,14.0,323.0,0.2,-0.1,0.7,14.7,0.62
Brooks Barnhizer,OKC,39.0,322.0,-0.1,-2.7,0.6,8.0,0.467
E.J. Liddell,BRK,25.0,322.0,-0.1,-3.6,0.4,12.2,0.587
Lachlan Olbrich,CHI,36.0,314.0,-0.2,-4.4,0.3,10.4,0.455
Chaney Johnson,BRK,16.0,311.0,0.2,0.5,0.9,16.0,0.66
Kevon Looney,NOP,21.0,308.0,0.0,-1.8,0.7,13.7,0.458
Tyler Burton,MEM,12.0,307.0,-0.3,-5.3,0.2,9.5,0.521
Yang Hansen,POR,42.0,298.0,-0.6,-9.5,-0.5,3.7,0.413
Pat Connaughton,CHO,42.0,297.0,0.2,0.1,0.7,12.9,0.586
LJ Cryer,GSW,18.0,292.0,-0.2,-4.7,0.3,9.9,0.59
Lindy Waters III,SAS,40.0,285.0,-0.1,-3.2,0.4,7.5,0.532
Zach Edey,MEM,11.0,284.0,0.2,0.5,0.8,20.7,0.669
Joan Beringer,MIN,39.0,283.0,0.1,-0.6,1.2,19.3,0.671
Jalen Slawson,IND,12.0,283.0,0.1,-0.8,0.4,12.5,0.57
Ron Harper Jr.,BOS,28.0,281.0,0.2,0.3,0.6,11.6,0.528
Jordan McLaughlin,SAS,43.0,280.0,0.2,0.3,0.6,11.6,0.537
Malaki Branham,WAS,28.0,275.0,0.0,-2.2,0.4,14.1,0.604
Max Strus,CLE,11.0,270.0,0.1,-0.8,0.7,12.8,0.617
Malevy Leons,GSW,24.0,260.0,-0.1,-3.2,0.4,11.7,0.497
Blake Hinson,UTA,13.0,260.0,0.1,-0.1,0.6,17.0,0.713
Duop Reath,POR,32.0,258.0,0.1,-0.9,0.6,10.6,0.613
KJ Simpson,2TM,20.0,257.0,-0.2,-5.1,-0.1,8.1,0.426
KJ Simpson,CHO,14.0,223.0,-0.2,-5.3,-0.2,7.8,0.437
KJ Simpson,DEN,6.0,34.0,0.0,-3.5,0.0,10.1,0.322
Chaz Lanier,DET,33.0,256.0,-0.2,-5.0,0.3,6.7,0.43
Keshad Johnson,MIA,31.0,254.0,0.0,-1.9,0.5,14.4,0.57
Jonathan Mogbo,TOR,39.0,244.0,0.0,-1.3,0.6,12.3,0.6
Adama-Alpha Bal,MEM,8.0,241.0,-0.2,-5.5,0.3,9.6,0.573
Cormac Ryan,MIL,10.0,232.0,0.1,-0.6,0.6,17.1,0.733
DeJon Jarreau,MEM,11.0,231.0,-0.2,-5.2,-0.2,9.7,0.473
Drew Timme,LAL,26.0,228.0,0.0,-2.6,0.4,12.3,0.645
Chris Paul,LAC,16.0,228.0,-0.1,-4.2,0.1,8.1,0.413
Nate Williams,GSW,13.0,227.0,-0.2,-5.4,0.2,10.8,0.594
John Poulakidas,DAL,12.0,217.0,-0.1,-3.2,0.3,10.2,0.582
A.J. Lawson,TOR,23.0,215.0,0.0,-1.2,0.5,12.8,0.569
PJ Hall,2TM,19.0,214.0,0.0,-2.3,0.6,15.9,0.599
PJ Hall,MEM,7.0,27.0,0.0,1.8,0.1,18.9,0.63
PJ Hall,CHO,12.0,187.0,0.0,-2.9,0.5,15.4,0.594
Scotty Pippen Jr.,MEM,10.0,212.0,0.0,-2.8,0.1,14.7,0.537
DaRon Holmes,DEN,24.0,205.0,0.1,-0.3,0.5,13.8,0.708
DeAndre Jordan,NOP,12.0,199.0,0.1,-0.3,0.6,15.7,0.671
Garrison Mathews,IND,15.0,196.0,0.0,-1.3,0.4,11.2,0.628
Nigel Hayes-Davis,PHO,27.0,195.0,-0.3,-7.3,-0.1,4.2,0.356
Yuki Kawamura,CHI,17.0,194.0,-0.1,-3.8,0.3,10.9,0.501
MarJon Beauchamp,PHI,13.0,194.0,0.0,-1.6,0.2,13.1,0.565
JD Davison,HOU,27.0,192.0,0.0,-2.0,0.3,10.1,0.494
Lucas Williamson,MEM,6.0,189.0,-0.3,-8.2,0.0,7.4,0.456
Chris Youngblood,2TM,34.0,185.0,0.0,-2.3,0.5,10.4,0.527
Chris Youngblood,OKC,32.0,174.0,0.0,-2.8,0.4,10.0,0.505
Chris Youngblood,POR,2.0,11.0,0.0,5.6,0.1,17.0,1.0
Zach Collins,CHI,10.0,184.0,0.1,0.3,0.5,17.9,0.666
Xavier Tillman Sr.,2TM,30.0,183.0,0.0,-1.8,0.3,11.1,0.461
Xavier Tillman Sr.,BOS,14.0,111.0,0.0,-1.2,0.2,11.2,0.5
Xavier Tillman Sr.,CHO,16.0,72.0,0.0,-2.8,0.1,10.8,0.388
RayJ Dennis,3TM,16.0,180.0,-0.1,-5.0,-0.3,6.5,0.416
RayJ Dennis,IND,13.0,168.0,-0.1,-5.2,-0.3,6.4,0.421
RayJ Dennis,LAC,1.0,4.0,0.0,-15.5,0.0,-6.0,
RayJ Dennis,ATL,2.0,8.0,0.0,4.0,0.0,13.8,0.0
Toby Okani,MEM,5.0,176.0,-0.4,-10.6,-0.2,4.2,0.425
Andersson Garcia,UTA,5.0,169.0,-0.2,-5.7,0.1,8.4,0.394
Hunter Tyson,DEN,21.0,162.0,-0.2,-6.8,0.0,6.4,0.398
Tre Scott,BRK,5.0,156.0,-0.1,-5.0,0.1,10.2,0.448
Mason Plumlee,2TM,19.0,156.0,0.1,1.0,0.5,13.4,0.757
Mason Plumlee,CHO,14.0,125.0,0.1,1.1,0.4,13.5,0.752
Mason Plumlee,SAS,5.0,31.0,0.0,0.2,0.1,12.9,0.798
Walker Kessler,UTA,5.0,154.0,0.2,3.3,0.5,20.6,0.786
Jeff Green,HOU,29.0,151.0,-0.1,-4.5,0.3,9.5,0.497
Alijah Martin,TOR,23.0,146.0,-0.1,-4.4,0.0,9.2,0.437
Dariq Whitehead,MEM,5.0,144.0,-0.3,-9.4,-0.2,6.9,0.479
Adou Thiero,LAL,24.0,137.0,-0.1,-4.7,0.2,9.5,0.532
Bismack Biyombo,SAS,24.0,136.0,-0.1,-5.7,0.2,4.4,0.615
Amari Williams,BOS,21.0,136.0,0.0,-1.8,0.2,10.2,0.556
Charles Bassey,4TM,12.0,135.0,0.1,1.2,0.5,21.8,0.648
Charles Bassey,MEM,2.0,31.0,0.0,-4.4,0.0,12.7,0.376
Charles Bassey,PHI,1.0,5.0,0.0,7.0,0.0,21.3,1.0
Charles Bassey,BOS,5.0,17.0,0.1,10.3,0.1,38.6,0.799
Charles Bassey,GSW,4.0,82.0,0.1,1.0,0.3,21.8,0.68
Miles Kelly,DAL,14.0,134.0,-0.1,-5.1,0.0,8.2,0.484
Tolu Smith,DET,14.0,132.0,0.1,-0.2,0.5,15.9,0.561
Kevin McCullar Jr.,NYK,20.0,130.0,-0.1,-3.8,0.1,8.4,0.471
Tyler Smith,DAL,11.0,129.0,-0.1,-5.3,0.1,8.2,0.453
Thanasis Antetokounmpo,MIL,33.0,121.0,0.0,-1.9,0.2,14.1,0.521
Seth Curry,GSW,9.0,121.0,0.1,0.4,0.4,16.7,0.687
Nikola Topić,OKC,9.0,121.0,-0.2,-7.9,-0.1,6.6,0.474
Bradley Beal,LAC,6.0,121.0,-0.3,-10.6,-0.2,5.1,0.476
Joe Ingles,MIN,26.0,120.0,0.1,-0.2,0.2,11.2,0.727
Kobe Bufkin,LAL,16.0,119.0,-0.2,-9.5,-0.1,6.2,0.416
Mac McClung,2TM,10.0,117.0,-0.1,-5.5,-0.1,9.0,0.464
Mac McClung,IND,3.0,34.0,0.0,0.5,0.0,12.8,0.481
Mac McClung,CHI,7.0,83.0,-0.1,-7.9,-0.1,7.5,0.456
Dereck Lively II,DAL,7.0,115.0,0.1,0.6,0.3,15.0,0.67
Kyle Lowry,PHI,13.0,113.0,-0.2,-8.8,-0.1,3.0,0.375
Pacôme Dadiet,NYK,28.0,108.0,0.0,-2.4,0.2,9.9,0.444
Omer Yurtseven,GSW,9.0,104.0,-0.1,-7.6,0.1,9.1,0.501
Luke Travers,CLE,12.0,103.0,0.0,-3.3,0.0,10.2,0.35
Patrick Baldwin Jr.,3TM,9.0,102.0,-0.1,-4.4,0.1,11.8,0.549
Patrick Baldwin Jr.,LAC,2.0,12.0,0.0,4.8,0.1,23.6,1.025
Patrick Baldwin Jr.,PHI,1.0,2.0,0.0,-8.0,0.0,6.3,
Patrick Baldwin Jr.,SAC,6.0,88.0,-0.1,-5.6,0.0,10.3,0.456
Alondes Williams,WAS,4.0,101.0,0.1,1.0,0.3,19.1,0.745
Javonte Cooke,POR,19.0,94.0,-0.2,-11.7,-0.3,-0.1,0.275
Chris Boucher,BOS,9.0,94.0,0.0,-3.1,0.1,7.8,0.392
Johnny Juzang,MIN,21.0,88.0,0.0,-3.3,0.1,12.2,0.518
TyTy Washington Jr.,LAC,16.0,88.0,0.1,1.9,0.2,13.4,0.553
Haywood Highsmith,PHO,6.0,80.0,0.1,5.1,0.4,18.4,0.729
Trey Alexander,NOP,8.0,79.0,0.0,-2.4,0.1,11.7,0.577
Taj Gibson,MEM,9.0,78.0,0.0,-1.4,0.3,15.4,0.609
Isaiah Crawford,HOU,13.0,76.0,0.0,-4.1,0.0,6.5,0.43
Caleb Houstan,ATL,18.0,75.0,0.0,0.3,0.3,16.4,0.769
Eric Gordon,PHI,6.0,74.0,0.1,2.4,0.2,14.4,0.754
Bobi Klintman,DET,12.0,71.0,-0.1,-8.7,-0.1,4.5,0.388
Garrett Temple,TOR,21.0,69.0,-0.1,-7.4,-0.1,3.1,0.39
David Jones García,SAS,11.0,68.0,0.1,6.4,0.3,20.9,0.579
Antonio Reeves,CHO,10.0,68.0,0.1,1.3,0.2,12.4,0.675
Kadary Richmond,WAS,3.0,67.0,0.1,3.6,0.2,20.0,0.722
Monte Morris,IND,6.0,65.0,-0.1,-5.9,0.0,6.9,0.414
Trey Jemison,NYK,12.0,64.0,-0.1,-8.0,0.0,5.3,0.605
Drew Peterson,CHO,6.0,64.0,-0.1,-9.9,-0.1,0.6,0.148
Wendell Moore Jr.,DET,6.0,60.0,0.0,-1.3,0.1,8.9,0.635
DaQuan Jeffries,SAC,3.0,60.0,0.0,-0.1,0.2,16.3,0.731
Tristan Enaruna,CLE,8.0,58.0,0.0,-5.1,0.1,11.6,0.481
James Wiseman,IND,4.0,58.0,-0.1,-9.0,0.0,4.1,0.597
Curtis Jones,DEN,9.0,56.0,-0.1,-8.9,0.0,6.6,0.364
Jahmir Young,MIA,13.0,55.0,-0.1,-8.7,0.0,6.5,0.442
Koby Brea,PHO,11.0,55.0,0.0,-4.6,0.0,7.4,0.483
Johni Broome,PHI,11.0,55.0,-0.2,-16.3,-0.2,0.3,0.188
Cody Martin,IND,4.0,55.0,-0.1,-8.0,-0.1,3.0,0.277
Josh Oduro,NOP,2.0,50.0,-0.1,-6.7,0.1,15.7,0.61
Lawson Lovering,MEM,2.0,49.0,0.0,-3.6,0.1,13.7,0.574
Keshon Gilbert,WAS,3.0,48.0,-0.1,-6.6,-0.1,4.5,0.521
Mo Bamba,2TM,4.0,44.0,-0.1,-8.0,0.1,12.9,0.455
Mo Bamba,TOR,2.0,6.0,0.0,-21.3,0.0,-2.8,0.0
Mo Bamba,UTA,2.0,38.0,0.0,-5.9,0.1,15.4,0.556
Isaiah Stevens,SAC,3.0,43.0,0.0,2.2,0.1,16.5,0.571
Dario Šarić,SAC,5.0,41.0,-0.1,-9.0,-0.1,0.6,0.363
David Roddy,DEN,4.0,40.0,0.0,1.2,0.1,20.5,0.666
Chris Mañon,LAL,8.0,39.0,0.0,1.0,0.1,11.3,0.434
Skal Labissière,WAS,3.0,38.0,0.0,0.3,0.1,16.3,0.65
Markelle Fultz,TOR,5.0,36.0,-0.1,-16.3,-0.2,-2.0,0.182
Grant Nelson,BRK,4.0,35.0,0.0,2.2,0.1,17.6,0.634
Payton Sandfort,OKC,3.0,35.0,-0.1,-16.0,0.0,0.3,0.407
Emanuel Miller,CHI,5.0,33.0,0.0,2.5,0.1,15.0,0.54
Riley Minix,2TM,8.0,33.0,0.1,6.6,0.2,23.6,0.773
Riley Minix,SAS,3.0,8.0,0.1,25.5,0.1,44.7,0.75
Riley Minix,CLE,5.0,25.0,0.0,0.6,0.1,16.8,0.788
Jahmyl Telfort,LAC,8.0,32.0,-0.1,-13.9,-0.1,-5.3,0.087
Sean Pedulla,LAC,7.0,31.0,-0.1,-11.8,0.0,6.6,0.433
Dillon Jones,NYK,6.0,27.0,0.0,0.0,0.1,13.2,0.451
Harrison Ingram,SAS,7.0,26.0,0.0,2.2,0.1,15.8,0.917
Hunter Sallis,PHI,7.0,26.0,-0.1,-10.6,-0.1,2.0,0.595
Mark Sears,MIL,7.0,26.0,0.0,-2.2,0.0,15.2,0.666
Isaac Jones,2TM,6.0,26.0,0.0,-6.1,0.0,9.1,0.509
Isaac Jones,SAC,3.0,17.0,0.0,-8.2,0.0,5.7,0.521
Isaac Jones,DET,3.0,9.0,0.0,-2.1,0.0,15.6,0.5
Orlando Robinson,ORL,4.0,25.0,0.0,1.4,0.1,14.6,0.7
Dalano Banton,2TM,5.0,25.0,0.0,-5.0,0.0,12.6,0.506
Dalano Banton,LAC,2.0,10.0,0.0,12.4,0.0,27.8,0.75
Dalano Banton,BOS,3.0,15.0,-0.1,-16.7,0.0,2.5,0.34
Norchad Omier,LAC,6.0,24.0,0.0,6.0,0.2,31.5,0.751
Alex Morales,ORL,4.0,24.0,-0.1,-16.0,-0.1,0.9,0.508
Hunter Dickinson,NOP,4.0,22.0,-0.1,-16.2,-0.1,-2.0,0.436
Vladislav Goldin,MIA,8.0,21.0,0.0,-3.2,0.0,9.8,0.667
Colin Castleton,ORL,4.0,21.0,0.0,-7.7,0.0,7.9,0.46
Jayson Kent,POR,4.0,21.0,0.0,7.2,0.1,19.8,0.776
Brandon Clarke,MEM,2.0,20.0,0.0,-4.9,0.0,12.3,0.372
Max Shulga,BOS,10.0,18.0,-0.1,-13.5,0.0,-0.1,0.41
Jacob Toppin,ATL,5.0,17.0,0.0,0.6,0.0,15.2,0.667
Chris Livingston,CLE,3.0,17.0,0.0,-2.7,0.1,15.4,0.605
Mouhamadou Gueye,CHI,1.0,17.0,0.0,-2.5,0.0,9.3,0.833
Alex Antetokounmpo,MIL,5.0,16.0,0.0,-1.1,0.1,23.0,0.513
Rocco Zikarsky,MIN,4.0,16.0,0.0,2.4,0.1,21.1,0.6
Buddy Boeheim,OKC,4.0,15.0,0.0,-8.4,0.0,4.6,0.5
N'Faly Dante,ATL,4.0,15.0,0.0,-4.4,0.0,12.4,0.338
Olivier Sarr,CLE,3.0,15.0,0.0,10.4,0.1,19.5,1.064
Chucky Hepburn,TOR,2.0,13.0,-0.1,-23.8,-0.1,-13.5,0.0
Trevor Keels,MIA,7.0,12.0,0.0,-15.3,-0.1,-0.2,0.333
John Tonje,BOS,5.0,12.0,0.0,-7.1,0.0,8.1,0.347
Zyon Pullin,MIN,4.0,12.0,0.0,-1.8,0.0,11.2,1.064
Enrique Freeman,MIN,3.0,11.0,0.0,0.0,0.0,6.6,
CJ Huntley,PHO,3.0,11.0,0.0,-8.6,0.0,4.5,0.333
Tosan Evbuomwan,NYK,5.0,8.0,0.0,-11.5,0.0,-0.3,0.0
Stanley Umude,SAS,2.0,7.0,0.0,0.4,0.0,11.6,0.5
Colby Jones,DET,1.0,7.0,0.0,2.5,0.0,12.9,0.333
Noa Essengue,CHI,2.0,6.0,0.0,-23.7,-0.1,-12.0,0.0
Trentyn Flowers,CHI,2.0,6.0,0.0,-1.0,0.0,16.7,0.667
Darius Brown II,CLE,1.0,3.0,0.0,-18.7,0.0,-7.7,0.0
League Average,,,,,,,,0.581
