player_id,rim_anchor_signature,rim_deterrence_signature
0,0.20312275545278055,0.04125543856029046
2207,0.07131894710388274,0.06391723983812837
2544,0.8255326688170788,0.43585629218528793
2546,-0.40915027430468826,-0.7159034013764493
2610,-1.232663605296261,-0.6963320526908581
2617,-0.06767916030907752,0.20632361156168458
2730,0.8565512525499709,0.6628433691813809
2738,2.6330984022000234,1.3378255131939234
2760,-0.7619039521822915,-0.5381412153547924
2772,-1.5320781399685783,-0.6797978874658114
2794,0.36174864230389003,0.03268677870041188
101108,0.9898481173934428,0.3197112636439382
101139,0.07131894710388274,0.06391723983812837
101141,0.5247807214046153,0.27915294664995005
101150,-0.4417739261206256,-0.6011592777065552
200746,0.11523021056182885,-0.11553377434586512
200752,0.822399669837964,0.3816462169920791
200755,-1.314156797040954,-0.3866720932307004
200765,-0.15753045734642107,-1.4082352098176407
200768,0.4321875821927623,0.40207468869512153
200782,-0.2322483997730137,0.5598599693759229
200794,0.780038498140066,0.17147076583710216
201142,0.140205019048082,-0.21628886653864535
201143,0.8880807497641269,1.0475910094651746
201144,-0.7175830917666293,0.18781725246652844
201145,-0.9904206109162492,-0.6292985539881782
201152,-1.084302115494055,-0.4860588527638634
201162,0.02238898331439913,0.08825881493392858
201188,-0.17838710658029444,-0.9688546609068
201229,0.46203428965473126,0.4403901700266935
201565,0.9720718184306583,-0.856983236692743
201566,-2.4677273963239568,-1.3717857849477484
201567,-0.6763211598634745,-0.19087158821142144
201568,0.09822220880323682,0.8285284523428967
201569,-1.6969091832282084,-1.6084171178475009
201571,-0.3569492424125549,0.15690636214788933
201572,3.5561197076846076,1.6578962424260064
201577,3.368957812358011,1.5642261985283294
201580,2.3191102602375304,0.7002324439114079
201586,1.6136225821652133,0.910583852826882
201587,-1.1121360357142887,-0.8946283434486635
201588,2.8947285509788623,1.6950182460380805
201599,1.9166441617716572,1.103625868075358
201609,-1.1756221388600858,-0.6055085247526091
201933,0.11048819144783477,-0.6299959774102436
201935,-1.1145764764140873,-0.5236845075500807
201937,0.45266848234834545,-0.42964786966978064
201939,-1.2788011402963335,-0.6149257079416309
201942,-0.7474876837382111,-0.41819275288099755
201949,1.0270185576804085,0.35338473100060247
201950,1.1035941107325362,0.6366978592581042
201952,-0.38067301085802385,-0.6729556005904906
201954,-0.08724599907627163,0.0019804520587848617
201959,2.2223502415511365,2.3412479537049022
201961,-0.4405435554781311,-0.613301436778606
201976,0.544636963479225,0.5941392355647135
201980,-0.8286329138890748,0.0038801340127210832
201988,0.06502843497965702,-0.36489571763585815
202066,-0.8574172376456229,-0.13395187434003988
202083,-0.4649434114347358,-0.19846712207936942
202322,0.1289411258445143,-0.47211002905528204
202324,1.8397073794957717,0.8459964567082273
202326,1.0042470077997518,1.3649302520042226
202328,-0.303880537499253,-0.08865956006076459
202329,0.5128884325562463,0.3135020489811561
202330,-2.0871449358073986,-1.413837661635351
202331,1.482723211107005,0.4814511151543175
202334,2.5450956664438875,1.402508793968485
202335,-1.1061046945491835,-0.1509345395227461
202339,-1.4219873151369289,-0.9547078797136017
202340,-2.355306815283675,-0.9907124650073982
202355,2.9383755121829758,1.750899488386515
202357,1.3141128890477116,0.279308384114495
202362,-0.2459722742551863,0.292055449842287
202397,0.8307522525086553,1.1583900657313733
202681,-0.9345545642187418,-1.0502386669516448
202683,1.6253443008070352,0.6545261036425988
202684,0.6138967275602958,-0.07328107734416048
202685,2.7972165662808295,2.0586860049208506
202687,0.1454581395200662,-0.4640912863880468
202688,0.14558588216597024,-0.16977356287845352
202689,0.17359952542988424,-0.421219096885883
202691,-1.6658226436386951,-1.2003111150131232
202692,-0.1448495229917888,-0.4339247247344057
202693,-0.9889539144711563,-1.3755982963670748
202694,-1.2193419414973048,0.21460033394632133
202695,0.160915781805251,-0.005179421846855197
202696,-0.11431096798302508,0.7348330647225427
202697,-0.007390461539856829,-0.12966656466104165
202699,1.5275880654050533,0.8767084689673119
202704,1.0562741426855142,-0.14639965438489183
202709,-0.42369800722636813,-0.017582303197707816
202710,-0.8439691002066712,-0.4232183780575891
202711,-3.2307514072438677,-2.1428343600818494
202722,1.5665928389943766,1.4318213631338987
202734,-1.01697240369984,-0.2603463901034469
202738,-0.19693106911264785,-0.754266210020378
202954,0.350327159746125,-0.1432015326178027
203076,0.6429447297619965,0.23781724222839365
203078,0.6355555080592056,0.7768779932969975
203081,-3.2983928369210926,-1.7428051227007664
203082,-1.3357067702794705,-0.6931236673060304
203083,0.7773329407642234,0.4275815098675105
203084,-2.8223098340981085,-1.9949492616153373
203085,-0.8309751260586482,-0.9959917820144639
203086,0.23830118808838247,0.5911199115362787
203087,-1.4778118508488516,-1.5469956599458918
203090,0.6272611056142378,0.3601450416205232
203095,-1.2755815995029227,-0.23489628005488955
203107,-0.04628240407226579,-0.15020209709430146
203109,0.8171825242651748,0.473560867386457
203110,5.308946805465992,3.3198239969455616
203114,1.0326758810560142,0.9759545131865134
203115,-1.3027843154340881,-0.5174922804025978
203118,0.8621855650312568,0.8129449983031024
203121,0.9202338584413156,0.32184928137210866
203145,0.24558038766551535,-0.5459911186082924
203200,-1.3302790395538406,-1.2544845836635639
203210,0.6441221886071264,0.7652426906282388
203263,0.5623613485668186,0.1452177671088598
203382,1.644827117223064,1.6781231598000157
203457,0.14353849516042025,-0.9758354902507528
203458,2.139678364215939,1.002322360064779
203460,-0.42294623245216284,-0.10635295086454664
203463,-1.4862427275442949,-0.944095019538866
203468,-1.996755369943466,-1.1203896039313628
203469,0.49432927001321686,0.16884122771730375
203471,-0.5698077731724656,-0.1757040742238312
203473,1.3037333590645055,0.8303725785412324
203476,1.2660245523443459,1.2314811523058495
203482,-0.4093153221790532,-0.6170388702808938
203484,-1.1591278967262082,-0.6783886228542472
203486,0.6348233484964411,0.8313063740779463
203487,2.0348896235522824,1.3657905527091414
203488,0.066567293732009,-0.9728478379878368
203490,0.8628745699027954,0.8343512771419663
203493,-2.9735658753777057,-1.6943996778970332
203496,2.243134357680177,0.7391249084447193
203497,6.79647755275421,3.4305618687653663
203500,2.677323056948159,1.8347438610235105
203501,0.3897316992361876,0.31603379409035376
203503,0.43085619545332016,0.08743321078829977
203504,0.09786352512583278,-0.12678535753802095
203506,1.1479561923900141,0.7085524647876831
203507,2.7617427458064667,1.6452947804336335
203516,1.1757023667685613,0.22030165575458527
203521,-0.7669895047949227,-0.5734282827099411
203524,-0.4751907727920628,-0.6799919656444277
203526,1.0345056633549226,1.287638506105595
203552,-0.11702561651871075,-0.300213335906494
203585,0.17189807592434658,0.20559998004065425
203606,-0.3667866613095462,-0.2012516860566856
203648,-0.624947489028004,0.32732928250129606
203658,0.8767422673486179,0.5814082560629847
203816,0.018468247755878128,0.04550317498239233
203897,-1.1924983383435233,-0.889575139332408
203901,1.2765439420387723,0.4686998223153932
203903,-0.6598685751374069,-0.5724881496397483
203914,-0.7180110763669624,-0.06557229024610904
203915,-1.4361133900788166,-0.9136749557507787
203917,-0.1556700642248854,-0.022369075635094243
203918,-0.21414548540852296,-0.5913506149035905
203920,0.9482862438719175,0.9416556525125773
203922,-1.6265191974191249,-1.1216515576083914
203924,-0.965659453278247,-0.7371912088064156
203925,-0.33083276943376505,-0.7223183174488129
203926,-2.5980784403184605,-1.7076866120991723
203932,-1.6305961339993542,-1.1173373836702405
203933,0.6418384801185334,0.4039147294294476
203935,2.053150243632141,1.7510681044439655
203937,0.055276948365333256,-0.1235792429288043
203939,1.1047254294752575,1.2586907312028768
203943,0.6973072810294463,0.442644339757864
203944,-1.5601875936117824,-1.269647080461616
203952,-0.29499160754829873,0.12909125963610474
203953,-0.9595352387273688,-1.269019252107785
203954,2.7940390538793736,1.2001041224963427
203957,-1.5176924200569644,-1.9954685689118945
203960,-0.07397709686644204,-0.4857359174158118
203967,-0.22010936100411155,0.8551404839324738
203991,2.2463501694536525,0.4831267944496773
203992,1.9243457842523521,1.1898608761506118
203994,2.1462842983063366,1.0060905433245546
203995,-2.173776954203356,-1.2999121915235174
203998,0.17606233313956615,0.16349866792170795
203999,2.1525748412694155,1.7571891316895418
204001,0.7685069858994084,-0.19973322209083333
204020,0.10939333910476981,0.06978757591478735
204025,-0.501064408914037,-0.6163427053547713
204038,-1.1130560031661807,-1.2813685266193444
204060,-1.273538041067118,-0.22744427152072128
204222,0.21590089781750563,0.038748057160109386
204456,-0.7189895616251202,-0.8230397699529112
1626143,0.3612884511858192,-0.2781886496186
1626144,-0.10847923282890394,-0.029867519042019754
1626145,-3.7791082162655485,-1.8013460219249473
1626147,0.2399966103663122,0.21922885550705495
1626149,0.80738881033583,0.6039362133456897
1626153,-1.0704309896934832,-0.35660757440006563
1626156,-2.6967121853370313,-2.7722944852147298
1626157,0.0619634058619321,0.39269536045721604
1626158,0.8931756029437147,0.6846724130005762
1626159,0.1426766274301015,-0.5996717738216845
1626161,2.316195244343398,1.8696305966496605
1626162,-1.5271248441083543,-1.1386716669523018
1626163,-0.9344091783436761,0.06536059960373314
1626164,0.45646624452444895,0.5409831755932064
1626166,0.7181904103146646,0.5137689300596031
1626167,2.2969765194833682,0.5671833500532979
1626168,0.5472812640258996,0.3284474467749373
1626169,-2.1277361915400816,-1.1101558548096373
1626171,0.6581456815078445,0.7708590388084623
1626172,2.274731915246179,1.3748441464344603
1626174,-1.2858303022462267,-1.080932451564109
1626178,-0.25638439824157827,-0.06338337623288574
1626179,-1.307541852321138,-0.9321129633648733
1626181,-1.7068499072949905,-1.0888274129289575
1626184,-0.20399013269096786,-0.3930789870435211
1626188,-1.2146487140356652,-1.6440297881926467
1626192,-0.03452637466614418,0.1875070588600211
1626195,-1.3736755472257731,-0.31921880597083024
1626196,-0.5195436383133446,-0.283904105609882
1626204,0.49214521062871586,0.6339384252459118
1626208,0.4803273221730063,0.6936487688153192
1626220,0.4798265130375214,0.19912014819862886
1626224,-1.9133004359259638,-0.7753906894526661
1626245,0.46459427327886543,0.11503070025829502
1626246,2.064411822505002,1.6820358378639235
1626253,-0.008800499358373926,-0.39748605487662786
1627732,-0.7063911520318384,-0.5877366646283424
1627734,1.184714043871703,1.073585154316415
1627736,-1.740332827552594,-1.4483417808698582
1627737,-1.377700858043088,-0.01888964364987716
1627739,0.9053819606318173,1.228492972680844
1627740,0.042764394348246436,-0.11577213492239957
1627741,-1.758741068682089,-1.3905177713461006
1627742,-0.9299222724951058,0.06786438852040666
1627745,0.22961952490737023,0.21667728047074092
1627746,0.13257746830911837,0.11935716831087878
1627747,-0.9624875546389577,-0.7542969961257339
1627748,0.3427776213757212,-0.021453399902504448
1627749,-2.8811595157156336,-1.6832773056059496
1627750,-1.4118480291575324,0.07900308572629719
1627751,1.7196681983383524,0.9186556015958447
1627752,-1.4388956109088544,-1.0600987455218636
1627756,1.0478396486252977,0.8686264669894115
1627759,-0.09691291126809776,0.265170975612494
1627760,0.07119171233775443,0.11398199177445856
1627761,-0.691596477251262,-0.7691990383002579
1627763,-1.1316286401416107,-0.8668282831273503
1627767,-0.3824611207598002,-0.09223835696616142
1627774,0.01905241590733398,-0.34405833302943006
1627775,-0.15252264295274354,-0.30425215424509966
1627777,0.286673468257835,0.15806276150737894
1627780,-0.49681544333736327,0.07690743943555048
1627782,-0.08147994808952368,0.06028947506856564
1627783,-0.34113379483626777,0.09066261787592468
1627788,-0.6036088291857507,-0.3285373688627071
1627789,0.9608429258333562,0.9495231551047068
1627812,0.11416830856694682,0.07922524647410709
1627814,-0.09534996939604647,-0.16941030495709367
1627820,0.13745459553197498,0.031099899515180714
1627822,-0.0915707645569165,0.030267604762074483
1627823,-1.4702649604382558,-0.21875336166750556
1627824,-0.30098854819574705,0.5355513857985144
1627826,3.627672704738342,2.797711965698059
1627827,0.5206402947820374,0.09266019589488456
1627832,0.775027750648766,0.37193654205276255
1627846,0.6475501898829095,-0.33542654668551664
1627853,0.577590567348132,0.5378345189088692
1627854,0.9451436243660182,0.2796192204618624
1627863,-1.0920950956909103,-0.3762292913112129
1627884,-0.4942864650319521,-0.5998778978766293
1627885,-2.142855252208561,-1.4062688298594979
1627936,2.2783476510986573,1.2415247682289232
1628021,-0.024747024777439678,-0.7858062393407728
1628035,-1.43282537098924,-1.1547175898637514
1628221,-0.43848634430120526,0.07420672968497141
1628238,-0.08595067183791624,-0.0791613334988398
1628365,-1.6843772992734851,-0.013137689944291698
1628366,1.1290595780102142,0.3663683658893217
1628367,-0.011201064014244193,-0.5553219570217728
1628368,0.2199014546409343,0.4479925477915557
1628369,-0.5324782431919128,-0.14232859704904052
1628370,-0.33070412792276216,-0.6547121139753537
1628371,3.3997544743155594,1.2759961267616453
1628372,1.0526510248027177,0.08100295706151048
1628373,0.12321809326361374,-0.30154450390316095
1628374,-0.536325972423345,-0.46455160041214205
1628378,0.25451797977697843,0.2181761898875458
1628379,-1.2030798755975105,-0.7484189181375166
1628380,2.5114889773504117,1.5543523918605286
1628381,0.19390353975379246,0.026714121101791923
1628382,-0.6552800548080062,-0.43230894782137347
1628383,-0.49023850116093143,-0.4256993898613132
1628384,-0.15422805404801868,-0.12648605441246435
1628385,1.4016694472220497,0.8417915710491553
1628386,-0.3867295986835193,-0.7875668437977749
1628388,0.3607288065211765,-0.049915371318412644
1628389,2.925451278547889,2.580321684480292
1628390,0.15343058634030554,0.3566201591792886
1628391,0.6819690310158709,0.13731156942671144
1628392,2.673082088276887,1.1494621469197244
1628394,-0.35455297750150183,-0.09330067401157412
1628395,-0.9547901469131548,-0.5388075031642836
1628396,0.1817712322516057,-0.3046753549917281
1628398,-1.6550814037831865,-0.8914921706926277
1628400,-0.9577751329088245,0.10375354658061578
1628401,1.9286760441588897,0.45263611319264935
1628402,-0.7494471432428662,-0.215582897070811
1628404,-0.6307225008634622,-0.31126857774585664
1628407,-1.9567300712806104,-1.285771870157655
1628408,1.5324858430898962,0.643106909938625
1628410,-2.3179961078071063,-1.9763144204164536
1628411,-0.4388866860224178,-0.2808060630147558
1628412,-0.01378441453364541,-0.09388466485517702
1628414,1.1094281252455074,0.4691810869743206
1628415,0.8245657711251826,0.21676335878249745
1628416,0.10275217408545533,0.0939270314215801
1628418,-0.006588712398192193,0.2484560888186319
1628419,-1.1741087539606543,-0.5684468147622166
1628420,-1.8213719467108636,-1.2174905132493052
1628422,0.08814485651915892,-1.3772691667511043
1628424,-0.2652971896042661,0.061202655842847
1628425,-1.0747693698269183,-1.1021720857971324
1628426,0.31140973574525826,0.4584502401149394
1628427,-1.9955016002501331,-1.5844423779503143
1628432,-0.15535174712610178,0.8333125195954602
1628435,-0.2743996310365691,0.005401575012527805
1628436,3.7304845434583043,2.504175767049195
1628449,2.061333270093597,0.8011238032508827
1628455,0.06838837251193776,-0.32687270311099387
1628464,1.3942222570474088,0.2699896499484471
1628467,1.5307921012442027,1.2471563626526252
1628470,-0.3204705472084327,0.004627163175101521
1628476,-0.06767021847480323,-0.5465534911622985
1628502,-0.6346476324988265,-0.41383350037284367
1628537,-0.12170200640060883,-0.10995024283149862
1628539,0.5272745477177545,-0.8000598353548356
1628578,0.1943789636616636,-0.030945809965065078
1628591,0.44926800374225856,0.36027819027275876
1628778,0.15713460383513211,-0.08162595238902325
1628960,-0.9979284955545143,-0.18305104495447427
1628961,0.2048381494751838,-0.2682650413605302
1628962,0.8994178057111274,0.7168362743830742
1628963,1.1030928729481935,1.0339980793401764
1628964,3.063449879947168,1.4209838289002485
1628966,-0.41029227644607397,-0.030678634739191666
1628968,-0.21833351936191428,-0.144161851616144
1628969,-0.5946878365582028,-0.3745208996214467
1628970,-1.3004068709437162,-0.8970168073888778
1628971,-0.71730258816976,-0.36088690004400736
1628972,-1.3420364023025746,-1.3179953481935778
1628973,-0.48950931153764654,-0.21903280730224578
1628975,1.5719544397071117,1.2070408153540724
1628976,2.070783827765843,0.8818688717720813
1628977,0.06303418761105897,-0.40031202692594214
1628978,-1.9234424084704091,-1.691228616471848
1628981,2.9158914351970573,1.6787464748194372
1628982,-0.6067230268509055,-0.1754111797014104
1628983,-1.463855782609527,-1.674732225934406
1628984,-0.379507730446214,-0.1311321917685861
1628988,1.1862704755436586,0.375499950728002
1628989,-0.7041107086106336,-0.2894266744987618
1628990,-0.08411768200293636,-0.05682949986556063
1628991,1.3261085543518378,-0.49009589651253715
1628993,0.10512080741949743,-0.07786124191890473
1628994,-0.467518342489531,-0.16300717769540082
1628995,-1.5966505572594296,-0.8646195458892211
1628997,1.4219452694329426,1.0157730872701805
1628998,1.628540560146477,0.561615619248249
1629001,-0.29913509218191525,0.15957712713056926
1629002,-1.7407733889592367,-1.0890629995125896
1629003,-0.9491597513338179,-0.6651739532368507
1629004,-1.03344493294761,-1.0157880846051517
1629005,0.20342187948919568,0.0680289377508006
1629006,-0.5421101800149577,-0.3289085725598194
1629007,-0.5895435868207696,-1.0288844250000262
1629008,-1.346629967447828,-1.0299270416686601
1629010,0.9171244843409085,1.1800650789003577
1629011,1.735656889312435,1.5819724222395284
1629012,-1.3915771953362106,-0.8824934537204312
1629013,0.9012584072239996,1.1280022853516576
1629014,-1.4690616697692376,-0.6929004815424147
1629017,-1.4333183609730609,-0.7019378771427954
1629018,-4.233344462953064,-2.2888390885485697
1629020,-1.2197767782214837,-1.114098176560658
1629021,0.9282717633171428,1.7347596493195658
1629022,-1.4710830700611437,-1.1492627531859203
1629023,-0.943983795436329,-1.1223702460988831
1629026,1.1583694845285746,1.1998011045005106
1629027,-4.518695010779264,-3.1302525818935165
1629028,-0.19701570747653505,0.6144106870384827
1629029,-1.137478471504372,-0.6982710237722151
1629033,-1.5904262923592853,-0.08252847432000625
1629034,-0.6285480021710964,-0.5147481877969453
1629035,-0.2300024300974576,0.27460874898285037
1629048,-0.6211589130545044,-0.6749294884324284
1629052,-2.8624175073694755,-1.8026957923070548
1629056,1.435888758784126,0.39418246370663623
1629057,2.7086516461198937,1.258263292368528
1629060,-0.1440063215858961,0.12025091951654636
1629066,0.8071857117452736,0.283914704108212
1629067,3.085592443260925,1.6758957905955092
1629076,-2.0281706324779747,-1.0943951119046633
1629083,-0.08398358420073862,-0.1429085574964767
1629091,-0.596348442981025,-0.24108460304862658
1629098,0.511517421607569,0.2213169423279965
1629103,-0.3960680266578563,-0.48300772104814926
1629109,0.2704494910216048,0.31827306300211033
1629111,0.21990557293448917,-0.6253255236107707
1629117,0.8333317059617537,-0.13110182854237382
1629121,-0.200803385771327,-0.006324440034395709
1629126,-0.1914429737936724,0.012857342498987252
1629130,1.0702060103013638,1.0031905150647675
1629134,-0.6542048191920707,-0.9894918095883907
1629139,-1.128433299162267,-0.9025877096954815
1629150,-0.9013343521385032,-0.4635369784678554
1629162,1.307916263505667,0.9608825992510291
1629164,0.39128940976953125,0.3439647520959811
1629168,0.23975445391126712,-0.3863059875148365
1629185,0.12036675759351077,-0.17090922409253795
1629203,0.033848342554878424,0.2348561138818203
1629216,0.47822175759963476,0.34397775269731634
1629232,-0.06880904422718155,-0.1570318236674333
1629234,0.25671940288541045,-0.2393966283501997
1629244,-0.8450896372575181,-0.307946373494926
1629308,0.20093976662149893,0.1572728726683075
1629309,0.18052895176128994,-0.28991457259280246
1629312,0.10210486451560545,-0.0719829549466907
1629346,-0.770253751952289,-0.5781632436072093
1629597,-0.06661760307269378,0.042881266837293174
1629599,-2.0538925639414867,-1.8202321115700242
1629600,0.26134665665444123,0.04619323854852295
1629602,-0.06321524213320717,0.015687666532282523
1629603,2.060835561747993,1.4302006538113727
1629604,-0.15199844723987904,-0.9199938513883021
1629605,0.6362401397024805,0.6869889522209108
1629606,-0.7915698547299163,-0.25817425027387303
1629607,-0.16272687790764437,0.17060294351810557
1629610,0.33920442873538914,0.4347598375382774
1629611,-0.4685936612674277,-0.33227494140123826
1629614,0.5272831034531617,-0.3132541010005907
1629617,0.5449085064749322,0.6044092732298079
1629618,1.7737780268325563,1.2177172845350683
1629619,0.11849167537334584,-0.028284056772918294
1629620,-0.3100062397517295,-1.5369671314482218
1629622,0.8550501907794543,0.8505633440724694
1629623,-1.5072527796320896,-0.4275608533891297
1629626,-1.4545249380817786,-0.8497827100727969
1629627,-1.1031268330846395,-1.2036227409075226
1629628,-0.584524931527575,-0.5752380371539929
1629629,-1.5875196654445372,-0.8016797530474473
1629630,-1.9338237460357535,-1.7539857022433778
1629631,-1.835507141717142,-1.2109015440966762
1629632,-0.9882887208713143,-0.676156043301517
1629633,-1.5123952517304589,-1.0000670836074177
1629634,1.3010588823024436,0.2836684188261607
1629635,-1.050020739145749,-0.7418186477175547
1629636,-1.3626004397497624,-0.8312897699024503
1629637,1.235371287393907,1.1147174693561404
1629638,0.085700565451294,-0.24119530906420383
1629639,-1.0403233915846828,-0.7618810952739395
1629640,-2.094977932819645,-1.8588632545730601
1629641,-0.1728229662468137,-0.5593530326281049
1629642,-1.8403560386193238,-1.5837687875342303
1629643,-0.9358759534068468,-0.430190484040946
1629644,1.4162494612694927,0.7170509539528901
1629645,-0.041082145093987735,0.5277244773742289
1629646,-0.6195981202127718,-0.30737230843615904
1629647,-1.7248121158729393,-0.928674643475731
1629648,-1.3695165971409822,-0.6101547179558192
1629649,-1.1841447588172662,-0.1984811906486098
1629650,1.524010300983409,0.2642586586522929
1629651,0.14923741067242643,-0.7023369103872364
1629652,1.4517257126099479,1.1463694080052227
1629653,2.038157127811182,1.1573973071178767
1629655,2.1542916953848645,0.07331140775059616
1629656,-0.38835760984721573,-0.8070634045583874
1629657,-0.473939035139798,0.12733715499416456
1629658,-1.984139021499213,-1.6263931051060017
1629659,-0.08567119614087315,-0.051185635167549495
1629660,0.9694020509553607,1.1430934891408644
1629661,0.795117818831963,0.40483922760646684
1629662,-1.3502186991568839,-0.7479599175403133
1629663,-0.0019782877025459897,-0.24245167943127122
1629665,-0.17311004535519905,-0.2298421605050468
1629667,-0.5766735925506287,-0.2561213288934914
1629669,-1.0550096802910998,-1.3375833180538623
1629670,-3.800107665377235,-3.0417156830417276
1629671,1.940952241887259,1.4030357573245655
1629672,-0.20201547204042433,0.5650423399811951
1629673,-2.316354956684008,-1.3736530663828606
1629674,3.5961946774255713,2.2108761583095675
1629675,0.6803807591376375,-0.04413433769842123
1629676,-2.225949566859416,-1.257854684420967
1629677,-0.11388143376445367,-0.8351118489360827
1629678,1.2550182831393135,1.3913691817229683
1629680,-0.7736504038397053,0.028137301968547426
1629681,1.6484008595142603,0.31897052240821683
1629682,0.5989092342020217,0.16509041578732567
1629683,0.28647566304391014,0.42482989207614613
1629684,-0.20334461839245108,0.37244567351999597
1629685,-0.06848403422139362,-0.20045011823331021
1629686,-0.4851080120833519,-0.6642002813874847
1629690,-0.5417348399791992,-0.049537716004213625
1629712,0.2699970531517238,0.34254667380228626
1629713,0.5506117501758183,-0.08328926171520486
1629714,-0.3793198091750054,-0.5713901085316772
1629716,0.013490003106066791,-0.6230266921024004
1629717,-0.943328386594086,-0.2257186131273839
1629718,-0.6697512222791385,0.282941148465491
1629719,0.6659618751526876,0.5461322255413451
1629723,0.3513328236320351,-0.10551302887393685
1629725,-0.23699076374008587,-0.10790095610761354
1629726,-0.7386988865948318,-0.5836328051523189
1629730,-0.6730126560325621,0.39800952983375104
1629731,-0.2696800650772016,-1.0541897119217098
1629735,0.8550239344940592,0.6555737950128298
1629738,0.10057041634159976,0.2676770457890091
1629740,1.1055015326227207,0.6211224913467944
1629743,0.3825920925914659,-0.8620698531153899
1629744,-0.8489667377098921,-0.747527569201808
1629750,-1.0025996245921727,-1.0466558537743893
1629751,-0.2555494071441802,-0.5269506654082511
1629752,-0.7373591608496037,-0.5534605515103922
1629755,0.7496354608702169,0.2735346006112371
1629760,-0.11730008102507045,-0.03084825807268177
1629783,-0.19560553428915012,-0.03301952110594386
1629833,-2.385749339599722,-0.8539837034286218
1629873,0.0172953162153143,-0.12310120432856542
1629875,-1.8395282252150986,-1.266340208055975
1629958,0.03898210789565996,0.03221616236807276
1629962,0.08064217574966394,-0.1027994611779318
1630162,-1.8827345779655187,-1.0691990117444548
1630163,-1.3771219102868038,-1.0878242768075321
1630164,-1.1250790420782169,0.05894234508080099
1630165,-1.5275874560442058,-0.7947324879356668
1630166,-0.5866130365840856,-0.12137710634375579
1630167,-1.6783764699266732,-1.3486839602030871
1630168,0.5017148306069524,0.24952354172211882
1630169,-4.091148564736935,-2.578677657750982
1630170,-1.29351384990102,-1.111168345812922
1630171,0.27289814104053056,0.13046379432066968
1630172,-2.151316506937544,-1.4115522266847824
1630173,0.11281936825953447,-0.30097353677216016
1630174,0.10803956441636463,-0.04868447875855347
1630175,1.3524971332435802,0.9021580406811314
1630176,-1.149711845560965,-0.8948331050017683
1630177,-1.1736355532500322,-0.6208702275997381
1630178,-2.20282659505503,-0.770862881279235
1630179,-0.02229142163235143,0.13522639093327157
1630180,-3.4916659589031434,-1.6947280409986696
1630181,-2.9536020390332105,-1.5445745773735162
1630182,-0.20760638570707177,0.3094192556238663
1630183,0.15749898714208532,-0.2265218969054931
1630184,1.0465789681679534,0.8670218690218185
1630185,-0.9534237398167885,-0.3803131717386212
1630186,-1.242417039438007,-0.598111965153273
1630187,0.4885800852375683,0.811495421298686
1630188,-1.4337419690181443,-1.6870631952418818
1630189,-1.1661031970226978,-0.5582269902302511
1630190,-1.9028883694681562,-0.9316932230878873
1630191,2.822980061658903,0.6309903530796638
1630192,0.012429921111447504,-0.999883095577771
1630193,2.042468284126486,0.8409610065321956
1630194,0.9423146148108907,0.5420613483828903
1630195,1.5265233707700938,0.484530515764985
1630196,-0.00410844409161244,-0.11747261240147258
1630197,-0.5403872004098188,-0.8693951618321655
1630198,1.2069527774332998,0.7239540870951481
1630199,0.22758826740111676,-0.629461179716776
1630200,-1.7626936446713892,-0.8182498470914793
1630201,0.5697770143792443,-0.10504193833746327
1630202,1.769479625654734,1.4684615846095226
1630203,-0.03631884017184887,-0.08166817844890656
1630204,1.3959638056949437,0.5228817415225381
1630205,0.9791959985435281,0.6599744639460016
1630206,-0.7267726067047225,-1.0267922887619865
1630207,0.09142632650889367,-0.33743499250081543
1630208,-0.7753488159644844,-0.45073228575732405
1630209,0.5941951649863484,0.534748484275209
1630210,-1.8877214789818217,-0.3105844050067197
1630211,-0.13945430685759225,0.32883221181133304
1630214,0.7604751980839489,0.1830923335851449
1630215,0.8020360191599633,-0.8224500642305136
1630216,-0.2176277862788085,0.2179285227218836
1630217,1.634617601074936,1.378037698904688
1630218,0.17677870880091395,-0.11653946476017085
1630219,-2.2829634701848835,-0.5439646283137394
1630221,-1.415169505469764,-0.7413850306305081
1630222,0.507948319409924,0.33037533305510997
1630223,-0.7210621009394715,-0.2229912356870474
1630224,-3.2805623257281327,-1.7256137721282985
1630225,-0.49056287719728625,-0.41976751827716885
1630227,-0.6373106372680236,0.40472433478911596
1630228,0.6778209520958497,0.612890159292026
1630230,-1.8639175167496649,-1.2287011332946896
1630231,-2.8871353506043516,-1.4807088513874977
1630233,-0.4534314927652505,-0.2645647316050869
1630234,-0.11768031749449218,0.056369747277717326
1630235,0.11185211169559535,0.5991740298530013
1630237,0.5695703826258175,0.2404521688539717
1630238,0.8317259017564187,0.5045531595248104
1630240,-1.5096095181985825,-1.2345830715520156
1630241,1.840228425972497,1.1242092964118229
1630243,-1.4639112454403156,-0.989830491858804
1630245,-1.6337804602427208,-1.4731883277411653
1630249,-1.113460692383244,-0.21846319802547318
1630250,0.19315175263512502,-0.05060855080671793
1630253,-1.4867698302189303,-0.6916169990595902
1630256,0.30512223769302455,0.5274676428273637
1630257,-0.1497340669625631,0.04283749024859975
1630259,0.05119893837817061,0.1244143449408858
1630264,1.5536621802493145,1.531483171932183
1630266,-0.1603944531453459,-0.02833717912700897
1630267,0.994309166115746,0.8510306790837804
1630268,-0.004324208721957537,0.08512287821529607
1630270,-0.6838091162556097,-0.9202882192179607
1630271,-0.780721092889044,-0.3448893963771159
1630273,0.26465433363423957,-0.16236869473127966
1630283,-0.21748969291264972,-0.2363777936870595
1630284,0.8112768559225698,0.5315657124434054
1630285,-0.6670254893707173,-0.2473432230143683
1630286,-0.0053097055996557275,0.0004092306018826119
1630288,0.3389241076964985,-0.19218827624276041
1630296,0.5556651803990021,0.05840529202252771
1630306,-0.03098696659516595,-0.30395230969031634
1630311,0.5212469111753922,0.41789525998904437
1630314,-1.1589950287578088,-0.6424957812093449
1630322,1.3257939806937902,0.8537985458656216
1630346,-0.25584584356306433,-1.303001545770745
1630466,-1.2520699589823592,-0.4574355564281009
1630525,0.06193789395958974,0.005508603725230198
1630526,-1.3331956214237983,-0.6213481571163123
1630527,-3.1548553965948303,-2.065418425612056
1630528,-4.3911340650000685,-2.406179916378851
1630529,2.370927362142636,1.7515039196103155
1630530,-1.7138756519087348,-0.9529643434725672
1630531,-1.0750454268647094,-0.2321232588072754
1630532,0.8323990078782437,-0.12161164909487795
1630533,-1.4730731362637226,-0.8428459433133475
1630534,-0.2512289564020832,-0.5487777298074908
1630535,-0.022240929031678208,-0.6772845837741693
1630536,0.5177941705122264,0.999660094350593
1630537,-0.36760375337008666,-0.3644965051090447
1630538,-1.2913063067029136,0.17830346019770826
1630539,-0.6600011375466375,-1.6338204641421887
1630540,1.067584483253288,-0.0429953303129066
1630541,0.6383357489704576,0.5371058200588698
1630542,-1.830574470304857,-1.4586185811578591
1630543,-0.7321878832807528,-0.5688382717042126
1630544,-1.9112202940256549,-1.518786273597268
1630545,-0.10778786047556581,0.5016659437803932
1630547,-0.06326669651812589,-0.06931551810424408
1630548,0.2617233824442618,0.8824223581101354
1630549,1.7377452558141187,0.9015567587368725
1630550,-1.0659172979797868,-1.6950416167651345
1630551,-1.3061101071996415,-0.8382673236253949
1630552,-1.540251099675243,-1.772635847492325
1630553,-2.4602169186256257,-1.5769168992596014
1630554,0.7890989564365775,0.5666699919886067
1630555,0.4865200367852222,0.36510389086351136
1630556,-0.9290576650601252,-0.5753513751583941
1630557,-1.1324010525928785,0.022460636368731655
1630558,-0.5607335199530449,-0.3877847646814284
1630559,-0.022590642876451492,0.4014080648583752
1630560,-3.1886577791972233,-1.7672989003285497
1630561,0.45888428085705324,0.054086656910713404
1630562,-0.1489178311254288,-0.07805784979470098
1630563,-0.23594910549354892,-0.3606242988522913
1630564,-0.2069082520192675,-0.5071951328148677
1630565,-0.0933795524573545,-0.04623726366341685
1630567,0.13950237700861257,-0.14809621353360386
1630568,0.5918257037069191,1.4585761361738865
1630570,0.6151802396578213,0.26613455308114164
1630572,-0.3637146542895944,-0.24641685381130765
1630573,0.09075946431470615,0.31561648123965935
1630574,0.6890301636124451,-0.39471199450136596
1630575,0.009486545455181211,0.08045800723781704
1630577,-0.35026415652244214,-0.6255116063880749
1630578,1.0065983927344127,0.7109642439090663
1630579,3.4243633900089767,2.8750198450253963
1630580,0.2831706651484276,0.5890761099714134
1630581,-2.8411047936685168,-2.269340439078834
1630582,-0.9211103154161677,-0.9599569027670812
1630583,-1.3067694611298333,-0.9177368043066678
1630585,1.3448261748308568,0.6363086086851913
1630586,-0.008694393306406705,0.27523069661776317
1630587,-1.238340952632707,-1.059940695213966
1630590,0.07347970875143744,-0.2420325415827181
1630591,0.9356081818105084,0.6646539638478024
1630592,-0.23392799970143283,0.27844202255354217
1630593,-1.4589768946837467,-1.196673665684784
1630595,0.7884877651471048,0.9462595117710518
1630596,3.0529593876561902,1.3702749534294045
1630598,0.6454471331363355,-0.16885934808102127
1630600,0.3138698009046614,0.4167302303229715
1630602,-0.7808631543887289,-0.4195022517167716
1630604,-0.9784906594847785,-0.5891038412668048
1630605,-0.12236729874449655,-0.07679381382992248
1630606,0.731816991058888,0.2220357084929287
1630608,0.010581550437822669,-0.006716855511570738
1630610,0.3299937682072553,0.23855640341514478
1630611,2.8490404111421577,1.716716073115138
1630612,-0.04208992146136037,-0.01778295830071196
1630613,-0.31889725982242567,-0.233080429187692
1630618,0.402517786373657,-0.45709709035980556
1630619,1.5601953614550816,1.2300754045921667
1630620,0.33925604906092116,0.2192150410581007
1630621,-0.04955182288110526,-0.09623250783039662
1630622,-0.07503352828322837,0.00858670861903649
1630623,-0.9512839907213925,-0.21023455329836807
1630624,-0.19308340032934018,-0.18373752116917239
1630625,-0.27562321641585535,-0.38640749920823786
1630631,0.35430079612644333,-0.01861676528686406
1630637,0.4216701030253327,0.15990886949665029
1630639,-1.7119726939669142,-1.2357128070647871
1630640,-0.04839938310144641,0.0006966388123801175
1630641,0.2113768983069111,0.38923187546408167
1630643,0.06488923699382963,-0.9748888384395294
1630644,-1.3824658897318765,-0.8893551343689753
1630647,1.0675375096837343,0.8337651605397124
1630648,0.18017699222516276,0.230209648583324
1630649,0.6185009603546793,0.23121499894239728
1630658,-0.7944075857651198,-1.0169728332624126
1630678,0.35537455996079237,0.913607801013
1630679,0.8003818894747562,1.0286942520008988
1630686,-0.4588758059247637,-0.013639833930364598
1630688,2.010086422940036,1.7999767435427942
1630691,-0.8185974757767374,-0.7172512013623521
1630692,0.2616477296721696,-0.0098827596765972
1630695,-0.08372607737007262,-0.719283533455829
1630696,0.5572929596080938,-0.8021041244978144
1630698,0.33326599396790546,0.20843830109614897
1630699,-1.2883100649520065,-0.9054767100238712
1630700,0.28329945810807333,0.39375918567160156
1630702,-0.3259651095080489,-0.19198165887894292
1630703,-1.1914093322758132,-0.45967951764031806
1630758,-0.1537952454872109,-0.5825559155891654
1630762,0.303387175055868,-0.16548654297074408
1630787,0.7579620171750115,0.3228419465381506
1630792,-1.0855555051592778,-0.16204936188060323
1630811,1.7059044025931693,0.920743392479849
1630846,1.1281112631560812,0.36152220699348486
1630929,-0.26006501206308313,-0.13017577506146377
1630994,-0.4203188690366973,-0.24432619141917294
1631093,-2.5312017869152976,-1.4455541192144814
1631094,-0.9700450061398935,-0.0796820892914995
1631095,0.8124447843031495,0.6221766794081096
1631096,3.056913795874993,0.67942913512501
1631097,-1.7451874935244176,-0.9594047631966663
1631098,-1.473940258192595,-0.571760106335844
1631099,-0.125567905061136,0.23891567196959348
1631100,-1.3041718569571832,-0.9839022102541234
1631101,-3.1615337200658797,-2.6806031486069855
1631102,1.6233682879281959,1.3618965701848762
1631103,-3.53393914929565,-2.608973261983072
1631104,0.2847469590296725,0.4907600380765643
1631105,0.4688649828640646,0.8495864711187372
1631106,0.6997926235768425,0.5068594132679094
1631107,-0.8728259072441102,-0.3738540172958494
1631108,-0.3616959958849775,0.022452803177625314
1631109,0.45883560346097224,1.0241124888592426
1631110,-3.5122799208000477,-2.1693199946949027
1631111,-1.5799323935495793,-1.0107686358386578
1631112,0.4147747411602894,0.3426748337719105
1631113,0.01533613551969913,-0.04083633100462046
1631114,-2.134181290026108,-1.9248710986705782
1631115,-0.2794761678109576,-0.33525359727090726
1631116,0.9003106418415082,0.9677250713533159
1631117,2.659253547687993,0.9242869394149518
1631119,2.5081383332259626,1.8732812899362394
1631120,0.23484716915760448,0.38731984987547563
1631121,1.001627016896691,0.4253094893479688
1631123,-0.25739480692606503,0.004619829267037463
1631124,1.3949673393919404,0.9637857068863566
1631126,-2.2017472447413,-1.2960948677511488
1631127,-0.031759950255186624,0.15138445202794332
1631128,0.41309665440396093,-0.06350979422996675
1631131,2.1168012140854127,2.2769958991514856
1631132,1.755679023727845,0.8547817980751585
1631133,-2.067013606105919,-1.1970251140422818
1631157,0.9867240681846893,0.7528300625098607
1631159,2.984566190642373,2.867286915277111
1631160,0.41007030166540126,0.486034467554944
1631165,1.7999495246404134,1.686854656818877
1631166,-0.8856358782658529,0.25621748270254563
1631167,-0.13980652217186318,-0.11045920075608515
1631169,0.2643865962988873,0.18676411651703229
1631170,0.955974394954796,0.320904298064847
1631172,1.1253387373718922,-0.11157450843034951
1631173,-1.0943251974222719,-0.5997133603154873
1631197,-2.0006388627080303,-1.40685209372964
1631199,1.208229018803882,0.9683612176326547
1631200,-0.8726416087472614,-0.7161974870656154
1631204,0.14262418992942247,0.2699292723387267
1631205,0.31626374149531633,0.1718919046126706
1631207,1.5640859449660993,0.45872506315579287
1631209,2.047159383153533,1.6566583039992397
1631210,0.262190894508953,0.25522583956624745
1631211,-0.15262288485372943,-0.05668114369147432
1631212,-0.9887882170441252,-1.7499467505308433
1631213,-0.7484062153335058,0.11417040197226912
1631214,0.6689420166666725,0.32961312492885736
1631216,-1.7551567698519597,-0.7516774817570674
1631217,1.8648186572875007,1.0719847012818051
1631218,-1.6801625462167142,-1.726804273594223
1631219,-1.2827969732410918,-1.3904683866615553
1631220,0.5673091917319141,0.1946743202288174
1631221,0.11963257903434868,0.8406175547294409
1631222,-0.7981329371833153,-0.3632350031217056
1631223,-1.7830355019597097,-1.0267621540297307
1631230,-0.4454281746260725,-0.3449600177552636
1631232,-0.31469308177371486,-0.2829419827662868
1631241,-0.6973964809719728,-0.13953760513674968
1631243,2.6689219711210206,1.6404733130252434
1631245,0.782676845240982,0.36014555343739374
1631246,-1.3392032365155002,-0.8528999664809837
1631247,-1.6791346203616335,-1.774345061529324
1631248,3.524948964522225,2.5369207563354226
1631250,1.5842842484812174,1.353338452904592
1631254,-0.5839549416244882,-0.5685819804953132
1631255,2.981911311910574,1.8157573111801517
1631257,-0.42119815459356313,-0.27866669515731174
1631260,2.74655056841086,2.5312024129348942
1631262,-0.5240722608558687,-0.8158594731887309
1631288,-1.6971252161876882,-0.5401122905811768
1631298,0.5600000897343794,0.3715375875184083
1631301,0.6675527031122661,0.5248334575742895
1631303,0.5490560104357507,0.2576171691429086
1631306,-0.045410165788230886,-0.00024106591771795637
1631311,-1.488999377453602,-1.0334837208225827
1631320,0.08185309805456592,0.08490522136610139
1631321,1.0125335228413035,0.4003698852963403
1631323,-1.5647085949859216,-0.7737269490539074
1631338,-1.2768324334095966,-1.0312720878197907
1631342,2.7673700326272512,2.2462872776606106
1631367,-1.471244195686411,-0.4349973795745572
1631376,-0.014371527423195349,0.023684909610966594
1631386,0.09438862969566116,-0.08984709106283938
1631451,-0.08946268121801626,0.1975279067366586
1631466,0.5178573858711174,0.8272318663992267
1631495,-0.08440032130329331,-0.03682564287009188
1641645,0.29746257822649746,-0.39751224190806084
1641705,5.518278446248581,2.831575705918943
1641706,-1.0907225581910598,-0.8599963929701097
1641707,-0.6832618346862998,-0.37307411598526874
1641708,1.088821502035197,1.0455647566621546
1641709,1.0165625330697652,0.14240363565918535
1641710,-0.8121267728131583,-0.6983459019527775
1641711,-3.452658735771454,-0.8721133087899026
1641712,0.5531245044594495,1.3035933133080613
1641713,-1.446585560510367,-0.6823649459047662
1641715,-2.6930869624529543,-1.6146996658081105
1641716,-0.817126931316112,0.4558362435593575
1641717,0.020241865910579727,-0.21583654457073767
1641718,-2.3910196498223772,-1.0176743107894441
1641720,-1.3303024081893404,-0.960644771281804
1641721,-1.462502706930444,-0.7650907663589444
1641722,-2.4262312654520874,-2.058681075039286
1641723,-0.4616604283208561,-0.8112979300368314
1641724,-0.04896707479442862,0.2963783798270794
1641725,0.3953684739116738,0.6019457630919411
1641726,0.8777023440259203,0.028039604354594398
1641727,-0.8449808556471986,-0.4743824958154527
1641729,-1.8290989990244853,-0.3543651043878003
1641730,1.614442000942697,0.6651135841092812
1641731,-2.9323137348582047,-1.4969978097697658
1641732,1.4531396519121582,1.2096997168115033
1641733,-1.7082228082047586,-1.0438384660044109
1641734,-1.3717071044163962,-1.1289869859092525
1641735,0.5005474757256846,0.16031552019497408
1641736,-0.9470575741162932,-0.1573659917263931
1641737,2.4552798681065466,1.533670270174761
1641738,-0.19045319841803954,1.0850833833630225
1641739,1.7462419891353242,1.2877714812155796
1641740,0.7405440444148828,0.06688618145326441
1641741,-2.5220384394856903,-1.6278406671163073
1641744,3.1691309037459936,1.6734928146957868
1641745,0.15231594176905236,-0.34966014747090907
1641747,1.2970448356549724,0.7430505797053578
1641748,-1.092121088558562,-0.6895616108536421
1641749,0.02060325175216338,0.04094270107984732
1641750,1.8783580664265138,0.9755791035212379
1641752,0.23725471589464422,0.16473679370491653
1641753,-0.23637727021560015,0.059769865177038715
1641754,-0.8977036224853622,-0.5106437853464683
1641755,-0.6621798558198333,-0.7270615244955211
1641757,0.6115791191347224,1.6486406815157255
1641761,1.3994567604945702,1.171776129166143
1641763,-0.7151878455034281,-0.8926842247325107
1641764,0.990201225967263,0.5581576657154487
1641765,-0.5469778199047882,0.026951448110184503
1641766,0.10036196497410543,0.16370135419911555
1641767,-0.6140086767065072,0.2208585090934441
1641771,-0.5775430973307368,-0.344287633660312
1641772,1.4436862161492447,0.4516535680502458
1641774,-2.4411898926163644,-1.8774904391123282
1641775,0.6196971950231976,0.24454102731372857
1641778,2.1680679557891307,1.3742420683504795
1641779,-0.11103456741061535,-0.18737721433043064
1641780,0.03566015328966124,0.3645783992418612
1641783,1.340951082563445,1.3228450583722857
1641787,-0.18043222458902652,0.3122346102929849
1641788,-0.339528187775424,0.028267554395433166
1641789,0.038892607531785486,-0.3563025347263934
1641790,0.4804294556474332,0.25081104854814495
1641793,-0.2904260667542217,0.06902834459529239
1641794,0.7068198922513792,0.13337075117720995
1641796,-0.21783736462624576,0.4435170524216608
1641798,-1.0206998913874632,-0.1554754989784495
1641801,-0.11477889975146484,-0.12727824700623983
1641803,-0.35061878527379703,-0.2108006623361041
1641806,0.17502189489620504,0.1342537798982637
1641807,0.32765983527960185,0.2655051141340453
1641809,0.05412195665713748,-0.4138019454511576
1641810,-0.5536030198942918,-0.13509793126345954
1641813,0.29399151517145805,0.055540137253123116
1641815,0.7780636223780523,0.62195840823637
1641816,-0.23938426156250217,0.5710994485627059
1641817,-0.5664612267499001,-0.4092115919773353
1641824,0.19393978371203668,-1.1605031702094473
1641842,2.0648082009265476,1.017283963331107
1641847,0.24420554749599585,0.025347894708677723
1641851,0.3357844132115784,0.3383256623994491
1641854,0.7040287333478809,0.8010497816721996
1641857,1.1992027880390574,0.5856063700874428
1641871,-0.7856711556043967,-0.42303360015728714
1641877,0.16369662067993232,0.77742973538382
1641878,-0.10488653669304349,0.3358471798011951
1641879,-0.2353132069152299,-0.07966183747353067
1641890,-0.2952477643584914,-0.03180305336786842
1641926,-1.0263148513394624,-0.7087257053551749
1641931,-0.15041576215644073,-0.7160521392175573
1641936,0.1437315803734112,-0.038068273322802756
1641970,0.5837057667666514,0.21216306141769112
1641989,5.06252225967267,4.395624885764125
1641998,0.5125556097665689,0.608743620442925
1642013,0.2624401328317421,0.27814494410685325
1642024,0.15675272867828877,-0.26060975057374175
1642050,0.13540685344533007,0.3118719349869677
1642066,1.5703470491331948,0.940065684849492
1642258,-0.7585001353903721,-0.09137723883955522
1642259,-1.8796189389878935,-1.8368302578623086
1642260,0.7536102657307953,0.5431752903169657
1642261,-0.7903905117679146,-0.1682775670944588
1642262,-0.1243094186619728,0.055722001791302295
1642263,-0.33693678301886953,0.2487868539187055
1642264,-0.3718088682759714,0.15280320441163295
1642265,-0.31823249459357633,-0.5222868483642761
1642266,-1.2225335069915888,-0.4506619507568442
1642267,-0.3759685048831483,0.2870458547729824
1642268,0.13528914189244595,0.8220451313102074
1642269,2.5343654860612927,2.1996432588278036
1642270,3.9219648688516764,2.0869334718087336
1642271,0.28846882278177444,0.5748589973838643
1642272,0.3831126219887476,0.2382878103836563
1642273,1.2767245832495993,0.4094266521516615
1642274,-0.08635095912795065,-0.03463579335129413
1642275,0.3190748348271132,0.42572676380083896
1642276,0.7237036817339447,0.40273467614230657
1642277,-0.42427217998810596,0.7175043466177872
1642278,1.0233336155038402,0.43164428418563205
1642279,-0.40762113148105866,-0.06369862951976085
1642280,-0.6222836089297447,-0.32401578439896295
1642281,0.560889888382409,1.01258108697135
1642282,-0.1718722229292784,-0.006386106812154424
1642285,0.19819573622224643,1.1379342054885109
1642345,2.5512688357347533,1.8705183428880319
1642346,2.842374061739916,1.527595766949278
1642347,1.3265747551697056,1.3072736097862707
1642348,-3.428043364657559,-1.1941287777075922
1642349,2.281365861407352,1.4681602613100146
1642352,-0.7257645239445081,-0.9763518068072699
1642353,0.47389457598201296,0.3646845347997883
1642354,-1.4827170533951597,-0.6116449510611667
1642355,-1.7537569217404205,-0.15649358944193356
1642357,0.08257151918262486,0.1398221345004763
1642358,1.3289630856213046,1.5488685962322368
1642359,-0.03673399098031916,0.10992137049079491
1642363,2.971194729904461,2.9554731450980327
1642364,-1.2510513054822336,-0.8941262592396337
1642366,1.3496329529606816,0.52526127724132
1642367,-2.650638131187716,-1.9134343935987035
1642368,0.5950474859105578,0.30656307997555765
1642377,-0.6389772892979301,1.1127423028748606
1642382,-0.6692009280697979,-0.12120416627989142
1642383,2.187280950031265,1.878113025935382
1642384,1.6253080326631149,1.1342020147033707
1642385,-0.027053888875660386,-0.015743728559926506
1642389,0.01766573349475491,-0.04591469418845736
1642396,2.9354327890216605,2.3734574958443226
1642399,0.07803838037020133,0.0952840125179329
1642400,0.18804353771675714,0.23327842961926432
1642402,-1.5774585039653402,-0.8880465731470989
1642403,0.9452626337571464,0.6816789786148317
1642404,0.08680324180023828,0.3224651940106114
1642419,-0.7834215146627773,-0.5144728559279641
1642422,-0.4422177560566202,-0.18017322530850555
1642434,-0.2117000509003788,0.009154521181575963
1642439,-0.35218701516102546,-0.08002294717297205
1642443,-0.6551766476261545,-0.2284325433698656
1642449,0.7721660631573202,0.5800155801646483
1642450,2.326515417254747,2.2560935483163034
1642461,0.8254034398886755,1.5968526770135014
1642468,-0.1933905759448066,-0.059604321583738434
1642484,1.2375337790383227,0.3571948867884685
1642502,1.7099656014876177,1.629590185639536
1642505,0.18300753388663257,0.3761761816406442
1642530,-1.3045114008083203,-1.3386598951755926
1642843,0.11228098215324826,0.13063293366073056
1642844,3.386969384089704,2.6279244242897803
1642845,0.22434179772407936,0.06378198721562744
1642846,1.2219934247888462,2.055745712874829
1642847,-0.7456248404228093,-0.259062466864272
1642848,1.5744275383714958,1.1010000139145852
1642849,1.4210747645209827,1.992675364575249
1642851,1.201150820212533,1.1950758501502907
1642852,-0.7251349183716737,-0.336489134102023
1642853,1.1638437157800607,1.0675797020886102
1642854,-0.33324908317304314,-0.8061312783979911
1642855,-0.30610413137355585,-0.10215208285652531
1642856,-3.0792980418162434,-1.4691702687198231
1642857,0.6535203851573866,0.5018222157321087
1642859,-0.42578965955664794,-0.0251719723932863
1642860,0.8499237874852369,0.9540396757897466
1642862,0.5142808970284813,0.32403524121067817
1642863,0.9427311746712909,1.1046786497622418
1642864,4.07010236975225,3.277926748498764
1642866,-0.051491724388641115,-0.7358974844656887
1642867,2.0529717997422186,1.6833429094583046
1642868,3.290579666525467,1.9479857177637045
1642869,0.19569044596834492,-0.17631131107660225
1642873,0.20410680044675092,0.14316087688881707
1642874,1.6476738732889826,0.8635886334340325
1642875,0.7462632499670143,1.9585455663498514
1642876,0.27936729447351366,0.47548098983306153
1642877,0.3590591841908523,-0.4877549662000026
1642878,0.36449241148512573,0.49897621206879655
1642879,-0.11173547682584149,0.47449954058945576
1642880,-0.6140135690698733,-0.6538288055214347
1642882,3.6996450098859266,3.0515907732802767
1642883,1.2110629483947644,1.1480413162424123
1642884,-0.05418329552523111,-0.04899666895621302
1642885,1.4978174359018657,1.4752391668512075
1642886,-0.44781768006609135,-0.15112918424023794
1642905,0.9947953826148458,0.4846476972605315
1642907,1.7581256179233011,0.5423233332162298
1642910,0.10900512198143045,0.14159263557511872
1642911,0.2728281041754636,0.257771090181196
1642914,-0.13179212721968978,0.28158451717129684
1642917,0.11947589897697235,0.1044419586199914
1642918,0.7660177808558841,0.4474429053385098
1642920,0.9251049382803614,0.6243091630862886
1642928,1.7346310549485195,0.8286267438694684
1642933,-0.9583229142159733,-0.7075412714203769
1642935,0.1317885249031081,0.10892651826070081
1642938,0.01971873439812621,-0.396152136744308
1642939,0.9308946759950301,0.15080855658047945
1642942,0.43547979308862417,0.6432826521960422
1642948,1.0334389287350592,0.1821027719267148
1642949,1.3736370446431962,1.0322987580607337
1642950,1.382832018168935,1.377224720274598
1642954,-1.261960125488538,-0.610799554757087
1642955,0.30055727070838206,0.3610873419026164
1642959,0.3961690606036604,-0.030947078102352987
1642962,-2.544377914616513,-1.4540439785591048
1642964,0.9310532827781767,0.5018832892898033
1642967,0.5309116752256159,0.46296252253412956
1643007,-0.5091713605329334,0.3837642563378962
1643018,1.480224394554869,1.1887050405793915
1643024,0.1682125036429808,0.07910077117591535
1643133,-0.09899089185659626,-0.023553582350319548
1643141,0.3054349310885064,0.2054054977202806
