player_id,player_name,games,minutes_on_total,minutes_on_avg,on_diff_total,off_diff_total,on_off_diff_total,on_diff_avg,off_diff_avg,on_off_diff_avg,on_diff_adj_total,off_diff_adj_total,on_off_diff_adj_total,on_diff_adj_avg,off_diff_adj_avg,on_off_diff_adj_avg,first_game_date,last_game_date,latest_team_id
1630692,Goodwin,1,4.98,4.98,0.0,-35.0,35.0,0.0,-35.0,35.0,1.669,-42.973,44.642,1.669,-42.973,44.642,2026-04-19,2026-04-19,1610612756
1642854,Newell,2,10.73,5.365,9.0,-76.0,85.0,4.5,-38.0,42.5,8.296,-46.424,54.722,4.148,-23.212,27.361,2026-04-25,2026-04-30,1610612737
1630557,Kispert,5,54.18,10.836,13.0,-107.0,120.0,2.6,-21.4,24.0,22.376,-89.674,112.05,4.475,-17.935,22.41,2026-04-20,2026-04-30,1610612737
1630811,Wallace,3,15.45,5.15,3.0,-99.0,102.0,1.0,-33.0,34.0,3.445,-60.957,64.404,1.148,-20.319,21.468,2026-04-25,2026-04-30,1610612737
1629021,Wagner,2,12.65,6.325,8.0,-45.0,53.0,4.0,-22.5,26.5,6.579,-31.256,37.835,3.29,-15.628,18.918,2026-04-22,2026-05-03,1610612753
1628975,Carter,3,16.5,5.5,9.0,-60.0,69.0,3.0,-20.0,23.0,10.047,-41.922,51.969,3.349,-13.974,17.323,2026-04-22,2026-05-03,1610612753
1628396,Bradley,4,40.66,10.165,-3.0,-92.0,89.0,-0.75,-23.0,22.25,5.859,-61.694,67.554,1.465,-15.424,16.888,2026-04-20,2026-04-30,1610612737
1642853,Fleming,4,18.31,4.578,3.0,-72.0,75.0,0.75,-18.0,18.75,2.064,-64.912,66.976,0.516,-16.228,16.744,2026-04-19,2026-04-27,1610612756
1642258,Risacher,3,22.71,7.57,-2.0,-76.0,74.0,-0.667,-25.333,24.667,1.922,-46.604,48.528,0.641,-15.535,16.176,2026-04-18,2026-04-30,1610612737
1627741,Hield,2,13.05,6.525,-15.0,-65.0,50.0,-7.5,-32.5,25.0,-14.198,-46.503,32.307,-7.099,-23.252,16.154,2026-04-28,2026-04-30,1610612737
1629599,Coffey,4,6.21,1.552,5.0,-74.0,79.0,1.25,-18.5,19.75,0.219,-63.069,63.288,0.055,-15.767,15.822,2026-04-19,2026-04-27,1610612756
1641763,Phillips,5,25.39,5.078,4.0,-96.0,100.0,0.8,-19.2,20.0,4.8,-70.884,75.684,0.96,-14.177,15.137,2026-04-23,2026-05-15,1610612750
1642866,Beringer,5,23.15,4.63,1.0,-93.0,94.0,0.2,-18.6,18.8,4.76,-70.844,75.604,0.952,-14.169,15.121,2026-04-23,2026-05-15,1610612750
1631123,Bouyea,4,9.51,2.378,3.0,-72.0,75.0,0.75,-18.0,18.75,-1.897,-60.952,59.055,-0.474,-15.238,14.764,2026-04-19,2026-04-27,1610612756
1631133,Walker,6,29.48,4.913,-1.0,-130.0,129.0,-0.167,-21.667,21.5,13.976,-73.229,87.205,2.329,-12.205,14.534,2026-04-19,2026-05-10,1610612755
1641780,Broome,2,7.73,3.865,4.0,-73.0,77.0,2.0,-36.5,38.5,4.348,-24.598,28.946,2.174,-12.299,14.473,2026-05-04,2026-05-10,1610612755
1641740,Clark,6,57.05,9.508,-3.0,-92.0,89.0,-0.5,-15.333,14.833,8.407,-78.152,86.562,1.401,-13.025,14.427,2026-04-27,2026-05-15,1610612750
1642349,Mitchell,11,316.14,28.74,149.0,1.0,148.0,13.545,0.091,13.455,137.665,-17.139,154.804,12.515,-1.558,14.073,2026-04-19,2026-05-22,1610612760
1641724,Howard,1,2.95,2.95,3.0,-18.0,21.0,3.0,-18.0,21.0,-1.052,-13.792,12.74,-1.052,-13.792,12.74,2026-04-22,2026-04-22,1610612753
1642859,Richardson,1,2.95,2.95,3.0,-18.0,21.0,3.0,-18.0,21.0,-1.052,-13.792,12.74,-1.052,-13.792,12.74,2026-04-22,2026-04-22,1610612753
1642869,Penda,1,2.95,2.95,3.0,-18.0,21.0,3.0,-18.0,21.0,-1.052,-13.792,12.74,-1.052,-13.792,12.74,2026-04-22,2026-04-22,1610612753
1630202,Pritchard,7,230.62,32.946,44.0,-24.0,68.0,6.286,-3.429,9.714,62.795,-22.269,85.066,8.971,-3.181,12.152,2026-04-19,2026-05-02,1610612738
1626157,Towns,19,580.2,30.537,262.0,21.0,241.0,13.789,1.105,12.684,200.592,-30.242,230.833,10.557,-1.592,12.149,2026-04-18,2026-06-13,1610612752
203937,Anderson,8,60.89,7.611,-3.0,-79.0,76.0,-0.375,-9.875,9.5,3.414,-82.022,85.436,0.427,-10.253,10.68,2026-04-18,2026-05-15,1610612750
1629618,Pickett,2,4.19,2.095,0.0,-33.0,33.0,0.0,-16.5,16.5,-0.803,-21.024,20.221,-0.402,-10.512,10.11,2026-04-23,2026-04-25,1610612743
1641747,Holmes II,2,4.19,2.095,0.0,-33.0,33.0,0.0,-16.5,16.5,-0.803,-21.024,20.221,-0.402,-10.512,10.11,2026-04-23,2026-04-25,1610612743
1642261,Knecht,5,18.15,3.63,-2.0,-56.0,54.0,-0.4,-11.2,10.8,-2.259,-51.906,49.646,-0.452,-10.381,9.929,2026-04-26,2026-05-09,1610612747
204060,Ingles,3,13.59,4.53,5.0,-38.0,43.0,1.667,-12.667,14.333,1.362,-28.374,29.736,0.454,-9.458,9.912,2026-04-23,2026-05-06,1610612750
1631218,Jackson-Davis,3,4.01,1.337,-1.0,-2.0,1.0,-0.333,-0.667,0.333,0.133,-29.246,29.378,0.044,-9.749,9.793,2026-04-18,2026-05-03,1610612761
1641711,Dick,3,4.01,1.337,-1.0,-2.0,1.0,-0.333,-0.667,0.333,0.133,-29.246,29.378,0.044,-9.749,9.793,2026-04-18,2026-05-03,1610612761
1642367,Mogbo,3,4.01,1.337,-1.0,-2.0,1.0,-0.333,-0.667,0.333,0.133,-29.246,29.378,0.044,-9.749,9.793,2026-04-18,2026-05-03,1610612761
1641708,Thompson,6,264.45,44.075,7.0,-22.0,29.0,1.167,-3.667,4.833,40.488,-18.219,58.707,6.748,-3.036,9.784,2026-04-18,2026-05-01,1610612745
1641733,Smith Jr.,6,18.17,3.028,-2.0,-52.0,50.0,-0.333,-8.667,8.333,-1.455,-59.66,58.204,-0.242,-9.943,9.701,2026-04-24,2026-05-09,1610612747
1630578,Sengun,6,232.2,38.7,-3.0,-12.0,9.0,-0.5,-2.0,1.5,40.016,-17.746,57.761,6.669,-2.958,9.627,2026-04-18,2026-05-01,1610612745
1642876,Thiero,6,33.55,5.592,-3.0,-60.0,57.0,-0.5,-10.0,9.5,-1.052,-58.343,57.291,-0.175,-9.724,9.548,2026-04-26,2026-05-11,1610612747
1628467,Kleber,3,14.42,4.807,1.0,-48.0,49.0,0.333,-16.0,16.333,-3.255,-31.666,28.413,-1.085,-10.555,9.471,2026-04-26,2026-05-11,1610612747
1631207,Terry,7,39.47,5.639,-7.0,-111.0,104.0,-1.0,-15.857,14.857,6.473,-57.679,64.152,0.925,-8.24,9.165,2026-04-19,2026-05-10,1610612755
1630192,Nnaji,2,19.06,9.53,-3.0,-26.0,23.0,-1.5,-13.0,11.5,-9.632,-27.353,17.721,-4.816,-13.676,8.86,2026-04-23,2026-04-30,1610612743
1642355,James,8,42.43,5.304,1.0,-39.0,40.0,0.125,-4.875,5.0,-1.099,-69.551,68.452,-0.137,-8.694,8.556,2026-04-18,2026-05-09,1610612747
1631128,Braun,6,186.88,31.147,-15.0,-12.0,-3.0,-2.5,-2.0,-0.5,21.254,-29.769,51.024,3.542,-4.962,8.504,2026-04-18,2026-04-30,1610612743
1630570,Watford,7,39.86,5.694,-5.0,-113.0,108.0,-0.714,-16.143,15.429,4.043,-55.249,59.292,0.578,-7.893,8.47,2026-04-19,2026-05-10,1610612755
1629661,Johnson,6,186.36,31.06,-11.0,-16.0,5.0,-1.833,-2.667,0.833,19.925,-28.443,48.368,3.321,-4.74,8.061,2026-04-18,2026-04-30,1610612743
1631321,Cissoko,4,26.14,6.535,8.0,-73.0,81.0,2.0,-18.25,20.25,12.566,-18.962,31.527,3.142,-4.74,7.882,2026-04-19,2026-04-28,1610612757
1628960,Allen,2,37.85,18.925,-1.0,-20.0,19.0,-0.5,-10.0,9.5,4.282,-11.048,15.33,2.141,-5.524,7.665,2026-04-25,2026-04-27,1610612756
1629637,Hayes,10,162.71,16.271,1.0,-50.0,51.0,0.1,-5.0,5.1,0.079,-75.61,75.691,0.008,-7.561,7.569,2026-04-18,2026-05-11,1610612747
1642404,Lanier,3,7.5,2.5,5.0,7.0,-2.0,1.667,2.333,-0.667,5.746,-16.923,22.669,1.915,-5.641,7.556,2026-05-03,2026-05-17,1610612765
1630639,Lawson,7,50.62,7.231,7.0,-19.0,26.0,1.0,-2.714,3.714,6.591,-44.819,51.409,0.942,-6.403,7.344,2026-04-18,2026-05-03,1610612761
1628973,Brunson,19,701.4,36.916,234.0,49.0,185.0,12.316,2.579,9.737,153.498,16.85,136.647,8.079,0.887,7.192,2026-04-18,2026-06-13,1610612752
1641705,Wembanyama,22,750.41,34.11,196.0,-35.0,231.0,8.909,-1.591,10.5,124.755,-32.141,156.894,5.671,-1.461,7.132,2026-04-19,2026-06-13,1610612759
1629312,Highsmith,2,11.28,5.64,-23.0,-24.0,1.0,-11.5,-12.0,0.5,-18.803,-32.991,14.188,-9.402,-16.496,7.094,2026-04-19,2026-04-25,1610612756
1641842,Holland II,9,57.52,6.391,15.0,5.0,10.0,1.667,0.556,1.111,13.064,-49.23,62.292,1.452,-5.47,6.921,2026-04-19,2026-05-17,1610612765
1642449,Smith,3,7.03,2.343,4.0,8.0,-4.0,1.333,2.667,-1.333,4.746,-15.923,20.669,1.582,-5.308,6.89,2026-05-03,2026-05-17,1610612765
201142,Durant,1,40.99,40.99,-2.0,-5.0,3.0,-2.0,-5.0,3.0,8.122,1.245,6.877,8.122,1.245,6.877,2026-04-21,2026-04-21,1610612745
1642863,Maluach,4,45.24,11.31,-13.0,-56.0,43.0,-3.25,-14.0,10.75,-17.874,-44.974,27.1,-4.469,-11.244,6.775,2026-04-19,2026-04-27,1610612756
1642346,Dunn,4,33.79,8.448,-9.0,-60.0,51.0,-2.25,-15.0,12.75,-17.898,-44.952,27.053,-4.474,-11.238,6.763,2026-04-19,2026-04-27,1610612756
1641739,Camara,5,165.09,33.018,-44.0,-18.0,-26.0,-8.8,-3.6,-5.2,12.708,-19.257,31.965,2.542,-3.851,6.393,2026-04-19,2026-04-28,1610612757
202066,Temple,2,1.99,0.995,-3.0,13.0,-16.0,-1.5,6.5,-8.0,-3.0,-15.706,12.706,-1.5,-7.853,6.353,2026-04-23,2026-05-03,1610612761
1631101,Sharpe,5,67.09,13.418,2.0,-64.0,66.0,0.4,-12.8,13.2,12.549,-19.099,31.647,2.51,-3.82,6.329,2026-04-19,2026-04-28,1610612757
203932,Gordon,3,89.33,29.777,-1.0,-9.0,8.0,-0.333,-3.0,2.667,15.441,-2.92,18.362,5.147,-0.973,6.121,2026-04-18,2026-04-25,1610612743
1641737,Bona,10,95.58,9.558,3.0,-121.0,124.0,0.3,-12.1,12.4,-10.034,-70.179,60.146,-1.003,-7.018,6.015,2026-04-19,2026-05-10,1610612755
1628978,DiVincenzo,4,96.19,24.048,45.0,-18.0,63.0,11.25,-4.5,15.75,13.771,-9.854,23.626,3.443,-2.464,5.906,2026-04-18,2026-04-25,1610612750
1641783,da Silva,7,107.32,15.331,-12.0,-21.0,9.0,-1.714,-3.0,1.286,2.712,-38.369,41.081,0.387,-5.481,5.869,2026-04-19,2026-05-03,1610612753
1630538,Hyland,10,115.91,11.591,-17.0,-51.0,34.0,-1.7,-5.1,3.4,-4.235,-61.596,57.361,-0.424,-6.16,5.736,2026-04-18,2026-05-15,1610612750
1631106,Eason,6,195.13,32.522,10.0,-25.0,35.0,1.667,-4.167,5.833,28.004,-5.733,33.737,4.667,-0.955,5.623,2026-04-18,2026-05-01,1610612745
203999,Jokić,6,237.02,39.503,-14.0,-13.0,-1.0,-2.333,-2.167,-0.167,12.349,-20.866,33.215,2.058,-3.478,5.536,2026-04-18,2026-04-30,1610612743
1628369,Tatum,6,218.08,36.347,28.0,1.0,27.0,4.667,0.167,4.5,34.074,1.506,32.569,5.679,0.251,5.428,2026-04-19,2026-04-30,1610612738
1631204,Sasser,6,61.26,10.21,27.0,-13.0,40.0,4.5,-2.167,6.667,9.684,-22.293,31.976,1.614,-3.716,5.329,2026-04-22,2026-05-17,1610612765
1642263,Sheppard,6,192.41,32.068,-8.0,-7.0,-1.0,-1.333,-1.167,-0.167,26.964,-4.695,31.659,4.494,-0.782,5.276,2026-04-18,2026-05-01,1610612745
1641775,Walsh,7,88.72,12.674,39.0,-19.0,58.0,5.571,-2.714,8.286,38.45,2.075,36.376,5.493,0.296,5.197,2026-04-19,2026-05-02,1610612738
1627751,Poeltl,7,134.68,19.24,5.0,-17.0,22.0,0.714,-2.429,3.143,-1.326,-36.902,35.577,-0.189,-5.272,5.082,2026-04-18,2026-05-03,1610612761
1628368,Fox,21,703.85,33.517,118.0,57.0,61.0,5.619,2.714,2.905,100.051,-5.787,105.838,4.764,-0.276,5.04,2026-04-19,2026-06-13,1610612759
1628404,Hart,19,613.82,32.306,201.0,82.0,119.0,10.579,4.316,6.263,130.59,39.756,90.831,6.873,2.092,4.781,2026-04-18,2026-06-13,1610612752
1630532,Wagner,4,121.73,30.432,24.0,-14.0,38.0,6.0,-3.5,9.5,7.85,-9.737,17.588,1.962,-2.434,4.397,2026-04-19,2026-04-27,1610612753
201935,Harden,18,671.94,37.33,7.0,-62.0,69.0,0.389,-3.444,3.833,62.191,-16.219,78.41,3.455,-0.901,4.356,2026-04-18,2026-05-25,1610612739
1630545,Shannon Jr.,9,202.98,22.553,-17.0,-64.0,47.0,-1.889,-7.111,5.222,-17.317,-55.033,37.715,-1.924,-6.115,4.191,2026-04-25,2026-05-15,1610612750
1642419,Battle,6,71.19,11.865,-1.0,-1.0,0.0,-0.167,-0.167,0.0,-2.008,-25.88,23.872,-0.335,-4.313,3.979,2026-04-18,2026-05-03,1610612761
1627936,Caruso,15,352.57,23.505,121.0,-14.0,135.0,8.067,-0.933,9.0,79.346,20.477,58.873,5.29,1.365,3.925,2026-04-19,2026-05-30,1610612760
1629675,Reid,12,323.37,26.948,-15.0,-55.0,40.0,-1.25,-4.583,3.333,-14.15,-59.671,45.519,-1.179,-4.973,3.793,2026-04-18,2026-05-15,1610612750
1629057,Williams III,5,108.28,21.656,4.0,-66.0,70.0,0.8,-13.2,14.0,6.084,-12.633,18.718,1.217,-2.527,3.744,2026-04-19,2026-04-28,1610612757
1628384,Anunoby,17,585.86,34.462,163.0,76.0,87.0,9.588,4.471,5.118,114.096,51.498,62.597,6.712,3.029,3.682,2026-04-18,2026-06-13,1610612752
1630241,Merrill,17,338.24,19.896,5.0,-50.0,55.0,0.294,-2.941,3.235,46.845,-13.874,60.718,2.756,-0.816,3.572,2026-04-18,2026-05-25,1610612739
1629731,Wade,18,407.49,22.638,28.0,-83.0,111.0,1.556,-4.611,6.167,54.579,-8.606,63.186,3.032,-0.478,3.51,2026-04-18,2026-05-25,1610612739
1629020,Vanderbilt,7,75.24,10.749,-7.0,-21.0,14.0,-1.0,-3.0,2.0,-8.042,-31.511,23.468,-1.149,-4.502,3.353,2026-04-18,2026-05-11,1610612747
1628969,Bridges,19,608.15,32.008,195.0,88.0,107.0,10.263,4.632,5.632,116.825,53.521,63.305,6.149,2.817,3.332,2026-04-18,2026-06-13,1610612752
1642873,Williams,1,1.55,1.55,-1.0,-15.0,14.0,-1.0,-15.0,14.0,-1.908,-5.204,3.295,-1.908,-5.204,3.295,2026-04-28,2026-04-28,1610612738
1631243,Gueye,6,50.45,8.408,-31.0,-74.0,43.0,-5.167,-12.333,7.167,-27.392,-46.461,19.069,-4.565,-7.744,3.178,2026-04-18,2026-04-30,1610612737
1642844,Harper,23,615.18,26.747,141.0,32.0,109.0,6.13,1.391,4.739,79.21,13.845,65.36,3.444,0.602,2.842,2026-04-19,2026-06-13,1610612759
1630170,Vassell,23,800.8,34.817,140.0,33.0,107.0,6.087,1.435,4.652,76.505,16.553,59.95,3.326,0.72,2.607,2026-04-19,2026-06-13,1610612759
1642878,Proctor,4,12.82,3.205,-6.0,-60.0,54.0,-1.5,-15.0,13.5,0.924,-9.503,10.427,0.231,-2.376,2.607,2026-04-23,2026-05-25,1610612739
1631104,Wesley,4,4.56,1.14,-3.0,-62.0,59.0,-0.75,-15.5,14.75,1.437,-7.833,9.269,0.359,-1.958,2.317,2026-04-19,2026-04-28,1610612757
1642905,Hansen,4,4.56,1.14,-3.0,-62.0,59.0,-0.75,-15.5,14.75,1.437,-7.833,9.269,0.359,-1.958,2.317,2026-04-19,2026-04-28,1610612757
1628386,Allen,18,529.17,29.398,-7.0,-48.0,41.0,-0.389,-2.667,2.278,43.421,2.552,40.868,2.412,0.142,2.27,2026-04-18,2026-05-25,1610612739
1642845,Edgecombe,11,407.33,37.03,-39.0,-70.0,31.0,-3.545,-6.364,2.818,-31.569,-53.589,22.017,-2.87,-4.872,2.002,2026-04-19,2026-05-10,1610612755
1631230,Barlow,9,95.55,10.617,-51.0,-63.0,12.0,-5.667,-7.0,1.333,-37.551,-55.545,17.998,-4.172,-6.172,2.0,2026-04-19,2026-05-10,1610612755
1631096,Holmgren,15,459.11,30.607,68.0,39.0,29.0,4.533,2.6,1.933,64.497,35.325,29.173,4.3,2.355,1.945,2026-04-19,2026-05-30,1610612760
1630577,Champagnie,23,704.82,30.644,126.0,47.0,79.0,5.478,2.043,3.435,66.863,26.189,40.674,2.907,1.139,1.768,2026-04-19,2026-06-13,1610612759
203468,McCollum,6,192.35,32.058,-61.0,-44.0,-17.0,-10.167,-7.333,-2.833,-32.099,-41.752,9.652,-5.35,-6.959,1.609,2026-04-18,2026-04-30,1610612737
201144,Conley,12,167.81,13.984,-9.0,-61.0,52.0,-0.75,-5.083,4.333,-27.326,-46.495,19.169,-2.277,-3.875,1.597,2026-04-18,2026-05-15,1610612750
1630572,Mamukelashvili,7,103.52,14.789,3.0,-15.0,18.0,0.429,-2.143,2.571,-13.923,-24.305,10.383,-1.989,-3.472,1.483,2026-04-18,2026-05-03,1610612761
1628392,Hartenstein,15,350.97,23.398,55.0,52.0,3.0,3.667,3.467,0.2,60.624,39.198,21.428,4.042,2.613,1.429,2026-04-19,2026-05-30,1610612760
1630249,Krejčí,4,16.38,4.095,-4.0,-61.0,57.0,-1.0,-15.25,14.25,-0.517,-5.879,5.361,-0.129,-1.47,1.34,2026-04-19,2026-04-28,1610612757
1629674,Queta,7,152.04,21.72,3.0,17.0,-14.0,0.429,2.429,-2.0,24.859,15.669,9.192,3.551,2.238,1.313,2026-04-19,2026-05-02,1610612738
1630703,Henderson,5,145.01,29.002,-27.0,-35.0,8.0,-5.4,-7.0,1.6,0.0,-6.547,6.548,0.0,-1.309,1.31,2026-04-19,2026-04-28,1610612757
1628415,Brooks,4,149.27,37.318,-30.0,-39.0,9.0,-7.5,-9.75,2.25,-28.807,-34.043,5.237,-7.202,-8.511,1.309,2026-04-19,2026-04-27,1610612756
1631095,Smith Jr.,6,251.54,41.923,-9.0,-6.0,-3.0,-1.5,-1.0,-0.5,15.055,7.215,7.843,2.509,1.202,1.307,2026-04-18,2026-05-01,1610612745
1629048,Bitadze,6,83.25,13.875,-25.0,14.0,-39.0,-4.167,2.333,-6.5,-9.552,-16.271,6.717,-1.592,-2.712,1.119,2026-04-19,2026-05-01,1610612753
1630595,Cunningham,14,571.53,40.824,35.0,-12.0,47.0,2.5,-0.857,3.357,1.276,-13.111,14.389,0.091,-0.936,1.028,2026-04-19,2026-05-17,1610612765
1641709,Thompson,14,427.19,30.514,3.0,20.0,-17.0,0.214,1.429,-1.214,0.137,-11.973,12.112,0.01,-0.855,0.865,2026-04-19,2026-05-17,1610612765
1631222,LaRavia,8,113.84,14.23,-10.0,-11.0,1.0,-1.25,-1.375,0.125,-21.012,-27.755,6.742,-2.626,-3.469,0.843,2026-04-18,2026-05-07,1610612747
1629130,Robinson,13,383.2,29.477,3.0,24.0,-21.0,0.231,1.846,-1.615,-1.121,-11.549,10.427,-0.086,-0.888,0.802,2026-04-19,2026-05-17,1610612765
1627750,Murray,6,238.17,39.695,-28.0,1.0,-29.0,-4.667,0.167,-4.833,-2.183,-6.335,4.152,-0.364,-1.056,0.692,2026-04-18,2026-04-30,1610612743
1642347,Shead,7,224.0,32.0,13.0,-25.0,38.0,1.857,-3.571,5.429,-16.851,-21.377,4.524,-2.407,-3.054,0.646,2026-04-18,2026-05-03,1610612761
1630194,Reed,9,85.8,9.533,12.0,1.0,11.0,1.333,0.111,1.222,-1.955,-7.453,5.496,-0.217,-0.828,0.611,2026-04-22,2026-05-17,1610612765
203935,Smart,10,344.89,34.489,-27.0,-22.0,-5.0,-2.7,-2.2,-0.5,-35.004,-40.526,5.521,-3.5,-4.053,0.552,2026-04-18,2026-05-11,1610612747
1642270,Clingan,5,107.05,21.41,-45.0,-17.0,-28.0,-9.0,-3.4,-5.6,-2.247,-4.3,2.052,-0.449,-0.86,0.41,2026-04-19,2026-04-28,1610612757
1626145,Jones,3,30.25,10.083,-2.0,-15.0,13.0,-0.667,-5.0,4.333,-10.191,-10.846,0.655,-3.397,-3.615,0.218,2026-04-23,2026-04-30,1610612743
1627747,LeVert,13,215.72,16.594,14.0,-13.0,27.0,1.077,-1.0,2.077,-9.478,-12.191,2.712,-0.729,-0.938,0.209,2026-04-19,2026-05-17,1610612765
1630540,McBride,19,334.41,17.601,141.0,142.0,-1.0,7.421,7.474,-0.053,86.566,83.781,2.784,4.556,4.41,0.147,2026-04-18,2026-06-13,1610612752
1628378,Mitchell,18,652.41,36.245,-52.0,-3.0,-49.0,-2.889,-0.167,-2.722,24.207,21.765,2.444,1.345,1.209,0.136,2026-04-18,2026-05-25,1610612739
1630228,Kuminga,6,155.82,25.97,-56.0,-49.0,-7.0,-9.333,-8.167,-1.167,-36.578,-37.274,0.697,-6.096,-6.212,0.116,2026-04-18,2026-04-30,1610612737
202699,Harris,14,484.96,34.64,10.0,13.0,-3.0,0.714,0.929,-0.214,-5.93,-5.908,-0.022,-0.424,-0.422,-0.002,2026-04-19,2026-05-17,1610612765
203501,Hardaway Jr.,6,139.84,23.307,-5.0,-22.0,17.0,-0.833,-3.667,2.833,-4.892,-3.626,-1.268,-0.815,-0.604,-0.211,2026-04-18,2026-04-30,1610612743
201950,Holiday,5,191.56,38.312,-48.0,-14.0,-34.0,-9.6,-2.8,-6.8,-4.095,-2.453,-1.643,-0.819,-0.491,-0.329,2026-04-19,2026-04-28,1610612757
203083,Drummond,11,141.74,12.885,-37.0,-72.0,35.0,-3.364,-6.545,3.182,-45.067,-40.09,-4.979,-4.097,-3.645,-0.453,2026-04-19,2026-05-10,1610612755
1628379,Kennard,10,326.31,32.631,-11.0,-38.0,27.0,-1.1,-3.8,2.7,-40.947,-34.584,-6.36,-4.095,-3.458,-0.636,2026-04-18,2026-05-11,1610612747
203084,Barnes,20,182.88,9.144,38.0,136.0,-98.0,1.9,6.8,-4.9,41.294,55.412,-14.12,2.065,2.771,-0.706,2026-04-19,2026-06-05,1610612759
1642264,Castle,23,760.43,33.062,74.0,99.0,-25.0,3.217,4.304,-1.087,37.778,55.278,-17.498,1.643,2.403,-0.761,2026-04-19,2026-06-13,1610612759
1630191,Stewart,14,165.44,11.817,6.0,17.0,-11.0,0.429,1.214,-0.786,-11.243,-0.593,-10.65,-0.803,-0.042,-0.761,2026-04-19,2026-05-17,1610612765
1642272,McCain,15,258.32,17.221,39.0,68.0,-29.0,2.6,4.533,-1.933,43.323,56.501,-13.18,2.888,3.767,-0.879,2026-04-19,2026-05-30,1610612760
1630625,Banton,2,4.03,2.015,10.0,9.0,1.0,5.0,4.5,0.5,2.676,4.549,-1.873,1.338,2.275,-0.936,2026-04-26,2026-04-30,1610612738
1629006,Okogie,6,104.42,17.403,-4.0,-11.0,7.0,-0.667,-1.833,1.167,8.29,13.981,-5.692,1.382,2.33,-0.949,2026-04-18,2026-05-01,1610612745
1631105,Duren,14,423.12,30.223,-5.0,28.0,-33.0,-0.357,2.0,-2.357,-14.355,2.519,-16.872,-1.025,0.18,-1.205,2026-04-19,2026-05-17,1610612765
1629622,Strus,18,480.71,26.706,-68.0,13.0,-81.0,-3.778,0.722,-4.5,11.324,34.649,-23.321,0.629,1.925,-1.296,2026-04-18,2026-05-25,1610612739
1631119,Williams,15,240.67,16.045,46.0,61.0,-15.0,3.067,4.067,-1.0,40.112,59.709,-19.598,2.674,3.981,-1.307,2026-04-19,2026-05-30,1610612760
1629656,Grimes,11,243.3,22.118,-67.0,-42.0,-25.0,-6.091,-3.818,-2.273,-49.962,-35.196,-14.768,-4.542,-3.2,-1.343,2026-04-19,2026-05-10,1610612755
1628988,Holiday,6,66.72,11.12,1.0,-16.0,17.0,0.167,-2.667,2.833,6.898,15.373,-8.476,1.15,2.562,-1.413,2026-04-18,2026-05-01,1610612745
203954,Embiid,7,233.16,33.309,-51.0,-26.0,-25.0,-7.286,-3.714,-3.571,-22.863,-12.881,-9.983,-3.266,-1.84,-1.426,2026-04-26,2026-05-10,1610612755
1630596,Mobley,18,639.58,35.532,-74.0,19.0,-93.0,-4.111,1.056,-5.167,10.079,35.891,-25.811,0.56,1.994,-1.434,2026-04-18,2026-05-25,1610612739
1641717,Wallace,15,374.32,24.955,51.0,56.0,-5.0,3.4,3.733,-0.333,39.015,60.806,-21.791,2.601,4.054,-1.453,2026-04-19,2026-05-30,1610612760
1629750,Green,11,132.11,12.01,5.0,32.0,-27.0,0.455,2.909,-2.455,-3.983,12.323,-16.306,-0.362,1.12,-1.482,2026-04-19,2026-05-11,1610612765
202696,Vučević,6,113.9,18.983,9.0,20.0,-11.0,1.5,3.333,-1.833,13.074,22.507,-9.433,2.179,3.751,-1.572,2026-04-19,2026-04-30,1610612738
1631094,Banchero,7,273.14,39.02,-17.0,-16.0,-1.0,-2.429,-2.286,-0.143,-23.381,-12.275,-11.105,-3.34,-1.754,-1.586,2026-04-19,2026-05-03,1610612753
1630573,Hauser,7,164.17,23.453,-17.0,37.0,-54.0,-2.429,5.286,-7.714,14.699,25.827,-11.128,2.1,3.69,-1.59,2026-04-19,2026-05-02,1610612738
1642348,Edwards,9,109.46,12.162,-55.0,-64.0,9.0,-6.111,-7.111,1.0,-46.745,-31.579,-15.165,-5.194,-3.509,-1.685,2026-04-19,2026-05-10,1610612755
1630567,Barnes,7,273.08,39.011,-3.0,-9.0,6.0,-0.429,-1.286,0.857,-25.233,-12.995,-12.238,-3.605,-1.856,-1.748,2026-04-18,2026-05-03,1610612761
1642260,Topic,1,0.66,0.66,-2.0,11.0,-13.0,-2.0,11.0,-13.0,-2.79,-0.935,-1.855,-2.79,-0.935,-1.855,2026-04-27,2026-04-27,1610612760
1629640,Johnson,23,410.81,17.861,31.0,142.0,-111.0,1.348,6.174,-4.826,25.149,67.905,-42.756,1.093,2.952,-1.859,2026-04-19,2026-06-13,1610612759
1628983,Gilgeous-Alexander,15,543.61,36.241,37.0,70.0,-33.0,2.467,4.667,-2.2,35.837,63.985,-28.142,2.389,4.266,-1.876,2026-04-19,2026-05-30,1610612760
1630224,Green,4,150.69,37.672,-42.0,-27.0,-15.0,-10.5,-6.75,-3.75,-35.241,-27.607,-7.635,-8.81,-6.902,-1.909,2026-04-19,2026-04-27,1610612756
1630183,McDaniels,12,405.8,33.817,-58.0,-12.0,-46.0,-4.833,-1.0,-3.833,-49.789,-24.031,-25.758,-4.149,-2.003,-2.146,2026-04-18,2026-05-15,1610612750
1630166,Avdija,5,174.42,34.884,-64.0,2.0,-66.0,-12.8,0.4,-13.2,-9.0,2.451,-11.451,-1.8,0.49,-2.29,2026-04-19,2026-04-28,1610612757
1630217,Bane,7,253.31,36.187,-18.0,-15.0,-3.0,-2.571,-2.143,-0.429,-25.967,-9.688,-16.28,-3.71,-1.384,-2.326,2026-04-19,2026-05-03,1610612753
1642281,Tyson,17,219.5,12.912,-22.0,-22.0,0.0,-1.294,-1.294,0.0,7.417,47.446,-40.029,0.436,2.791,-2.355,2026-04-18,2026-05-25,1610612739
2544,James,10,383.83,38.383,-37.0,-12.0,-25.0,-3.7,-1.2,-2.5,-50.48,-25.049,-25.432,-5.048,-2.505,-2.543,2026-04-18,2026-05-11,1610612747
203944,Randle,12,399.83,33.319,-67.0,-3.0,-64.0,-5.583,-0.25,-5.333,-52.796,-21.026,-31.768,-4.4,-1.752,-2.647,2026-04-18,2026-05-15,1610612750
1641710,Black,7,195.55,27.936,-62.0,29.0,-91.0,-8.857,4.143,-13.0,-27.857,-7.799,-20.057,-3.98,-1.114,-2.865,2026-04-19,2026-05-03,1610612753
1631114,Williams,5,107.09,21.418,20.0,3.0,17.0,4.0,0.6,3.4,14.877,29.858,-14.98,2.975,5.972,-2.996,2026-04-19,2026-05-28,1610612760
1642867,Murray-Boyles,7,192.61,27.516,-12.0,0.0,-12.0,-1.714,0.0,-1.714,-30.458,-7.768,-22.691,-4.351,-1.11,-3.242,2026-04-18,2026-05-03,1610612761
202331,George,11,393.94,35.813,-67.0,-42.0,-25.0,-6.091,-3.818,-2.273,-60.432,-24.724,-35.706,-5.494,-2.248,-3.246,2026-04-19,2026-05-10,1610612755
1628418,Bryant,9,41.28,4.587,-16.0,-47.0,31.0,-1.778,-5.222,3.444,-9.058,20.534,-29.592,-1.006,2.282,-3.288,2026-04-23,2026-05-25,1610612739
1642345,Ighodaro,4,128.63,32.158,-45.0,-24.0,-21.0,-11.25,-6.0,-5.25,-38.26,-24.59,-13.671,-9.565,-6.148,-3.418,2026-04-19,2026-04-27,1610612756
203471,Schröder,17,270.93,15.937,-23.0,5.0,-28.0,-1.353,0.294,-1.647,2.542,63.871,-61.327,0.15,3.757,-3.607,2026-04-18,2026-05-23,1610612739
1630631,Alvarado,18,169.75,9.431,85.0,187.0,-102.0,4.722,10.389,-5.667,48.201,115.589,-67.383,2.678,6.422,-3.743,2026-04-20,2026-06-13,1610612752
1630568,Garza,7,59.18,8.454,13.0,7.0,6.0,1.857,1.0,0.857,6.985,33.541,-26.557,0.998,4.792,-3.794,2026-04-19,2026-05-02,1610612738
1641772,Tomlin,7,19.47,2.781,-5.0,-38.0,33.0,-0.714,-5.429,4.714,-2.043,24.882,-26.924,-0.292,3.555,-3.846,2026-04-18,2026-05-25,1610612739
1641854,Porter Jr.,7,21.21,3.03,-7.0,-36.0,29.0,-1.0,-5.143,4.143,-2.213,25.051,-27.263,-0.316,3.579,-3.895,2026-04-18,2026-05-25,1610612739
1628976,Carter Jr.,7,236.68,33.811,-15.0,-18.0,3.0,-2.143,-2.571,0.429,-32.279,-3.377,-28.9,-4.611,-0.482,-4.129,2026-04-19,2026-05-03,1610612753
1642450,Jenkins,14,316.9,22.636,-23.0,46.0,-69.0,-1.643,3.286,-4.929,-35.594,23.761,-59.357,-2.542,1.697,-4.24,2026-04-19,2026-05-17,1610612765
1629628,Barrett,7,270.92,38.703,4.0,-16.0,20.0,0.571,-2.286,2.857,-34.795,-3.431,-31.365,-4.971,-0.49,-4.481,2026-04-18,2026-05-03,1610612761
203903,Clarkson,18,195.09,10.838,92.0,190.0,-98.0,5.111,10.556,-5.444,43.544,124.229,-80.687,2.419,6.902,-4.483,2026-04-18,2026-06-13,1610612752
1630245,Dosunmu,10,291.89,29.189,-70.0,-14.0,-56.0,-7.0,-1.4,-5.6,-65.773,-20.827,-44.946,-6.577,-2.083,-4.495,2026-04-18,2026-05-15,1610612750
1627759,Brown,7,248.87,35.553,-23.0,43.0,-66.0,-3.286,6.143,-9.429,4.275,36.251,-31.974,0.611,5.179,-4.568,2026-04-19,2026-05-02,1610612738
1631200,Murray,5,25.17,5.034,-13.0,-49.0,36.0,-2.6,-9.8,7.2,-14.796,8.247,-23.042,-2.959,1.649,-4.608,2026-04-19,2026-04-28,1610612757
1628989,Huerter,5,45.72,9.144,4.0,-18.0,22.0,0.8,-3.6,4.4,-10.169,12.893,-23.062,-2.034,2.579,-4.612,2026-04-19,2026-05-13,1610612765
1629216,Vincent,6,93.09,15.515,-59.0,-46.0,-13.0,-9.833,-7.667,-2.167,-51.275,-22.579,-28.695,-8.546,-3.763,-4.782,2026-04-18,2026-04-30,1610612737
1629638,Alexander-Walker,6,212.62,35.437,-81.0,-24.0,-57.0,-13.5,-4.0,-9.5,-51.634,-22.218,-29.414,-8.606,-3.703,-4.902,2026-04-18,2026-04-30,1610612737
1631165,Ellis,12,89.34,7.445,-31.0,-37.0,6.0,-2.583,-3.083,0.5,-19.778,39.209,-58.988,-1.648,3.267,-4.916,2026-04-18,2026-05-25,1610612739
1628401,White,7,250.94,35.849,-24.0,44.0,-68.0,-3.429,6.286,-9.714,3.026,37.499,-34.472,0.432,5.357,-4.925,2026-04-19,2026-05-02,1610612738
1631248,Scheierman,7,99.26,14.18,-3.0,23.0,-26.0,-0.429,3.286,-3.714,1.798,38.726,-36.928,0.257,5.532,-5.275,2026-04-19,2026-05-02,1610612738
1626204,Nance Jr.,2,4.65,2.325,-2.0,-7.0,5.0,-1.0,-3.5,2.5,0.575,11.147,-10.571,0.288,5.573,-5.286,2026-04-18,2026-04-23,1610612739
1630178,Maxey,11,437.17,39.743,-86.0,-23.0,-63.0,-7.818,-2.091,-5.727,-74.14,-11.019,-63.12,-6.74,-1.002,-5.738,2026-04-19,2026-05-10,1610612755
1630591,Suggs,7,248.09,35.441,-34.0,1.0,-35.0,-4.857,0.143,-5.0,-38.087,2.43,-40.517,-5.441,0.347,-5.788,2026-04-19,2026-05-03,1610612753
1626162,Oubre Jr.,11,363.8,33.073,-81.0,-28.0,-53.0,-7.364,-2.545,-4.818,-74.911,-10.247,-64.662,-6.81,-0.932,-5.878,2026-04-19,2026-05-10,1610612755
1642266,Walter,7,224.11,32.016,-49.0,37.0,-86.0,-7.0,5.286,-12.286,-39.764,1.537,-41.303,-5.681,0.22,-5.9,2026-04-18,2026-05-03,1610612761
1630598,Wiggins,13,75.31,5.793,0.0,102.0,-102.0,0.0,7.846,-7.846,2.603,80.697,-78.094,0.2,6.207,-6.007,2026-04-19,2026-05-28,1610612760
1630198,Joe,13,143.13,11.01,-16.0,119.0,-135.0,-1.231,9.154,-10.385,3.721,83.869,-80.148,0.286,6.451,-6.165,2026-04-19,2026-05-28,1610612760
1630168,Okongwu,6,198.77,33.128,-75.0,-30.0,-45.0,-12.5,-5.0,-7.5,-55.706,-18.146,-37.56,-9.284,-3.024,-6.26,2026-04-18,2026-04-30,1610612737
1642868,Bryant,22,186.81,8.491,26.0,149.0,-123.0,1.182,6.773,-5.591,-29.594,114.881,-144.475,-1.345,5.222,-6.567,2026-04-19,2026-06-13,1610612759
1629028,Ayton,10,284.51,28.451,-34.0,-15.0,-19.0,-3.4,-1.5,-1.9,-70.838,-4.691,-66.149,-7.084,-0.469,-6.615,2026-04-18,2026-05-11,1610612747
1628436,Kornet,23,296.07,12.873,-35.0,208.0,-243.0,-1.522,9.043,-10.565,-29.576,122.627,-152.201,-1.286,5.332,-6.617,2026-04-19,2026-06-13,1610612759
1631120,Davison,2,5.24,2.62,1.0,-2.0,3.0,0.5,-1.0,1.5,-3.631,9.767,-13.398,-1.816,4.884,-6.699,2026-04-26,2026-05-01,1610612745
1630256,Tate,5,30.46,6.092,-14.0,-7.0,-7.0,-2.8,-1.4,-1.4,-6.586,29.206,-35.794,-1.317,5.841,-7.159,2026-04-18,2026-05-01,1610612745
1629013,Shamet,19,310.06,16.319,41.0,242.0,-201.0,2.158,12.737,-10.579,16.073,154.275,-138.201,0.846,8.12,-7.274,2026-04-18,2026-06-13,1610612752
1631199,Harper Jr.,6,25.25,4.208,8.0,4.0,4.0,1.333,0.667,0.667,-1.956,42.374,-44.33,-0.326,7.062,-7.388,2026-04-19,2026-05-02,1610612738
202685,Valančiūnas,4,25.0,6.25,-10.0,16.0,-26.0,-2.5,4.0,-6.5,-8.168,21.48,-29.648,-2.042,5.37,-7.412,2026-04-18,2026-04-30,1610612743
1629026,Williams,11,71.89,6.535,-7.0,94.0,-101.0,-0.636,8.545,-9.182,-1.746,80.349,-82.093,-0.159,7.304,-7.463,2026-04-19,2026-05-30,1610612760
1631288,Cain,7,122.93,17.561,-32.0,-1.0,-31.0,-4.571,-0.143,-4.429,-45.189,9.534,-54.722,-6.456,1.362,-7.817,2026-04-19,2026-05-03,1610612753
1630559,Reaves,6,220.68,36.78,-62.0,12.0,-74.0,-10.333,2.0,-12.333,-49.463,-1.421,-48.041,-8.244,-0.237,-8.007,2026-04-29,2026-05-11,1610612747
1631124,Strawther,2,18.23,9.115,-5.0,0.0,-5.0,-2.5,0.0,-2.5,-8.362,7.869,-16.231,-4.181,3.934,-8.116,2026-04-23,2026-04-27,1610612743
1642260,Topić,8,21.33,2.666,-7.0,75.0,-82.0,-0.875,9.375,-10.25,1.514,69.041,-67.527,0.189,8.63,-8.441,2026-04-19,2026-05-28,1610612760
1626220,O'Neale,4,97.4,24.35,-44.0,-25.0,-19.0,-11.0,-6.25,-4.75,-48.333,-14.515,-33.817,-12.083,-3.629,-8.454,2026-04-19,2026-04-27,1610612756
1630162,Edwards,10,324.37,32.437,-80.0,10.0,-90.0,-8.0,1.0,-9.0,-82.078,3.66,-85.738,-8.208,0.366,-8.574,2026-04-18,2026-05-15,1610612750
200768,Lowry,2,2.77,1.385,-3.0,32.0,-35.0,-1.5,16.0,-17.5,-1.232,16.391,-17.622,-0.616,8.196,-8.811,2026-04-28,2026-04-30,1610612755
201145,Green,2,10.54,5.27,-8.0,23.0,-31.0,-4.0,11.5,-15.5,-1.269,16.38,-17.65,-0.635,8.19,-8.825,2026-04-24,2026-04-26,1610612745
203497,Gobert,12,374.5,31.208,-63.0,-7.0,-56.0,-5.25,-0.583,-4.667,-90.942,17.121,-108.063,-7.579,1.427,-9.005,2026-04-18,2026-05-15,1610612750
203482,Olynyk,9,35.03,3.892,5.0,144.0,-139.0,0.556,16.0,-15.444,-0.972,81.293,-82.266,-0.108,9.033,-9.141,2026-04-19,2026-05-28,1610612759
1629011,Robinson,18,251.15,13.953,32.0,245.0,-213.0,1.778,13.611,-11.833,-4.487,160.89,-165.376,-0.249,8.938,-9.188,2026-04-18,2026-06-13,1610612752
1629652,Dort,15,335.04,22.336,-19.0,126.0,-145.0,-1.267,8.4,-9.667,-19.492,119.314,-138.807,-1.299,7.954,-9.254,2026-04-19,2026-05-30,1610612760
1642461,Jones,6,145.32,24.22,-16.0,-11.0,-5.0,-2.667,-1.833,-0.833,-32.198,23.681,-55.878,-5.366,3.947,-9.313,2026-04-18,2026-04-30,1610612743
1642864,González,4,18.75,4.688,9.0,30.0,-21.0,2.25,7.5,-5.25,-3.215,36.727,-39.943,-0.804,9.182,-9.986,2026-04-19,2026-05-02,1610612738
1628971,Brown,6,116.17,19.362,-25.0,-2.0,-23.0,-4.167,-0.333,-3.833,-34.321,25.804,-60.126,-5.72,4.301,-10.021,2026-04-18,2026-04-30,1610612743
1626164,Booker,4,153.11,38.278,-67.0,-2.0,-65.0,-16.75,-0.5,-16.25,-51.974,-10.875,-41.099,-12.994,-2.719,-10.275,2026-04-19,2026-04-27,1610612756
1627742,Ingram,5,148.09,29.618,-20.0,18.0,-38.0,-4.0,3.6,-7.6,-30.981,21.1,-52.082,-6.196,4.22,-10.416,2026-04-18,2026-04-29,1610612761
203924,Grant,5,111.72,22.344,-44.0,-18.0,-26.0,-8.8,-3.6,-5.2,-29.57,23.021,-52.591,-5.914,4.604,-10.518,2026-04-19,2026-04-28,1610612757
1630322,Waters III,9,33.77,3.752,7.0,176.0,-169.0,0.778,19.556,-18.778,-0.943,94.061,-95.003,-0.105,10.451,-10.556,2026-04-19,2026-05-28,1610612759
202687,Biyombo,9,24.73,2.748,0.0,149.0,-149.0,0.0,16.556,-16.556,-8.231,88.768,-96.999,-0.915,9.863,-10.778,2026-04-19,2026-05-28,1610612759
1629060,Hachimura,10,386.29,38.629,-53.0,4.0,-57.0,-5.3,0.4,-5.7,-92.82,17.291,-110.109,-9.282,1.729,-11.011,2026-04-18,2026-05-11,1610612747
1630700,Daniels,6,165.72,27.62,-76.0,-29.0,-47.0,-12.667,-4.833,-7.833,-70.281,-3.572,-66.709,-11.714,-0.595,-11.118,2026-04-18,2026-04-30,1610612737
1629162,McLaughlin,10,46.08,4.608,-2.0,150.0,-152.0,-0.2,15.0,-15.2,-15.482,98.68,-114.162,-1.548,9.868,-11.416,2026-04-26,2026-05-28,1610612759
1629680,Thybulle,4,53.07,13.268,-29.0,-12.0,-17.0,-7.25,-3.0,-4.25,-20.413,25.312,-45.724,-5.103,6.328,-11.431,2026-04-19,2026-04-28,1610612757
1630552,Johnson,6,214.39,35.732,-91.0,-14.0,-77.0,-15.167,-2.333,-12.833,-72.001,-1.851,-70.15,-12.0,-0.309,-11.692,2026-04-18,2026-04-30,1610612737
203486,Plumlee,6,18.39,3.065,-2.0,90.0,-92.0,-0.333,15.0,-15.333,-3.534,67.048,-70.582,-0.589,11.175,-11.764,2026-04-26,2026-05-28,1610612759
1642917,Shulga,2,4.67,2.335,5.0,13.0,-8.0,2.5,6.5,-4.0,2.999,27.227,-24.228,1.5,13.614,-12.114,2026-04-21,2026-04-26,1610612738
1630574,Hukporti,10,75.66,7.566,14.0,213.0,-199.0,1.4,21.3,-19.9,1.99,125.411,-123.422,0.199,12.541,-12.342,2026-04-25,2026-06-13,1610612752
203991,Capela,4,21.79,5.448,-20.0,-20.0,0.0,-5.0,-5.0,0.0,-19.216,33.677,-52.89,-4.804,8.419,-13.222,2026-04-18,2026-05-01,1610612745
1631110,Sochan,8,25.87,3.234,-19.0,150.0,-169.0,-2.375,18.75,-21.125,-12.474,95.527,-108.0,-1.559,11.941,-13.5,2026-04-28,2026-06-13,1610612752
1631221,Gillespie,4,113.75,28.438,-82.0,13.0,-95.0,-20.5,3.25,-23.75,-63.392,0.543,-63.935,-15.848,0.136,-15.984,2026-04-19,2026-04-27,1610612756
1642278,Kolek,8,53.34,6.668,-6.0,238.0,-244.0,-0.75,29.75,-30.5,-14.123,129.327,-143.451,-1.765,16.166,-17.931,2026-04-25,2026-05-25,1610612752
1627827,Finney-Smith,4,49.38,12.345,-26.0,27.0,-53.0,-6.5,6.75,-13.25,-30.908,43.644,-74.553,-7.727,10.911,-18.638,2026-04-24,2026-05-01,1610612745
1642359,Dadiet,7,39.94,5.706,-3.0,219.0,-222.0,-0.429,31.286,-31.714,-8.615,127.008,-135.625,-1.231,18.144,-19.375,2026-04-28,2026-05-25,1610612752
1642885,Diawara,6,42.59,7.098,-12.0,199.0,-211.0,-2.0,33.167,-35.167,-16.474,105.732,-122.207,-2.746,17.622,-20.368,2026-04-25,2026-05-25,1610612752
