player_id,player_name,birthdate,listed_height,height_inches,from_year,draft_year,draft_round,draft_number,draft_overall_pick
3,Grant Long,1966-03-12T00:00:00,6-9,81,1988,1988,2,33,33
26,Luc Longley,1969-01-19T00:00:00,,,1991,1991,1,7,7
28,Doug West,1967-05-27T00:00:00,,,1989,1989,2,38,38
29,Jim McIlvaine,1972-07-30T00:00:00,,,1994,1994,2,32,32
51,Mahmoud Abdul-Rauf,1969-03-09T00:00:00,6-1,73,1990,1990,1,3,3
54,Dickey Simpkins,1972-04-06T00:00:00,,,1994,1994,1,21,21
61,Carl Herrera,1966-12-14T00:00:00,,,1991,1990,2,30,30
64,Sam Perkins,1961-06-14T00:00:00,6-9,81,1984,1984,1,4,4
67,Tom Hammonds,1967-03-27T00:00:00,,,1989,1989,1,9,9
70,Steve Kerr,1965-09-27T00:00:00,6-1,73,1988,1988,2,50,50
76,Cedric Ceballos,1969-08-02T00:00:00,6-7,79,1990,1990,2,48,48
78,LaSalle Thompson,1961-06-23T00:00:00,6-10,82,1982,1982,1,5,5
85,Brent Price,1968-12-09T00:00:00,6-1,73,1992,1992,2,32,32
103,Todd Day,1970-01-07T00:00:00,,,1992,1992,1,8,8
121,Patrick Ewing,1962-08-05T00:00:00,7-0,84,1985,1985,1,1,1
154,Adrian Caldwell,1966-07-04T00:00:00,6-8,80,1989,Undrafted,Undrafted,Undrafted,Undrafted
173,Keith Askins,1967-12-15T00:00:00,6-8,80,1990,Undrafted,Undrafted,Undrafted,Undrafted
177,Muggsy Bogues,1965-01-09T00:00:00,,,1987,1987,1,12,12
178,Olden Polynice,1964-11-21T00:00:00,6-10,82,1987,1987,1,8,8
180,John Crotty,1969-07-15T00:00:00,,,1992,Undrafted,Undrafted,Undrafted,Undrafted
184,Bobby Phills,1969-12-20T00:00:00,6-5,77,1991,1991,2,45,45
194,Anthony Bowie,1963-11-09T00:00:00,6-6,78,1988,1986,3,66,66
195,Lee Mayberry,1970-06-12T00:00:00,6-1,73,1992,1992,1,23,23
199,Reggie Williams,1964-03-05T00:00:00,,,1987,1987,1,4,4
201,Chris Dudley,1965-02-22T00:00:00,6-11,83,1987,1987,4,75,75
202,Gary Grant,1965-04-21T00:00:00,,,1988,1988,1,15,15
204,Jeff Hornacek,1963-05-03T00:00:00,6-4,76,1986,1986,2,46,46
208,Sam Cassell,1969-11-18T00:00:00,6-3,75,1993,1993,1,24,24
219,Vinny Del Negro,1966-08-09T00:00:00,,,1988,1988,2,29,29
223,Bill Curley,1972-05-29T00:00:00,,,1994,1994,1,22,22
244,Dee Brown,1968-11-29T00:00:00,,,1990,1990,1,19,19
247,Joe Dumars,1963-05-24T00:00:00,6-3,75,1985,1985,1,18,18
270,Horace Grant,1965-07-04T00:00:00,6-10,82,1987,1987,1,10,10
302,Mookie Blaylock,1967-03-20T00:00:00,,,1989,1989,1,12,12
328,Rick Mahorn,1958-09-21T00:00:00,6-10,82,1980,1980,2,35,35
341,Joe Wolf,1964-12-17T00:00:00,6-11,83,1987,1987,1,13,13
359,Chucky Brown,1968-02-29T00:00:00,6-8,80,1989,1989,2,43,43
371,Terry Mills,1967-12-21T00:00:00,,,1990,1990,1,16,16
375,Isaiah Rider,1971-03-12T00:00:00,,,1993,1993,1,5,5
380,Tony Smith,1968-06-14T00:00:00,,,1990,1990,2,51,51
381,James Robinson,1970-08-31T00:00:00,,,1993,1993,1,21,21
386,Elliot Perry,1969-03-28T00:00:00,,,1991,1991,2,37,37
397,Reggie Miller,1965-08-24T00:00:00,6-7,79,1987,1987,1,11,11
399,Sean Rooks,1969-09-09T00:00:00,6-10,82,1992,1992,2,30,30
423,Chris Gatling,1967-09-03T00:00:00,,,1991,1991,1,16,16
428,Sherman Douglas,1966-09-15T00:00:00,,,1989,1989,2,28,28
432,Pete Chilcutt,1968-09-14T00:00:00,6-10,82,1991,1991,1,27,27
435,Carlos Rogers,1971-02-06T00:00:00,6-11,83,1994,1994,1,11,11
442,Pervis Ellison,1967-04-03T00:00:00,,,1989,1989,1,1,1
462,J.R. Reid,1968-03-31T00:00:00,,,1989,1989,1,5,5
511,Melvin Booker,1972-08-20T00:00:00,6-2,74,1995,Undrafted,Undrafted,Undrafted,Undrafted
684,Loren Meyer,1972-12-30T00:00:00,6-10,82,1995,1995,1,24,24
694,Sam Mack,1970-05-26T00:00:00,,,1992,Undrafted,Undrafted,Undrafted,Undrafted
695,Eldridge Recasner,1967-12-14T00:00:00,,,1994,1992,,,
697,Fred Hoiberg,1972-10-15T00:00:00,6-5,77,1995,1995,2,52,52
698,Eddie Johnson,1959-05-01T00:00:00,,,1981,1981,2,29,29
702,Voshon Lenard,1973-05-14T00:00:00,6-4,76,1995,1994,2,46,46
706,Jerome Allen,1973-01-28T00:00:00,6-4,76,1995,1995,2,49,49
715,John Coker,1971-10-28T00:00:00,,,1995,Undrafted,Undrafted,Undrafted,Undrafted
732,Ashraf Amaya,1971-11-23T00:00:00,6-8,80,1995,Undrafted,Undrafted,Undrafted,Undrafted
757,Damon Stoudamire,1973-09-03T00:00:00,5-10,70,1995,1995,1,7,7
760,Jerome Kersey,1962-06-26T00:00:00,,,1984,1984,2,46,46
761,Matt Geiger,1969-09-10T00:00:00,,,1992,1992,2,42,42
770,Mark West,1960-11-05T00:00:00,6-10,82,1983,1983,2,30,30
781,Will Perdue,1965-08-29T00:00:00,7-0,84,1988,1988,1,11,11
785,Eric Murdock,1968-06-14T00:00:00,6-1,73,1991,1991,1,21,21
895,Tyrone Corbin,1962-12-31T00:00:00,,,1985,1985,2,35,35
900,Matt Fish,1969-11-18T00:00:00,6-11,83,1994,1992,2,50,50
904,Chris Mullin,1963-07-30T00:00:00,,,1985,1985,1,7,7
911,Ervin Johnson,1967-12-21T00:00:00,6-11,83,1993,1993,1,23,23
915,Rodney Rogers,1971-06-20T00:00:00,6-7,79,1993,1993,1,9,9
927,John Salley,1964-05-16T00:00:00,6-11,83,1986,1986,1,11,11
931,Don MacLean,1970-01-16T00:00:00,,,1992,1992,1,19,19
940,Earl Cureton,1957-09-03T00:00:00,6-9,81,1980,1979,3,58,58
941,Ennis Whatley,1962-08-11T00:00:00,6-3,75,1983,1983,1,13,13
951,Ray Allen,1975-07-20T00:00:00,6-5,77,1996,1996,1,5,5
957,Todd Fuller,1974-07-25T00:00:00,,,1996,1996,1,11,11
967,Brian Evans,1973-09-13T00:00:00,6-8,80,1996,1996,1,27,27
970,Othella Harrington,1974-01-31T00:00:00,6-9,81,1996,1996,2,30,30
992,Marcus Brown,1974-04-03T00:00:00,,,1996,1996,2,46,46
998,Mark Pope,1972-09-11T00:00:00,6-10,82,1997,1996,2,52,52
1035,Shawnelle Scott,1972-06-16T00:00:00,,,1996,1994,2,43,43
1036,Litterial Green,1970-03-07T00:00:00,6-1,73,1992,1992,2,39,39
1037,Stojko Vrankovic,1964-01-22T00:00:00,7-2,86,1990,Undrafted,Undrafted,Undrafted,Undrafted
1041,Nate Driggers,1973-10-12T00:00:00,6-5,77,1996,Undrafted,Undrafted,Undrafted,Undrafted
1055,Ed Stokes,1971-09-03T00:00:00,7-0,84,1997,1993,2,35,35
1070,Devin Gray,1972-05-18T00:00:00,6-7,79,1996,1995,,,
1074,Matt Maloney,1971-12-06T00:00:00,,,1996,Undrafted,Undrafted,Undrafted,Undrafted
1085,Ira Bowman,1973-06-11T00:00:00,,,1999,Undrafted,Undrafted,Undrafted,Undrafted
1096,Ivano Newbill,1970-12-12T00:00:00,6-10,82,1994,1994,,,
1112,Ben Wallace,1974-09-10T00:00:00,6-9,81,1996,Undrafted,Undrafted,Undrafted,Undrafted
1125,Larry Stewart,1968-09-21T00:00:00,6-8,80,1991,Undrafted,Undrafted,Undrafted,Undrafted
1138,Michael Hawkins,1972-10-28T00:00:00,,,1996,Undrafted,Undrafted,Undrafted,Undrafted
1503,Tracy McGrady,1979-05-24T00:00:00,6-8,80,1997,1997,1,9,9
1510,Brevin Knight,1975-11-08T00:00:00,5-10,70,1997,1997,1,16,16
1525,Charles O'Bannon,1975-02-22T00:00:00,6-5,77,1997,1997,2,31,31
1527,Marko Milic,1977-05-05T00:00:00,6-6,78,1997,1997,2,33,33
1528,Bubba Wells,1974-07-26T00:00:00,6-5,77,1997,1997,2,34,34
1532,Jerald Honeycutt,1974-10-20T00:00:00,6-9,81,1997,1997,2,38,38
1540,Eric Washington,1974-03-24T00:00:00,6-4,76,1997,1997,2,46,46
1544,Chris Crawford,1975-05-13T00:00:00,6-9,81,1997,1997,2,50,50
1554,Jamal Robinson,1973-12-27T00:00:00,,,2000,1997,,,
1562,Gerard King,1972-11-25T00:00:00,,,1998,Undrafted,Undrafted,Undrafted,Undrafted
1564,Etdrick Bohannon,1973-05-29T00:00:00,,,1997,Undrafted,Undrafted,Undrafted,Undrafted
1601,Rusty LaRue,1973-12-10T00:00:00,6-3,75,1997,Undrafted,Undrafted,Undrafted,Undrafted
1609,Art Long,1972-10-01T00:00:00,6-9,81,2000,Undrafted,Undrafted,Undrafted,Undrafted
1619,Kiwane Garris,1974-09-24T00:00:00,6-2,74,1997,Undrafted,Undrafted,Undrafted,Undrafted
1682,Reggie Hanson,1968-10-08T00:00:00,6-8,80,1997,1998,,,
1712,Antawn Jamison,1976-06-12T00:00:00,6-9,81,1998,1998,1,4,4
1713,Vince Carter,1977-01-26T00:00:00,6-6,78,1998,1998,1,5,5
1726,Mirsad Turkcan,1976-06-07T00:00:00,6-9,81,1999,1998,1,18,18
1728,Roshown McLeod,1975-11-17T00:00:00,,,1998,1998,1,20,20
1730,Brian Skinner,1976-05-19T00:00:00,6-9,81,1998,1998,1,22,22
1734,Sam Jacobson,1975-07-22T00:00:00,,,1998,1998,1,26,26
1735,Vladimir Stepania,1976-05-08T00:00:00,7-1,85,1998,1998,1,27,27
1737,Nazr Mohammed,1977-09-05T00:00:00,6-10,82,1998,1998,1,29,29
1742,Shammond Williams,1975-04-05T00:00:00,6-1,73,1998,1998,2,34,34
1744,Jerome James,1975-11-17T00:00:00,7-1,85,1998,1998,2,36,36
1757,Cory Carr,1975-12-05T00:00:00,6-4,76,1998,1998,2,49,49
1760,Derrick Dial,1975-12-20T00:00:00,6-4,76,1999,1998,2,52,52
1823,Makhtar N'diaye,1973-12-12T00:00:00,6-8,80,1998,Undrafted,Undrafted,Undrafted,Undrafted
1829,Ike Fontaine,1975-04-16T00:00:00,,,2001,Undrafted,Undrafted,Undrafted,Undrafted
1845,Andrew Gaze,1965-07-24T00:00:00,,,1993,Undrafted,Undrafted,Undrafted,Undrafted
1853,Anthony Carter,1975-06-16T00:00:00,6-1,73,1999,Undrafted,Undrafted,Undrafted,Undrafted
1882,Elton Brand,1979-03-11T00:00:00,6-9,81,1999,1999,1,1,1
1888,Richard Hamilton,1978-02-14T00:00:00,6-7,79,1999,1999,1,7,7
1892,Trajan Langdon,1976-05-13T00:00:00,,,1999,1999,1,11,11
1898,Cal Bowdler,1977-03-31T00:00:00,6-10,82,1999,1999,1,17,17
1907,Vonteego Cummings,1976-02-29T00:00:00,,,1999,1999,1,26,26
1911,John Celestand,1977-03-06T00:00:00,6-3,75,1999,1999,2,30,30
1913,Michael Ruffin,1977-01-21T00:00:00,6-8,80,1999,1999,2,32,32
1922,Francisco Elson,1976-02-28T00:00:00,7-0,84,2003,1999,2,41,41
1930,Lari Ketner,1977-02-01T00:00:00,,,1999,1999,2,49,49
1934,Rodney Buford,1977-11-02T00:00:00,6-5,77,1999,1999,2,53,53
1937,Tim Young,1976-02-06T00:00:00,7-2,86,1999,1999,2,56,56
1944,Eddie Robinson,1976-04-19T00:00:00,6-9,81,1999,Undrafted,Undrafted,Undrafted,Undrafted
1985,Zendon Hamilton,1975-04-29T00:00:00,6-11,83,2000,Undrafted,Undrafted,Undrafted,Undrafted
2033,Marcus Fizer,1978-08-10T00:00:00,,,2000,2000,1,4,4
2036,Chris Mihm,1979-07-16T00:00:00,7-0,84,2000,2000,1,7,7
2042,Courtney Alexander,1977-04-27T00:00:00,6-5,77,2000,2000,1,13,13
2048,Jamaal Magloire,1978-05-21T00:00:00,6-11,83,2000,2000,1,19,19
2050,Morris Peterson,1977-08-26T00:00:00,6-7,79,2000,2000,1,21,21
2058,Mark Madsen,1976-01-28T00:00:00,6-9,81,2000,2000,1,29,29
2062,A.J. Guyton,1978-02-12T00:00:00,6-2,74,2000,2000,2,32,32
2066,Soumaila Samake,1978-03-18T00:00:00,6-10,82,2000,2000,2,36,36
2071,Olumide Oyedeji,1981-05-11T00:00:00,,,2000,2000,2,42,42
2079,Kaniel Dickens,1978-07-21T00:00:00,6-8,80,2003,2000,2,50,50
2081,Ernest Brown,1979-05-17T00:00:00,7-0,84,2001,2000,2,52,52
2092,Ruben Garces,1973-10-17T00:00:00,,,2000,Undrafted,Undrafted,Undrafted,Undrafted
2121,Terrance Roberson,1976-12-30T00:00:00,,,2000,Undrafted,Undrafted,Undrafted,Undrafted
2137,Ime Udoka,1977-08-09T00:00:00,6-5,77,2003,Undrafted,Undrafted,Undrafted,Undrafted
2205,DeSagana Diop,1982-01-30T00:00:00,7-0,84,2001,2001,1,8,8
2208,Kedrick Brown,1981-03-18T00:00:00,6-7,79,2001,2001,1,11,11
2210,Richard Jefferson,1980-06-21T00:00:00,6-7,79,2001,2001,1,13,13
2238,Antonis Fotsis,1981-04-01T00:00:00,6-10,82,2001,2001,2,47,47
2239,Trenton Hassell,1979-03-04T00:00:00,6-5,77,2001,2001,2,29,29
2241,Omar Cook,1982-01-28T00:00:00,6-1,73,2001,2001,2,31,31
2242,Terence Morris,1979-01-11T00:00:00,,,2001,2001,2,33,33
2245,Damone Brown,1979-06-28T00:00:00,6-8,80,2001,2001,2,36,36
2256,Ken Johnson,1978-02-01T00:00:00,6-10,82,2002,2001,2,48,48
2261,Kenny Satterfield,1981-04-10T00:00:00,6-2,74,2001,2001,2,53,53
2294,Charlie Bell,1979-03-12T00:00:00,6-3,75,2001,Undrafted,Undrafted,Undrafted,Undrafted
2369,Norman Richardson,1977-07-24T00:00:00,6-5,77,2001,Undrafted,Undrafted,Undrafted,Undrafted
2403,Nene,1982-09-13T00:00:00,6-11,83,2002,2002,1,7,7
2413,Juan Dixon,1978-10-09T00:00:00,6-3,75,2002,2002,1,17,17
2414,Curtis Borchardt,1980-09-13T00:00:00,7-0,84,2002,2002,1,18,18
2427,Roger Mason Jr.,1980-09-10T00:00:00,6-5,77,2002,2002,2,30,30
2431,David Andersen,1980-06-23T00:00:00,,,2009,2002,2,36,36
2434,Juan Carlos Navarro,1980-06-13T00:00:00,,,2007,2002,2,39,39
2450,Randy Holcomb,1979-08-08T00:00:00,6-9,81,2002,2002,2,56,56
2453,Predrag Savovic,1976-05-21T00:00:00,6-6,78,2002,Undrafted,Undrafted,Undrafted,Undrafted
2471,Mike Batiste,1977-11-21T00:00:00,,,2002,Undrafted,Undrafted,Undrafted,Undrafted
2499,Richie Frahm,1977-08-14T00:00:00,6-5,77,2002,Undrafted,Undrafted,Undrafted,Undrafted
2544,LeBron James,1984-12-30T00:00:00,6-9,81,2003,2003,1,1,1
2548,Dwyane Wade,1982-01-17T00:00:00,6-4,76,2003,2003,1,5,5
2562,Sasha Pavlovic,1983-11-15T00:00:00,6-7,79,2003,2003,1,19,19
2565,Zoran Planinic,1982-09-12T00:00:00,,,2003,2003,1,22,22
2566,Travis Outlaw,1984-09-18T00:00:00,6-9,81,2003,2003,1,23,23
2567,Brian Cook,1980-12-04T00:00:00,6-9,81,2003,2003,1,24,24
2571,Leandro Barbosa,1982-11-28T00:00:00,6-3,75,2003,2003,1,28,28
2594,Kyle Korver,1981-03-17T00:00:00,6-7,79,2003,2003,2,51,51
2599,Brandon Hunter,1980-11-24T00:00:00,6-7,79,2003,2003,2,56,56
2605,Marquis Daniels,1981-01-07T00:00:00,6-6,78,2003,Undrafted,Undrafted,Undrafted,Undrafted
2624,Quinton Ross,1981-04-30T00:00:00,6-6,78,2004,Undrafted,Undrafted,Undrafted,Undrafted
2648,Ronald Dupree,1981-01-26T00:00:00,6-7,79,2003,Undrafted,Undrafted,Undrafted,Undrafted
2679,Matt Carroll,1980-08-28T00:00:00,6-6,78,2003,Undrafted,Undrafted,Undrafted,Undrafted
2682,Alex Garcia,1980-03-04T00:00:00,6-3,75,2003,Undrafted,Undrafted,Undrafted,Undrafted
2738,Andre Iguodala,1984-01-28T00:00:00,6-6,78,2004,2004,1,9,9
2748,Dorell Wright,1985-12-02T00:00:00,6-9,81,2004,2004,1,19,19
2751,Viktor Khryapa,1982-08-03T00:00:00,,,2004,2004,1,22,22
2752,Sergei Monia,1983-04-15T00:00:00,6-8,80,2005,2004,1,23,23
2761,Jackson Vroman,1981-06-06T00:00:00,6-10,82,2004,2004,2,31,31
2775,Ha Ha,1985-08-04T00:00:00,7-3,87,2004,2004,2,46,46
2804,Andres Nocioni,1979-11-30T00:00:00,,,2004,Undrafted,Undrafted,Undrafted,Undrafted
2810,Andre Brown,1981-05-12T00:00:00,6-9,81,2006,Undrafted,Undrafted,Undrafted,Undrafted
2845,Erik Daniels,1982-04-01T00:00:00,,,2004,Undrafted,Undrafted,Undrafted,Undrafted
2857,Andre Barrett,1982-02-21T00:00:00,5-10,70,2004,Undrafted,Undrafted,Undrafted,Undrafted
2876,Jared Reiner,1982-04-08T00:00:00,6-11,83,2004,Undrafted,Undrafted,Undrafted,Undrafted
101108,Chris Paul,1985-05-06T00:00:00,6-0,72,2005,2005,1,4,4
101136,Salim Stoudamire,1982-10-11T00:00:00,6-1,73,2005,2005,2,31,31
101142,Ronny Turiaf,1983-01-13T00:00:00,6-10,82,2005,2005,2,37,37
101144,Von Wafer,1985-07-21T00:00:00,6-5,77,2005,2005,2,39,39
101180,Sarunas Jasikevicius,1976-03-05T00:00:00,,,2005,Undrafted,Undrafted,Undrafted,Undrafted
101194,Anthony Roberson,1983-02-14T00:00:00,6-2,74,2005,Undrafted,Undrafted,Undrafted,Undrafted
101195,Luke Schenscher,1981-12-31T00:00:00,7-1,85,2005,Undrafted,Undrafted,Undrafted,Undrafted
101211,Stephen Graham,1982-06-11T00:00:00,6-6,78,2005,Undrafted,Undrafted,Undrafted,Undrafted
101212,Esteban Batista,1983-09-02T00:00:00,6-10,82,2005,Undrafted,Undrafted,Undrafted,Undrafted
101213,Sharrod Ford,1982-01-09T00:00:00,6-9,81,2005,Undrafted,Undrafted,Undrafted,Undrafted
101232,Roger Powell,1983-01-15T00:00:00,6-6,78,2006,Undrafted,Undrafted,Undrafted,Undrafted
200745,Andrea Bargnani,1985-10-26T00:00:00,7-0,84,2006,2006,1,1,1
200749,Shelden Williams,1983-10-21T00:00:00,6-9,81,2006,2006,1,5,5
200754,Mouhamed Sene,1986-05-12T00:00:00,6-11,83,2006,2006,1,10,10
200755,JJ Redick,1984-06-24T00:00:00,6-3,75,2006,2006,1,11,11
200757,Thabo Sefolosha,1984-05-02T00:00:00,6-6,78,2006,2006,1,13,13
200762,Oleksiy Pecherov,1985-12-08T00:00:00,7-0,84,2007,2006,1,18,18
200768,Kyle Lowry,1986-03-25T00:00:00,6-0,72,2006,2006,1,24,24
200784,Bobby Jones,1984-01-09T00:00:00,6-7,79,2006,2006,2,37,37
200789,Daniel Gibson,1986-02-27T00:00:00,6-2,74,2006,2006,2,42,42
200792,Alexander Johnson,1983-02-08T00:00:00,6-9,81,2006,2006,2,45,45
200797,Ryan Hollins,1984-10-10T00:00:00,7-0,84,2006,2006,2,50,50
200799,Guillermo Diaz,1985-03-04T00:00:00,,,2007,2006,2,52,52
200809,Chris Quinn,1983-09-27T00:00:00,6-2,74,2006,Undrafted,Undrafted,Undrafted,Undrafted
200810,Allan Ray,1984-06-17T00:00:00,,,2006,Undrafted,Undrafted,Undrafted,Undrafted
200818,Justin Williams,1984-05-12T00:00:00,6-10,82,2006,Undrafted,Undrafted,Undrafted,Undrafted
200837,Mike Hall,1984-06-05T00:00:00,6-8,80,2006,Undrafted,Undrafted,Undrafted,Undrafted
200971,Dontell Jefferson,1983-12-15T00:00:00,6-5,77,2008,Undrafted,Undrafted,Undrafted,Undrafted
201142,Kevin Durant,1988-09-29T00:00:00,6-11,83,2007,2007,1,2,2
201143,Al Horford,1986-06-03T00:00:00,6-8,80,2007,2007,1,3,3
201144,Mike Conley,1987-10-11T00:00:00,6-1,73,2007,2007,1,4,4
201145,Jeff Green,1986-08-28T00:00:00,6-8,80,2007,2007,1,5,5
201146,Yi Jianlian,1987-10-27T00:00:00,7-0,84,2007,2007,1,6,6
201148,Brandan Wright,1987-10-05T00:00:00,6-10,82,2007,2007,1,8,8
201155,Rodney Stuckey,1986-04-21T00:00:00,6-5,77,2007,2007,1,15,15
201158,Marco Belinelli,1986-03-25T00:00:00,6-5,77,2007,2007,1,18,18
201164,Rudy Fernandez,1985-04-04T00:00:00,,,2008,2007,1,24,24
201176,Jermareo Davidson,1984-11-15T00:00:00,6-10,82,2007,2007,2,36,36
201177,Josh McRoberts,1987-02-28T00:00:00,6-10,82,2007,2007,2,37,37
201188,Marc Gasol,1985-01-29T00:00:00,6-11,83,2008,2007,2,48,48
201193,Demetris Nichols,1984-09-04T00:00:00,6-8,80,2007,2007,2,53,53
201196,Ramon Sessions,1986-04-11T00:00:00,6-3,75,2007,2007,2,56,56
201235,Courtney Sims,1983-10-21T00:00:00,6-11,83,2007,Undrafted,Undrafted,Undrafted,Undrafted
201238,Mario West,1984-06-19T00:00:00,6-5,77,2007,Undrafted,Undrafted,Undrafted,Undrafted
201563,Michael Beasley,1989-01-09T00:00:00,6-9,81,2008,2008,1,2,2
201565,Derrick Rose,1988-10-04T00:00:00,6-3,75,2008,2008,1,1,1
201566,Russell Westbrook,1988-11-12T00:00:00,6-4,76,2008,2008,1,4,4
201567,Kevin Love,1988-09-07T00:00:00,6-10,82,2008,2008,1,5,5
201569,Eric Gordon,1988-12-25T00:00:00,6-3,75,2008,2008,1,7,7
201572,Brook Lopez,1988-04-01T00:00:00,7-1,85,2008,2008,1,10,10
201573,Jerryd Bayless,1988-08-20T00:00:00,6-3,75,2008,2008,1,11,11
201576,Anthony Randolph,1989-07-15T00:00:00,,,2008,2008,1,14,14
201579,Roy Hibbert,1986-12-11T00:00:00,7-2,86,2008,2008,1,17,17
201580,JaVale McGee,1988-01-19T00:00:00,7-0,84,2008,2008,1,18,18
201581,JJ Hickson,1988-09-04T00:00:00,6-9,81,2008,2008,1,19,19
201585,Kosta Koufos,1989-02-24T00:00:00,7-0,84,2008,2008,1,23,23
201586,Serge Ibaka,1989-09-18T00:00:00,6-11,83,2009,2008,1,24,24
201587,Nicolas Batum,1988-12-14T00:00:00,6-7,79,2008,2008,1,25,25
201595,Joey Dorsey,1983-12-16T00:00:00,,,2008,2008,2,33,33
201599,DeAndre Jordan,1988-07-21T00:00:00,6-11,83,2008,2008,2,35,35
201629,Othello Hunter,1986-05-28T00:00:00,,,2008,Undrafted,Undrafted,Undrafted,Undrafted
201631,Steven Hill,1985-11-14T00:00:00,7-0,84,2008,Undrafted,Undrafted,Undrafted,Undrafted
201821,Trey Gilder,1985-01-24T00:00:00,6-9,81,2009,Undrafted,Undrafted,Undrafted,Undrafted
201858,Cartier Martin,1984-11-20T00:00:00,6-7,79,2008,Undrafted,Undrafted,Undrafted,Undrafted
201935,James Harden,1989-08-26T00:00:00,6-5,77,2009,2009,1,3,3
201937,Ricky Rubio,1990-10-21T00:00:00,6-2,74,2011,2009,1,5,5
201939,Stephen Curry,1988-03-14T00:00:00,6-2,74,2009,2009,1,7,7
201942,DeMar DeRozan,1989-08-07T00:00:00,6-6,78,2009,2009,1,9,9
201943,Brandon Jennings,1989-09-23T00:00:00,6-1,73,2009,2009,1,10,10
201946,Tyler Hansbrough,1985-11-03T00:00:00,,,2009,2009,1,13,13
201947,Earl Clark,1988-01-17T00:00:00,6-10,82,2009,2009,1,14,14
201950,Jrue Holiday,1990-06-12T00:00:00,6-4,76,2009,2009,1,17,17
201959,Taj Gibson,1985-06-24T00:00:00,6-9,81,2009,2009,1,26,26
201964,Victor Claver,1988-08-30T00:00:00,,,2012,2009,1,22,22
201973,Jonas Jerebko,1987-03-02T00:00:00,6-10,82,2009,2009,2,39,39
201981,Taylor Griffin,1986-04-18T00:00:00,6-7,79,2009,2009,2,48,48
201986,Nando De Colo,1987-06-23T00:00:00,6-5,77,2012,2009,2,53,53
201988,Patty Mills,1988-08-11T00:00:00,6-2,74,2009,2009,2,55,55
202066,Garrett Temple,1986-05-08T00:00:00,6-5,77,2009,Undrafted,Undrafted,Undrafted,Undrafted
202091,Dionte Christmas,1986-09-15T00:00:00,,,2013,Undrafted,Undrafted,Undrafted,Undrafted
202197,Shane Edwards,1987-05-31T00:00:00,6-7,79,2013,Undrafted,Undrafted,Undrafted,Undrafted
202327,Ekpe Udoh,1987-05-20T00:00:00,6-10,82,2010,2010,1,6,6
202329,Al-Farouq Aminu,1990-09-21T00:00:00,6-8,80,2010,2010,1,8,8
202331,Paul George,1990-05-02T00:00:00,6-8,80,2010,2010,1,10,10
202334,Ed Davis,1989-06-05T00:00:00,6-9,81,2010,2010,1,13,13
202336,Larry Sanders,1988-11-21T00:00:00,6-11,83,2010,2010,1,15,15
202338,Kevin Seraphin,1989-12-07T00:00:00,6-10,82,2010,2010,1,17,17
202347,Quincy Pondexter,1988-03-10T00:00:00,6-7,79,2010,2010,1,26,26
202353,Tibor Pleiss,1989-11-02T00:00:00,7-3,87,2015,2010,2,31,31
202362,Lance Stephenson,1990-09-05T00:00:00,6-5,77,2010,2010,2,40,40
202396,Samardo Samuels,1989-01-09T00:00:00,,,2010,Undrafted,Undrafted,Undrafted,Undrafted
202397,Ish Smith,1988-07-05T00:00:00,6-0,72,2010,Undrafted,Undrafted,Undrafted,Undrafted
202399,Jeff Adrien,1986-02-10T00:00:00,,,2010,Undrafted,Undrafted,Undrafted,Undrafted
202406,Jerome Dyson,1987-05-01T00:00:00,6-3,75,2011,Undrafted,Undrafted,Undrafted,Undrafted
202498,Lance Thomas,1988-04-24T00:00:00,6-8,80,2011,Undrafted,Undrafted,Undrafted,Undrafted
202685,Jonas Valančiūnas,1992-05-06T00:00:00,6-11,83,2012,2011,1,5,5
202687,Bismack Biyombo,1992-08-28T00:00:00,6-8,80,2011,2011,1,7,7
202691,Klay Thompson,1990-02-08T00:00:00,6-5,77,2011,2011,1,11,11
202694,Marcus Morris Sr.,1989-09-02T00:00:00,6-8,80,2011,2011,1,14,14
202695,Kawhi Leonard,1991-06-29T00:00:00,6-6,78,2011,2011,1,15,15
202696,Nikola Vučević,1990-10-24T00:00:00,6-9,81,2011,2011,1,16,16
202699,Tobias Harris,1992-07-15T00:00:00,6-8,80,2011,2011,1,19,19
202702,Kenneth Faried,1989-11-19T00:00:00,6-8,80,2011,2011,1,22,22
202710,Jimmy Butler III,1989-09-14T00:00:00,6-6,78,2011,2011,1,30,30
202716,Jordan Williams,1990-10-11T00:00:00,6-10,82,2011,2011,2,36,36
202723,Malcolm Lee,1990-05-22T00:00:00,6-5,77,2011,2011,2,43,43
202727,Travis Leslie,1990-03-29T00:00:00,,,2011,2011,2,47,47
202933,Julyan Stone,1988-12-07T00:00:00,6-6,78,2011,Undrafted,Undrafted,Undrafted,Undrafted
202951,Jeremy Pargo,1986-03-17T00:00:00,6-2,74,2011,2009,0,0,0
202970,Gustavo Ayon,1985-04-01T00:00:00,,,2011,Undrafted,Undrafted,Undrafted,Undrafted
203076,Anthony Davis,1993-03-11T00:00:00,6-10,82,2012,2012,1,1,1
203078,Bradley Beal,1993-06-28T00:00:00,6-4,76,2012,2012,1,3,3
203083,Andre Drummond,1993-08-10T00:00:00,6-11,83,2012,2012,1,9,9
203084,Harrison Barnes,1992-05-30T00:00:00,6-7,79,2012,2012,1,7,7
203090,Maurice Harkless,1993-05-11T00:00:00,6-7,79,2012,2012,1,15,15
203092,Tyler Zeller,1990-01-17T00:00:00,6-11,83,2012,2012,1,17,17
203106,Jeffery Taylor,1989-05-23T00:00:00,,,2012,2012,2,31,31
203110,Draymond Green,1990-03-04T00:00:00,6-6,78,2012,2012,2,35,35
203111,Orlando Johnson,1989-03-11T00:00:00,6-5,77,2012,2012,2,36,36
203114,Khris Middleton,1991-08-12T00:00:00,6-7,79,2012,2012,2,39,39
203143,Pablo Prigioni,1977-05-17T00:00:00,6-3,75,2012,Undrafted,Undrafted,Undrafted,Undrafted
203162,Ben Hansbrough,1987-12-23T00:00:00,6-3,75,2012,Undrafted,Undrafted,Undrafted,Undrafted
203468,CJ McCollum,1991-09-19T00:00:00,6-3,75,2013,2013,1,10,10
203471,Dennis Schröder,1993-09-15T00:00:00,6-1,73,2013,2013,1,17,17
203482,Kelly Olynyk,1991-04-19T00:00:00,7-0,84,2013,2013,1,13,13
203484,Kentavious Caldwell-Pope,1993-02-18T00:00:00,6-5,77,2013,2013,1,8,8
203486,Mason Plumlee,1990-03-05T00:00:00,7-0,84,2013,2013,1,22,22
203497,Rudy Gobert,1992-06-26T00:00:00,7-1,85,2013,2013,1,27,27
203498,Shabazz Muhammad,1992-11-13T00:00:00,6-6,78,2013,2013,1,14,14
203500,Steven Adams,1993-07-20T00:00:00,6-11,83,2013,2013,1,12,12
203501,Tim Hardaway Jr.,1992-03-16T00:00:00,6-5,77,2013,2013,1,24,24
203502,Tony Mitchell,1992-04-07T00:00:00,,,2013,2013,2,37,37
203507,Giannis Antetokounmpo,1994-12-06T00:00:00,6-11,83,2013,2013,1,15,15
203511,Grant Jerrett,1993-07-08T00:00:00,6-10,82,2013,2013,2,40,40
203512,Lucas Nogueira,1992-07-26T00:00:00,7-0,84,2014,2013,1,16,16
203517,Nemanja Nedovic,1991-06-16T00:00:00,6-3,75,2013,2013,1,30,30
203519,Adonis Thomas,1993-03-25T00:00:00,6-7,79,2013,Undrafted,Undrafted,Undrafted,Undrafted
203552,Seth Curry,1990-08-23T00:00:00,6-1,73,2013,Undrafted,Undrafted,Undrafted,Undrafted
203565,Patrick Christopher,1988-06-03T00:00:00,,,2014,Undrafted,Undrafted,Undrafted,Undrafted
203648,Thanasis Antetokounmpo,1992-07-18T00:00:00,6-7,79,2015,2014,2,51,51
203705,Josh Magette,1989-11-28T00:00:00,6-1,73,2017,2012,0,0,0
203710,C.J. Williams,1990-02-06T00:00:00,6-5,77,2017,2012,0,0,0
203805,Will Cherry,1991-02-08T00:00:00,,,2014,Undrafted,Undrafted,Undrafted,Undrafted
203810,Casper Ware,1990-01-17T00:00:00,,,2013,Undrafted,Undrafted,Undrafted,Undrafted
203894,Shabazz Napier,1991-07-14T00:00:00,6-0,72,2014,2014,1,24,24
203897,Zach LaVine,1995-03-10T00:00:00,6-5,77,2014,2014,1,13,13
203903,Jordan Clarkson,1992-06-07T00:00:00,6-5,77,2014,2014,2,46,46
203914,Gary Harris,1994-09-14T00:00:00,6-4,76,2014,2014,1,19,19
203917,Nik Stauskas,1993-10-07T00:00:00,6-6,78,2014,2014,1,8,8
203923,James Young,1995-08-16T00:00:00,6-6,78,2014,2014,1,17,17
203924,Jerami Grant,1994-03-12T00:00:00,6-7,79,2014,2014,2,39,39
203926,Doug McDermott,1992-01-03T00:00:00,6-7,79,2014,2014,1,11,11
203932,Aaron Gordon,1995-09-16T00:00:00,6-8,80,2014,2014,1,4,4
203935,Marcus Smart,1994-03-06T00:00:00,6-3,75,2014,2014,1,6,6
203937,Kyle Anderson,1993-09-20T00:00:00,6-8,80,2014,2014,1,30,30
203939,Dwight Powell,1991-07-20T00:00:00,6-10,82,2014,2014,2,45,45
203944,Julius Randle,1994-11-29T00:00:00,6-9,81,2014,2014,1,7,7
203946,Cameron Bairstow,1990-12-07T00:00:00,6-9,81,2014,2014,2,49,49
203948,Johnny O'Bryant III,1993-06-01T00:00:00,6-9,81,2014,2014,2,36,36
203951,Keith Appling,1992-02-13T00:00:00,6-1,73,2015,Undrafted,Undrafted,Undrafted,Undrafted
203952,Andrew Wiggins,1995-02-23T00:00:00,6-6,78,2014,2014,1,1,1
203954,Joel Embiid,1994-03-16T00:00:00,7-0,84,2014,2014,1,3,3
203967,Dario Saric,1994-04-08T00:00:00,6-10,82,2016,2014,1,12,12
203968,Jerrelle Benimon,1991-08-01T00:00:00,,,2014,Undrafted,Undrafted,Undrafted,Undrafted
203991,Clint Capela,1994-05-18T00:00:00,6-10,82,2014,2014,1,25,25
203992,Bogdan Bogdanović,1992-08-18T00:00:00,6-5,77,2017,2014,1,27,27
203994,Jusuf Nurkić,1994-08-23T00:00:00,6-11,83,2014,2014,1,16,16
203995,Vasilije Micic,1994-01-13T00:00:00,6-3,75,2023,2014,2,52,52
203999,Nikola Jokić,1995-02-19T00:00:00,6-11,83,2015,2014,2,41,41
204001,Kristaps Porziņģis,1995-08-02T00:00:00,7-2,86,2015,2015,1,4,4
204054,Zoran Dragic,1989-06-22T00:00:00,6-5,77,2014,Undrafted,Undrafted,Undrafted,Undrafted
204060,Joe Ingles,1987-10-02T00:00:00,6-8,80,2014,Undrafted,Undrafted,Undrafted,Undrafted
204066,John Holland,1988-11-06T00:00:00,6-5,77,2015,Undrafted,Undrafted,Undrafted,Undrafted
204067,Jarell Eddie,1991-10-30T00:00:00,6-7,79,2015,Undrafted,Undrafted,Undrafted,Undrafted
204456,T.J. McConnell,1992-03-25T00:00:00,6-1,73,2015,2015,0,,
1626145,Tyus Jones,1996-05-10T00:00:00,6-0,72,2015,2015,1,24,24
1626156,D'Angelo Russell,1996-02-23T00:00:00,6-3,75,2015,2015,1,2,2
1626157,Karl-Anthony Towns,1995-11-15T00:00:00,7-0,84,2015,2015,1,1,1
1626162,Kelly Oubre Jr.,1995-12-09T00:00:00,6-8,80,2015,2015,1,15,15
1626164,Devin Booker,1996-10-30T00:00:00,6-5,77,2015,2015,1,13,13
1626166,Cameron Payne,1994-08-08T00:00:00,6-2,74,2015,2015,1,14,14
1626167,Myles Turner,1996-03-24T00:00:00,6-11,83,2015,2015,1,11,11
1626168,Trey Lyles,1995-11-05T00:00:00,6-9,81,2015,2015,1,12,12
1626169,Stanley Johnson,1996-05-29T00:00:00,6-6,78,2015,2015,1,8,8
1626170,Jerian Grant,1992-10-09T00:00:00,6-4,76,2015,2015,1,19,19
1626171,Bobby Portis,1995-02-10T00:00:00,6-9,81,2015,2015,1,22,22
1626172,Kevon Looney,1996-02-06T00:00:00,6-9,81,2015,2015,1,30,30
1626178,Rondae Hollis-Jefferson,1995-01-03T00:00:00,6-6,78,2015,2015,1,23,23
1626181,Norman Powell,1993-05-25T00:00:00,6-3,75,2015,2015,2,46,46
1626183,Branden Dawson,1993-02-01T00:00:00,6-6,78,2015,2015,2,56,56
1626184,Chasson Randle,1993-02-05T00:00:00,6-2,74,2016,2015,,,
1626192,Pat Connaughton,1993-01-06T00:00:00,6-5,77,2015,2015,2,41,41
1626204,Larry Nance Jr.,1993-01-01T00:00:00,6-6,78,2015,2015,1,27,27
1626220,Royce O'Neale,1993-06-05T00:00:00,6-6,78,2017,Undrafted,Undrafted,Undrafted,Undrafted
1626242,Luis Montero,1993-04-06T00:00:00,6-7,79,2015,Undrafted,Undrafted,Undrafted,Undrafted
1626257,Salah Mejri,1986-06-15T00:00:00,7-2,86,2015,Undrafted,Undrafted,Undrafted,Undrafted
1626643,Jacob Pullen,1989-11-10T00:00:00,6-1,73,2017,Undrafted,Undrafted,Undrafted,Undrafted
1627734,Domantas Sabonis,1996-05-03T00:00:00,6-10,82,2016,2016,1,11,11
1627738,Deyonta Davis,1996-12-02T00:00:00,6-11,83,2016,2016,2,31,31
1627739,Kris Dunn,1994-03-18T00:00:00,6-3,75,2016,2016,1,5,5
1627741,Buddy Hield,1992-12-17T00:00:00,6-4,76,2016,2016,1,6,6
1627742,Brandon Ingram,1997-09-02T00:00:00,6-8,80,2016,2016,1,2,2
1627746,Skal Labissiere,1996-03-18T00:00:00,6-10,82,2016,2016,1,28,28
1627747,Caris LeVert,1994-08-25T00:00:00,6-7,79,2016,2016,1,20,20
1627749,Dejounte Murray,1996-09-19T00:00:00,6-4,76,2016,2016,1,29,29
1627750,Jamal Murray,1997-02-23T00:00:00,6-4,76,2016,2016,1,7,7
1627751,Jakob Poeltl,1995-10-15T00:00:00,7-0,84,2016,2016,1,9,9
1627752,Taurean Prince,1994-03-22T00:00:00,6-6,78,2016,2016,1,12,12
1627753,Zhou Qi,1996-01-16T00:00:00,7-1,85,2017,2016,2,43,43
1627759,Jaylen Brown,1996-10-24T00:00:00,6-6,78,2016,2016,1,3,3
1627762,Joel Bolomboy,1994-01-28T00:00:00,6-9,81,2016,2016,2,52,52
1627763,Malcolm Brogdon,1992-12-11T00:00:00,6-4,76,2016,2016,2,36,36
1627773,AJ Hammons,1992-08-27T00:00:00,7-0,84,2016,2016,2,46,46
1627780,Gary Payton II,1992-12-01T00:00:00,6-2,74,2016,Undrafted,Undrafted,Undrafted,Undrafted
1627783,Pascal Siakam,1994-04-02T00:00:00,6-8,80,2016,2016,1,27,27
1627787,Kyle Wiltjer,1992-10-20T00:00:00,6-10,82,2016,Undrafted,Undrafted,Undrafted,Undrafted
1627817,Tim Quarterman,1994-10-27T00:00:00,6-6,78,2016,2016,,,
1627819,Isaiah Taylor,1994-07-11T00:00:00,6-3,75,2016,2016,,,
1627822,Petr Cornelie,1995-07-26T00:00:00,6-11,83,2021,2016,2,53,53
1627823,Juancho Hernangomez,1995-09-28T00:00:00,6-9,81,2016,2016,1,15,15
1627824,Guerschon Yabusele,1995-12-17T00:00:00,6-7,79,2016,2016,1,16,16
1627826,Ivica Zubac,1997-03-18T00:00:00,7-0,84,2016,2016,2,32,32
1627827,Dorian Finney-Smith,1993-05-04T00:00:00,6-7,79,2016,Undrafted,Undrafted,Undrafted,Undrafted
1627832,Fred VanVleet,1994-02-25T00:00:00,6-0,72,2016,Undrafted,Undrafted,Undrafted,Undrafted
1627884,Derrick Jones Jr.,1997-02-15T00:00:00,6-6,78,2016,Undrafted,Undrafted,Undrafted,Undrafted
1627936,Alex Caruso,1994-02-28T00:00:00,6-5,77,2017,Undrafted,Undrafted,Undrafted,Undrafted
1628021,David Nwaba,1993-01-14T00:00:00,6-5,77,2016,Undrafted,Undrafted,Undrafted,Undrafted
1628366,Lonzo Ball,1997-10-27T00:00:00,6-5,77,2017,2017,1,2,2
1628368,De'Aaron Fox,1997-12-20T00:00:00,6-3,75,2017,2017,1,5,5
1628369,Jayson Tatum,1998-03-03T00:00:00,6-8,80,2017,2017,1,3,3
1628370,Malik Monk,1998-02-04T00:00:00,6-3,75,2017,2017,1,11,11
1628371,Jonathan Isaac,1997-10-03T00:00:00,6-10,82,2017,2017,1,6,6
1628374,Lauri Markkanen,1997-05-22T00:00:00,7-1,85,2017,2017,1,7,7
1628378,Donovan Mitchell,1996-09-07T00:00:00,6-2,74,2017,2017,1,13,13
1628379,Luke Kennard,1996-06-24T00:00:00,6-5,77,2017,2017,1,12,12
1628380,Zach Collins,1997-11-19T00:00:00,6-9,81,2017,2017,1,10,10
1628381,John Collins,1997-09-23T00:00:00,6-9,81,2017,2017,1,19,19
1628382,Justin Jackson,1995-03-28T00:00:00,6-8,80,2017,2017,1,15,15
1628384,OG Anunoby,1997-07-17T00:00:00,6-7,79,2017,2017,1,23,23
1628386,Jarrett Allen,1998-04-21T00:00:00,6-9,81,2017,2017,1,22,22
1628389,Bam Adebayo,1997-07-18T00:00:00,6-9,81,2017,2017,1,14,14
1628392,Isaiah Hartenstein,1998-05-05T00:00:00,7-0,84,2018,2017,2,43,43
1628393,Jawun Evans,1996-07-26T00:00:00,6-0,72,2017,2017,2,39,39
1628396,Tony Bradley,1998-01-08T00:00:00,6-10,82,2017,2017,1,28,28
1628397,Ivan Rabb,1997-02-04T00:00:00,6-10,82,2017,2017,2,35,35
1628398,Kyle Kuzma,1995-07-24T00:00:00,6-8,80,2017,2017,1,27,27
1628401,Derrick White,1994-07-02T00:00:00,6-4,76,2017,2017,1,29,29
1628404,Josh Hart,1995-03-06T00:00:00,6-5,77,2017,2017,1,30,30
1628415,Dillon Brooks,1996-01-22T00:00:00,6-7,79,2017,2017,2,45,45
1628418,Thomas Bryant,1997-07-31T00:00:00,6-9,81,2017,2017,2,42,42
1628420,Monte Morris,1995-06-27T00:00:00,6-2,74,2017,2017,2,51,51
1628424,Kobi Simmons,1997-07-04T00:00:00,6-5,77,2017,Undrafted,Undrafted,Undrafted,Undrafted
1628426,Sasha Vezenkov,1995-08-06T00:00:00,6-8,80,2023,2017,2,57,57
1628435,Chance Comanche,1996-04-14T00:00:00,6-10,82,2022,Undrafted,Undrafted,Undrafted,Undrafted
1628436,Luke Kornet,1995-07-15T00:00:00,7-1,85,2017,Undrafted,Undrafted,Undrafted,Undrafted
1628449,Chris Boucher,1993-01-11T00:00:00,6-8,80,2017,Undrafted,Undrafted,Undrafted,Undrafted
1628450,Eric Mika,1995-01-05T00:00:00,6-10,82,2019,2017,,,
1628467,Maxi Kleber,1992-01-29T00:00:00,6-10,82,2017,Undrafted,Undrafted,Undrafted,Undrafted
1628499,Antonius Cleveland,1994-02-02T00:00:00,6-5,77,2017,Undrafted,Undrafted,Undrafted,Undrafted
1628502,Nigel Hayes-Davis,1994-12-16T00:00:00,6-7,79,2017,Undrafted,Undrafted,Undrafted,Undrafted
1628518,Amile Jefferson,1993-05-07T00:00:00,6-9,81,2017,2017,,,
1628539,Mychal Mulder,1994-06-12T00:00:00,6-3,75,2019,Undrafted,Undrafted,Undrafted,Undrafted
1628681,Rodney Purvis,1994-02-14T00:00:00,6-4,76,2017,Undrafted,Undrafted,Undrafted,Undrafted
1628769,Tahjere McCall,1994-08-17T00:00:00,6-5,77,2018,2017,0,,
1628960,Grayson Allen,1995-10-08T00:00:00,6-3,75,2018,2018,1,21,21
1628963,Marvin Bagley III,1999-03-14T00:00:00,6-10,82,2018,2018,1,2,2
1628964,Mo Bamba,1998-05-12T00:00:00,7-0,84,2018,2018,1,6,6
1628966,Keita Bates-Diop,1996-01-23T00:00:00,6-8,80,2018,2018,2,48,48
1628969,Mikal Bridges,1996-08-30T00:00:00,6-6,78,2018,2018,1,10,10
1628970,Miles Bridges,1998-03-21T00:00:00,6-7,79,2018,2018,1,12,12
1628971,Bruce Brown,1996-08-15T00:00:00,6-4,76,2018,2018,2,42,42
1628973,Jalen Brunson,1996-08-31T00:00:00,6-2,74,2018,2018,2,33,33
1628975,Jevon Carter,1995-09-14T00:00:00,6-0,72,2018,2018,2,32,32
1628976,Wendell Carter Jr.,1999-04-16T00:00:00,6-10,82,2018,2018,1,7,7
1628978,Donte DiVincenzo,1997-01-31T00:00:00,6-4,76,2018,2018,1,17,17
1628983,Shai Gilgeous-Alexander,1998-07-12T00:00:00,6-6,78,2018,2018,1,11,11
1628985,Devon Hall,1995-07-07T00:00:00,6-5,77,2019,2018,2,53,53
1628988,Aaron Holiday,1996-09-30T00:00:00,6-0,72,2018,2018,1,23,23
1628989,Kevin Huerter,1998-08-27T00:00:00,6-6,78,2018,2018,1,19,19
1628991,Jaren Jackson Jr.,1999-09-15T00:00:00,6-10,82,2018,2018,1,4,4
1628993,Alize Johnson,1996-04-22T00:00:00,6-8,80,2018,2018,2,50,50
1628997,Caleb Martin,1995-09-28T00:00:00,6-5,77,2019,Undrafted,Undrafted,Undrafted,Undrafted
1628998,Cody Martin,1995-09-28T00:00:00,6-6,78,2019,2019,2,36,36
1629001,De'Anthony Melton,1998-05-28T00:00:00,6-2,74,2018,2018,2,46,46
1629004,Svi Mykhailiuk,1997-06-10T00:00:00,6-7,79,2018,2018,2,47,47
1629006,Josh Okogie,1998-09-01T00:00:00,6-4,76,2018,2018,1,20,20
1629008,Michael Porter Jr.,1998-06-29T00:00:00,6-10,82,2018,2018,1,14,14
1629010,Jerome Robinson,1997-02-22T00:00:00,6-5,77,2018,2018,1,13,13
1629011,Mitchell Robinson,1998-04-01T00:00:00,7-0,84,2018,2018,2,36,36
1629012,Collin Sexton,1999-01-04T00:00:00,6-3,75,2018,2018,1,8,8
1629013,Landry Shamet,1997-03-13T00:00:00,6-5,77,2018,2018,1,26,26
1629014,Anfernee Simons,1999-06-08T00:00:00,6-3,75,2018,2018,1,24,24
1629017,Khyri Thomas,1996-05-08T00:00:00,6-3,75,2018,2018,2,38,38
1629018,Gary Trent Jr.,1999-01-18T00:00:00,6-5,77,2018,2018,2,37,37
1629020,Jarred Vanderbilt,1999-04-03T00:00:00,6-8,80,2018,2018,2,41,41
1629021,Moritz Wagner,1997-04-26T00:00:00,6-11,83,2018,2018,1,25,25
1629023,P.J. Washington,1998-08-23T00:00:00,6-7,79,2019,2019,1,12,12
1629026,Kenrich Williams,1994-12-02T00:00:00,6-7,79,2018,Undrafted,Undrafted,Undrafted,Undrafted
1629027,Trae Young,1998-09-19T00:00:00,6-2,74,2018,2018,1,5,5
1629028,Deandre Ayton,1998-07-23T00:00:00,7-0,84,2018,2018,1,1,1
1629029,Luka Dončić,1999-02-28T00:00:00,6-8,80,2018,2018,1,3,3
1629048,Goga Bitadze,1999-07-20T00:00:00,6-11,83,2019,2019,1,18,18
1629057,Robert Williams III,1997-10-17T00:00:00,6-9,81,2018,2018,1,27,27
1629060,Rui Hachimura,1998-02-08T00:00:00,6-8,80,2019,2019,1,9,9
1629076,Tyler Cook,1997-09-23T00:00:00,6-8,80,2019,Undrafted,Undrafted,Undrafted,Undrafted
1629098,Jack McVeigh,1996-06-27T00:00:00,6-8,80,2024,Undrafted,Undrafted,Undrafted,Undrafted
1629109,Gary Clark,1994-11-16T00:00:00,6-6,78,2018,Undrafted,Undrafted,Undrafted,Undrafted
1629111,Jock Landale,1995-10-25T00:00:00,6-11,83,2021,Undrafted,Undrafted,Undrafted,Undrafted
1629123,Jared Terrell,1995-02-10T00:00:00,6-3,75,2018,Undrafted,Undrafted,Undrafted,Undrafted
1629130,Duncan Robinson,1994-04-22T00:00:00,6-7,79,2018,Undrafted,Undrafted,Undrafted,Undrafted
1629139,Yuta Watanabe,1994-10-13T00:00:00,6-9,81,2018,Undrafted,Undrafted,Undrafted,Undrafted
1629162,Jordan McLaughlin,1996-04-09T00:00:00,5-11,71,2019,Undrafted,Undrafted,Undrafted,Undrafted
1629168,BJ Johnson,1995-12-21T00:00:00,6-6,78,2018,Undrafted,Undrafted,Undrafted,Undrafted
1629216,Gabe Vincent,1996-06-14T00:00:00,6-2,74,2019,Undrafted,Undrafted,Undrafted,Undrafted
1629232,Kaiser Gates,1996-11-08T00:00:00,6-7,79,2023,2018,,,
1629234,Drew Eubanks,1997-02-01T00:00:00,6-10,82,2018,Undrafted,Undrafted,Undrafted,Undrafted
1629312,Haywood Highsmith,1996-12-09T00:00:00,6-5,77,2018,2018,,,
1629599,Amir Coffey,1997-06-17T00:00:00,6-7,79,2019,Undrafted,Undrafted,Undrafted,Undrafted
1629606,Robert Franks,1996-12-18T00:00:00,6-7,79,2020,2019,,,
1629611,Terance Mann,1996-10-18T00:00:00,6-6,78,2019,2019,2,48,48
1629614,Andrew Nembhard,2000-01-16T00:00:00,6-4,76,2022,2022,2,31,31
1629618,Jalen Pickett,1999-10-22T00:00:00,6-2,74,2023,2023,2,32,32
1629627,Zion Williamson,2000-07-06T00:00:00,6-6,78,2019,2019,1,1,1
1629628,RJ Barrett,2000-06-14T00:00:00,6-6,78,2019,2019,1,3,3
1629630,Ja Morant,1999-08-10T00:00:00,6-2,74,2019,2019,1,2,2
1629631,De'Andre Hunter,1997-12-02T00:00:00,6-7,79,2019,2019,1,4,4
1629632,Coby White,2000-02-16T00:00:00,6-4,76,2019,2019,1,7,7
1629634,Brandon Clarke,1996-09-19T00:00:00,6-8,80,2019,2019,1,21,21
1629636,Darius Garland,2000-01-26T00:00:00,6-1,73,2019,2019,1,5,5
1629637,Jaxson Hayes,2000-05-23T00:00:00,7-0,84,2019,2019,1,8,8
1629638,Nickeil Alexander-Walker,1998-09-02T00:00:00,6-5,77,2019,2019,1,17,17
1629639,Tyler Herro,2000-01-20T00:00:00,6-5,77,2019,2019,1,13,13
1629640,Keldon Johnson,1999-10-11T00:00:00,6-6,78,2019,2019,1,29,29
1629643,Chuma Okeke,1998-08-18T00:00:00,6-7,79,2020,2019,1,16,16
1629645,Kevin Porter Jr.,2000-05-04T00:00:00,6-5,77,2019,2019,1,30,30
1629646,Charles Bassey,2000-10-28T00:00:00,6-10,82,2021,2021,2,53,53
1629651,Nic Claxton,1999-04-17T00:00:00,6-11,83,2019,2019,2,31,31
1629652,Luguentz Dort,1999-04-19T00:00:00,6-4,76,2019,Undrafted,Undrafted,Undrafted,Undrafted
1629655,Daniel Gafford,1998-10-01T00:00:00,6-10,82,2019,2019,2,38,38
1629656,Quentin Grimes,2000-05-08T00:00:00,6-5,77,2021,2021,1,25,25
1629657,Kyle Guy,1997-08-11T00:00:00,6-1,73,2019,2019,2,55,55
1629660,Ty Jerome,1997-07-08T00:00:00,6-5,77,2019,2019,1,24,24
1629661,Cameron Johnson,1996-03-03T00:00:00,6-8,80,2019,2019,1,11,11
1629662,Mfiondu Kabengele,1997-08-14T00:00:00,6-10,82,2019,2019,1,27,27
1629668,Zach Norvell Jr.,1997-12-09T00:00:00,6-5,77,2019,2019,,,
1629673,Jordan Poole,1999-06-19T00:00:00,6-4,76,2019,2019,1,28,28
1629674,Neemias Queta,1999-07-13T00:00:00,7-0,84,2021,2021,2,39,39
1629675,Naz Reid,1999-08-26T00:00:00,6-9,81,2019,Undrafted,Undrafted,Undrafted,Undrafted
1629680,Matisse Thybulle,1997-03-04T00:00:00,6-5,77,2019,2019,1,20,20
1629681,Killian Tillie,1998-03-05T00:00:00,6-9,81,2020,Undrafted,Undrafted,Undrafted,Undrafted
1629683,Quinndary Weatherspoon,1996-09-10T00:00:00,6-3,75,2019,2019,2,49,49
1629684,Grant Williams,1998-11-30T00:00:00,6-7,79,2019,2019,1,22,22
1629723,John Konchar,1996-03-22T00:00:00,6-5,77,2019,Undrafted,Undrafted,Undrafted,Undrafted
1629726,Garrison Mathews,1996-10-24T00:00:00,6-5,77,2019,Undrafted,Undrafted,Undrafted,Undrafted
1629729,Josh Reaves,1997-06-04T00:00:00,6-4,76,2019,Undrafted,Undrafted,Undrafted,Undrafted
1629731,Dean Wade,1996-11-20T00:00:00,6-9,81,2019,Undrafted,Undrafted,Undrafted,Undrafted
1629735,Chris Silva,1996-09-19T00:00:00,6-8,80,2019,Undrafted,Undrafted,Undrafted,Undrafted
1629741,Marko Guduric,1995-03-08T00:00:00,6-6,78,2019,Undrafted,Undrafted,Undrafted,Undrafted
1629745,Tariq Owens,1995-06-30T00:00:00,6-10,82,2019,Undrafted,Undrafted,Undrafted,Undrafted
1629750,Javonte Green,1993-07-23T00:00:00,6-5,77,2019,Undrafted,Undrafted,Undrafted,Undrafted
1630162,Anthony Edwards,2001-08-05T00:00:00,6-4,76,2020,2020,1,1,1
1630163,LaMelo Ball,2001-08-22T00:00:00,6-7,79,2020,2020,1,3,3
1630164,James Wiseman,2001-03-31T00:00:00,6-11,83,2020,2020,1,2,2
1630165,Killian Hayes,2001-07-27T00:00:00,6-4,76,2020,2020,1,7,7
1630166,Deni Avdija,2001-01-03T00:00:00,6-8,80,2020,2020,1,9,9
1630167,Obi Toppin,1998-03-04T00:00:00,6-9,81,2020,2020,1,8,8
1630168,Onyeka Okongwu,2000-12-11T00:00:00,6-10,82,2020,2020,1,6,6
1630170,Devin Vassell,2000-08-23T00:00:00,6-5,77,2020,2020,1,11,11
1630171,Isaac Okoro,2001-01-26T00:00:00,6-4,76,2020,2020,1,5,5
1630172,Patrick Williams,2001-08-26T00:00:00,6-6,78,2020,2020,1,4,4
1630173,Precious Achiuwa,1999-09-19T00:00:00,6-8,80,2020,2020,1,20,20
1630174,Aaron Nesmith,1999-10-16T00:00:00,6-5,77,2020,2020,1,14,14
1630175,Cole Anthony,2000-05-15T00:00:00,6-2,74,2020,2020,1,15,15
1630178,Tyrese Maxey,2000-11-04T00:00:00,6-2,74,2020,2020,1,21,21
1630180,Saddiq Bey,1999-04-09T00:00:00,6-8,80,2020,2020,1,19,19
1630182,Josh Green,2000-11-16T00:00:00,6-6,78,2020,2020,1,18,18
1630183,Jaden McDaniels,2000-09-29T00:00:00,6-9,81,2020,2020,1,28,28
1630184,Kira Lewis Jr.,2001-04-06T00:00:00,6-1,73,2020,2020,1,13,13
1630188,Jalen Smith,2000-03-16T00:00:00,6-8,80,2020,2020,1,10,10
1630190,Elijah Hughes,1998-03-10T00:00:00,6-5,77,2020,2020,2,39,39
1630191,Isaiah Stewart,2001-05-22T00:00:00,6-8,80,2020,2020,1,16,16
1630192,Zeke Nnaji,2001-01-09T00:00:00,6-10,82,2020,2020,1,22,22
1630193,Immanuel Quickley,1999-06-17T00:00:00,6-2,74,2020,2020,1,25,25
1630194,Paul Reed,1999-06-14T00:00:00,6-9,81,2020,2020,2,58,58
1630196,Filip Petrusev,2000-04-15T00:00:00,6-11,83,2023,2021,2,50,50
1630198,Isaiah Joe,1999-07-02T00:00:00,6-4,76,2020,2020,2,49,49
1630200,Tre Jones,2000-01-08T00:00:00,6-1,73,2020,2020,2,41,41
1630201,Malachi Flynn,1998-05-09T00:00:00,6-1,73,2020,2020,1,29,29
1630202,Payton Pritchard,1998-01-28T00:00:00,6-1,73,2020,2020,1,26,26
1630206,Jay Scrubb,2000-09-01T00:00:00,6-5,77,2020,2020,2,55,55
1630207,Nate Hinton,1999-06-08T00:00:00,6-5,77,2020,Undrafted,Undrafted,Undrafted,Undrafted
1630208,Nick Richards,1997-11-29T00:00:00,6-11,83,2020,2020,2,42,42
1630214,Xavier Tillman,1999-01-12T00:00:00,6-8,80,2020,2020,2,35,35
1630217,Desmond Bane,1998-06-25T00:00:00,6-6,78,2020,2020,1,30,30
1630224,Jalen Green,2002-02-09T00:00:00,6-4,76,2021,2021,1,2,2
1630228,Jonathan Kuminga,2002-10-06T00:00:00,6-7,79,2021,2021,1,7,7
1630230,Naji Marshall,1998-01-24T00:00:00,6-6,78,2020,Undrafted,Undrafted,Undrafted,Undrafted
1630233,Nathan Knight,1997-09-20T00:00:00,6-8,80,2020,Undrafted,Undrafted,Undrafted,Undrafted
1630241,Sam Merrill,1996-05-15T00:00:00,6-4,76,2020,2020,2,60,60
1630245,Ayo Dosunmu,2000-01-17T00:00:00,6-4,76,2021,2021,2,38,38
1630249,Vít Krejčí,2000-06-19T00:00:00,6-8,80,2021,2020,2,37,37
1630256,Jae'Sean Tate,1995-10-28T00:00:00,6-4,76,2020,Undrafted,Undrafted,Undrafted,Undrafted
1630259,Jordan Ford,1998-05-26T00:00:00,6-1,73,2023,Undrafted,Undrafted,Undrafted,Undrafted
1630264,Anthony Gill,1992-10-17T00:00:00,6-7,79,2020,Undrafted,Undrafted,Undrafted,Undrafted
1630271,Brodric Thomas,1997-01-28T00:00:00,6-5,77,2020,Undrafted,Undrafted,Undrafted,Undrafted
1630283,Kylor Kelley,1997-08-26T00:00:00,7-0,84,2024,Undrafted,Undrafted,Undrafted,Undrafted
1630285,Zavier Simpson,1997-02-11T00:00:00,6-0,72,2021,Undrafted,Undrafted,Undrafted,Undrafted
1630286,Trevon Scott,1996-11-25T00:00:00,6-8,80,2021,Undrafted,Undrafted,Undrafted,Undrafted
1630311,Pat Spencer,1996-07-04T00:00:00,6-2,74,2023,Undrafted,Undrafted,Undrafted,Undrafted
1630314,Brandon Williams,1999-11-22T00:00:00,6-1,73,2021,Undrafted,Undrafted,Undrafted,Undrafted
1630322,Lindy Waters III,1997-07-28T00:00:00,6-5,77,2021,Undrafted,Undrafted,Undrafted,Undrafted
1630346,Matt Ryan,1997-04-17T00:00:00,6-6,78,2021,Undrafted,Undrafted,Undrafted,Undrafted
1630525,David Johnson,2001-02-26T00:00:00,6-4,76,2021,2021,2,47,47
1630526,Jeremiah Robinson-Earl,2000-11-03T00:00:00,6-9,81,2021,2021,2,32,32
1630529,Herbert Jones,1998-10-06T00:00:00,6-7,79,2021,2021,2,35,35
1630530,Trey Murphy III,2000-06-18T00:00:00,6-8,80,2021,2021,1,17,17
1630532,Franz Wagner,2001-08-27T00:00:00,6-10,82,2021,2021,1,8,8
1630533,Ziaire Williams,2001-09-12T00:00:00,6-9,81,2021,2021,1,10,10
1630534,Ochai Agbaji,2000-04-20T00:00:00,6-5,77,2022,2022,1,14,14
1630536,Sharife Cooper,2001-06-11T00:00:00,6-0,72,2021,2021,2,48,48
1630538,Bones Hyland,2000-09-14T00:00:00,6-2,74,2021,2021,1,26,26
1630540,Miles McBride,2000-09-08T00:00:00,6-2,74,2021,2021,2,36,36
1630541,Moses Moody,2002-05-31T00:00:00,6-5,77,2021,2021,1,14,14
1630542,Marcus Bagley,2001-10-23T00:00:00,6-6,78,2024,Undrafted,Undrafted,Undrafted,Undrafted
1630543,Isaiah Jackson,2002-01-10T00:00:00,6-8,80,2021,2021,1,22,22
1630544,Tre Mann,2001-02-03T00:00:00,6-4,76,2021,2021,1,18,18
1630545,Terrence Shannon Jr.,2000-07-30T00:00:00,6-6,78,2024,2024,1,27,27
1630547,James Bouknight,2000-09-18T00:00:00,6-4,76,2021,2021,1,11,11
1630548,Johnny Juzang,2001-03-17T00:00:00,6-7,79,2022,Undrafted,Undrafted,Undrafted,Undrafted
1630549,Day'Ron Sharpe,2001-11-06T00:00:00,6-10,82,2021,2021,1,29,29
1630551,Justin Champagnie,2001-06-29T00:00:00,6-6,78,2021,Undrafted,Undrafted,Undrafted,Undrafted
1630552,Jalen Johnson,2001-12-18T00:00:00,6-8,80,2021,2021,1,20,20
1630556,Kessler Edwards,2000-08-09T00:00:00,6-7,79,2021,2021,2,44,44
1630557,Corey Kispert,1999-03-03T00:00:00,6-6,78,2021,2021,1,15,15
1630558,Davion Mitchell,1998-09-05T00:00:00,6-0,72,2021,2021,1,9,9
1630559,Austin Reaves,1998-05-29T00:00:00,6-5,77,2021,Undrafted,Undrafted,Undrafted,Undrafted
1630560,Cam Thomas,2001-10-13T00:00:00,6-3,75,2021,2021,1,27,27
1630562,Matt Hurt,2000-04-20T00:00:00,6-9,81,2023,Undrafted,Undrafted,Undrafted,Undrafted
1630567,Scottie Barnes,2001-08-01T00:00:00,6-8,80,2021,2021,1,4,4
1630568,Luka Garza,1998-12-27T00:00:00,6-10,82,2021,2021,2,52,52
1630570,Trendon Watford,2000-11-09T00:00:00,6-8,80,2021,Undrafted,Undrafted,Undrafted,Undrafted
1630572,Sandro Mamukelashvili,1999-05-23T00:00:00,6-9,81,2021,2021,2,54,54
1630573,Sam Hauser,1997-12-08T00:00:00,6-7,79,2021,Undrafted,Undrafted,Undrafted,Undrafted
1630574,Ariel Hukporti,2002-04-12T00:00:00,7-0,84,2024,2024,2,58,58
1630577,Julian Champagnie,2001-06-29T00:00:00,6-7,79,2022,Undrafted,Undrafted,Undrafted,Undrafted
1630578,Alperen Sengun,2002-07-25T00:00:00,6-11,83,2021,2021,1,16,16
1630579,Jericho Sims,1998-10-20T00:00:00,6-10,82,2021,2021,2,58,58
1630581,Josh Giddey,2002-10-10T00:00:00,6-7,79,2021,2021,1,6,6
1630583,Santi Aldama,2001-01-10T00:00:00,7-0,84,2021,2021,1,30,30
1630587,Isaiah Livers,1998-07-28T00:00:00,6-6,78,2021,2021,2,42,42
1630590,Scotty Pippen Jr.,2000-11-10T00:00:00,6-2,74,2022,Undrafted,Undrafted,Undrafted,Undrafted
1630591,Jalen Suggs,2001-06-03T00:00:00,6-5,77,2021,2021,1,5,5
1630592,Jalen Wilson,2000-11-04T00:00:00,6-6,78,2023,2023,2,51,51
1630595,Cade Cunningham,2001-09-25T00:00:00,6-6,78,2021,2021,1,1,1
1630596,Evan Mobley,2001-06-18T00:00:00,6-11,83,2021,2021,1,3,3
1630598,Aaron Wiggins,1999-01-02T00:00:00,6-5,77,2021,2021,2,55,55
1630604,E.J. Liddell,2000-12-18T00:00:00,6-6,78,2022,2022,2,41,41
1630605,JaQuori McLaughlin,1998-01-29T00:00:00,6-4,76,2021,Undrafted,Undrafted,Undrafted,Undrafted
1630610,DeJon Jarreau,1998-01-23T00:00:00,6-5,77,2021,Undrafted,Undrafted,Undrafted,Undrafted
1630611,Gui Santos,2002-06-22T00:00:00,6-7,79,2023,2022,2,55,55
1630618,D.J. Carton,2000-08-05T00:00:00,6-3,75,2023,Undrafted,Undrafted,Undrafted,Undrafted
1630619,Moussa Cisse,2002-09-10T00:00:00,6-11,83,2025,Undrafted,Undrafted,Undrafted,Undrafted
1630621,Hunter Dickinson,2000-11-25T00:00:00,7-1,85,2025,Undrafted,Undrafted,Undrafted,Undrafted
1630622,Jalen Crutcher,1999-07-18T00:00:00,6-1,73,2023,Undrafted,Undrafted,Undrafted,Undrafted
1630623,Tyson Etienne,1999-09-17T00:00:00,6-0,72,2024,Undrafted,Undrafted,Undrafted,Undrafted
1630625,Dalano Banton,1999-11-07T00:00:00,6-8,80,2021,2021,2,46,46
1630631,Jose Alvarado,1998-04-12T00:00:00,6-0,72,2021,Undrafted,Undrafted,Undrafted,Undrafted
1630639,A.J. Lawson,2000-07-15T00:00:00,6-6,78,2022,Undrafted,Undrafted,Undrafted,Undrafted
1630641,Ibou Badji,2002-10-13T00:00:00,7-0,84,2022,Undrafted,Undrafted,Undrafted,Undrafted
1630643,Jay Huff,1997-08-25T00:00:00,7-1,85,2021,Undrafted,Undrafted,Undrafted,Undrafted
1630644,Mac McClung,1999-01-06T00:00:00,6-2,74,2021,Undrafted,Undrafted,Undrafted,Undrafted
1630649,Stanley Umude,1999-04-12T00:00:00,6-6,78,2022,Undrafted,Undrafted,Undrafted,Undrafted
1630658,Colin Castleton,2000-05-25T00:00:00,6-10,82,2023,Undrafted,Undrafted,Undrafted,Undrafted
1630679,Ethan Thompson,1999-05-04T00:00:00,6-4,76,2024,Undrafted,Undrafted,Undrafted,Undrafted
1630692,Jordan Goodwin,1998-10-23T00:00:00,6-3,75,2021,Undrafted,Undrafted,Undrafted,Undrafted
1630695,Micah Potter,1998-04-06T00:00:00,6-9,81,2021,Undrafted,Undrafted,Undrafted,Undrafted
1630696,Dru Smith,1997-12-30T00:00:00,6-2,74,2022,Undrafted,Undrafted,Undrafted,Undrafted
1630699,MarJon Beauchamp,2000-10-12T00:00:00,6-7,79,2021,2022,1,24,24
1630700,Dyson Daniels,2003-03-17T00:00:00,6-7,79,2021,2022,1,8,8
1630702,Jaden Hardy,2002-07-05T00:00:00,6-3,75,2021,2022,2,37,37
1630703,Scoot Henderson,2004-02-03T00:00:00,6-3,75,2021,2023,1,3,3
1630762,Phillip Wheeler,2002-04-23T00:00:00,6-8,80,2024,Undrafted,Undrafted,Undrafted,Undrafted
1630811,Keaton Wallace,1999-02-26T00:00:00,6-3,75,2024,Undrafted,Undrafted,Undrafted,Undrafted
1630828,Alex Antetokounmpo,2001-08-27T00:00:00,6-8,80,2025,Undrafted,Undrafted,Undrafted,Undrafted
1630929,Henri Drell,2000-04-25T00:00:00,6-9,81,2023,Undrafted,Undrafted,Undrafted,Undrafted
1630994,Gabriel Lundberg,1994-12-04T00:00:00,6-4,76,2021,Undrafted,Undrafted,Undrafted,Undrafted
1631093,Jaden Ivey,2002-02-13T00:00:00,6-3,75,2022,2022,1,5,5
1631094,Paolo Banchero,2002-11-12T00:00:00,6-10,82,2022,2022,1,1,1
1631095,Jabari Smith Jr.,2003-05-13T00:00:00,6-11,83,2022,2022,1,3,3
1631096,Chet Holmgren,2002-05-01T00:00:00,7-1,85,2022,2022,1,2,2
1631097,Bennedict Mathurin,2002-06-19T00:00:00,6-5,77,2022,2022,1,6,6
1631099,Keegan Murray,2000-08-19T00:00:00,6-8,80,2022,2022,1,4,4
1631101,Shaedon Sharpe,2003-05-30T00:00:00,6-5,77,2022,2022,1,7,7
1631102,TyTy Washington Jr.,2001-11-15T00:00:00,6-3,75,2022,2022,1,29,29
1631103,Malaki Branham,2003-05-12T00:00:00,6-4,76,2022,2022,1,20,20
1631104,Blake Wesley,2003-03-16T00:00:00,6-4,76,2022,2022,1,25,25
1631105,Jalen Duren,2003-11-18T00:00:00,6-10,82,2022,2022,1,13,13
1631106,Tari Eason,2001-05-10T00:00:00,6-8,80,2022,2022,1,17,17
1631107,Nikola Jović,2003-06-09T00:00:00,6-10,82,2022,2022,1,27,27
1631108,Max Christie,2003-02-10T00:00:00,6-5,77,2022,2022,2,35,35
1631109,Mark Williams,2001-12-16T00:00:00,7-1,85,2022,2022,1,15,15
1631110,Jeremy Sochan,2003-05-20T00:00:00,6-8,80,2022,2022,1,9,9
1631111,Wendell Moore Jr.,2001-09-18T00:00:00,6-5,77,2022,2022,1,26,26
1631114,Jalen Williams,2001-04-14T00:00:00,6-5,77,2022,2022,1,12,12
1631115,Orlando Robinson,2000-07-10T00:00:00,6-10,82,2022,Undrafted,Undrafted,Undrafted,Undrafted
1631116,Patrick Baldwin Jr.,2002-11-18T00:00:00,7-0,84,2022,2022,1,28,28
1631117,Walker Kessler,2001-07-26T00:00:00,7-2,86,2022,2022,1,22,22
1631119,Jaylin Williams,2002-06-29T00:00:00,6-9,81,2022,2022,2,34,34
1631120,JD Davison,2002-10-03T00:00:00,6-1,73,2022,2022,2,53,53
1631121,Bryce McGowens,2002-11-08T00:00:00,6-6,78,2022,2022,2,40,40
1631123,Jamaree Bouyea,1999-06-27T00:00:00,6-2,74,2022,Undrafted,Undrafted,Undrafted,Undrafted
1631124,Julian Strawther,2002-04-18T00:00:00,6-6,78,2023,2023,1,29,29
1631126,Caleb Love,2001-09-27T00:00:00,6-3,75,2025,Undrafted,Undrafted,Undrafted,Undrafted
1631127,Harrison Ingram,2002-11-27T00:00:00,6-5,77,2024,2024,2,48,48
1631128,Christian Braun,2001-04-17T00:00:00,6-6,78,2022,2022,1,21,21
1631131,Oscar Tshiebwe,1999-11-27T00:00:00,6-8,80,2023,Undrafted,Undrafted,Undrafted,Undrafted
1631132,Christian Koloko,2000-06-20T00:00:00,6-11,83,2022,2022,2,33,33
1631133,Jabari Walker,2002-07-30T00:00:00,6-7,79,2022,2022,2,57,57
1631157,Ryan Rollins,2002-07-03T00:00:00,6-3,75,2022,2022,2,44,44
1631159,Leonard Miller,2003-11-26T00:00:00,6-10,82,2022,2023,2,33,33
1631165,Keon Ellis,2000-01-08T00:00:00,6-4,76,2022,Undrafted,Undrafted,Undrafted,Undrafted
1631166,Drew Timme,2000-09-09T00:00:00,6-9,81,2024,Undrafted,Undrafted,Undrafted,Undrafted
1631167,Izaiah Brockington,1999-07-12T00:00:00,6-4,76,2023,Undrafted,Undrafted,Undrafted,Undrafted
1631169,Josh Minott,2002-11-25T00:00:00,6-8,80,2022,2022,2,45,45
1631170,Jaime Jaquez Jr.,2001-02-18T00:00:00,6-6,78,2023,2023,1,18,18
1631172,Ousmane Dieng,2003-05-21T00:00:00,6-9,81,2022,2022,1,11,11
1631173,Terquavion Smith,2002-12-31T00:00:00,6-4,76,2023,Undrafted,Undrafted,Undrafted,Undrafted
1631174,Tyler Burton,2000-02-11T00:00:00,6-7,79,2025,Undrafted,Undrafted,Undrafted,Undrafted
1631197,Jared Rhoden,1999-08-27T00:00:00,6-5,77,2022,Undrafted,Undrafted,Undrafted,Undrafted
1631199,Ron Harper Jr.,2000-04-12T00:00:00,6-5,77,2022,Undrafted,Undrafted,Undrafted,Undrafted
1631200,Kris Murray,2000-08-19T00:00:00,6-8,80,2023,2023,1,23,23
1631204,Marcus Sasser,2000-09-21T00:00:00,6-1,73,2023,2023,1,25,25
1631205,Buddy Boeheim,1999-11-11T00:00:00,6-5,77,2022,Undrafted,Undrafted,Undrafted,Undrafted
1631207,Dalen Terry,2002-07-12T00:00:00,6-6,78,2022,2022,1,18,18
1631209,Isaiah Wong,2001-01-28T00:00:00,6-3,75,2023,2023,2,55,55
1631210,Jacob Toppin,2000-05-08T00:00:00,6-9,81,2023,Undrafted,Undrafted,Undrafted,Undrafted
1631211,Trevor Keels,2003-08-26T00:00:00,6-3,75,2022,2022,2,42,42
1631212,Peyton Watson,2002-09-11T00:00:00,6-8,80,2022,2022,1,30,30
1631213,Tyrese Martin,1999-03-07T00:00:00,6-6,78,2022,2022,2,51,51
1631214,Alondes Williams,1999-06-19T00:00:00,6-4,76,2022,Undrafted,Undrafted,Undrafted,Undrafted
1631216,Caleb Houstan,2003-01-09T00:00:00,6-8,80,2022,2022,2,32,32
1631217,Moussa Diabaté,2002-01-21T00:00:00,6-10,82,2022,2022,2,43,43
1631218,Trayce Jackson-Davis,2000-02-22T00:00:00,6-9,81,2023,2023,2,57,57
1631219,John Butler Jr.,2002-12-04T00:00:00,7-0,84,2022,Undrafted,Undrafted,Undrafted,Undrafted
1631221,Collin Gillespie,1999-06-25T00:00:00,6-1,73,2022,Undrafted,Undrafted,Undrafted,Undrafted
1631222,Jake LaRavia,2001-11-03T00:00:00,6-7,79,2022,2022,1,19,19
1631223,David Roddy,2001-03-27T00:00:00,6-5,77,2022,2022,1,23,23
1631230,Dominick Barlow,2003-05-26T00:00:00,6-9,81,2022,Undrafted,Undrafted,Undrafted,Undrafted
1631232,Keion Brooks Jr.,2000-08-07T00:00:00,6-7,79,2024,Undrafted,Undrafted,Undrafted,Undrafted
1631241,Javon Freeman-Liberty,1999-10-20T00:00:00,6-3,75,2023,Undrafted,Undrafted,Undrafted,Undrafted
1631243,Mouhamed Gueye,2002-11-09T00:00:00,6-11,83,2023,2023,2,39,39
1631245,Quenton Jackson,1998-09-15T00:00:00,6-4,76,2022,Undrafted,Undrafted,Undrafted,Undrafted
1631246,Vince Williams Jr.,2000-08-30T00:00:00,6-4,76,2022,2022,2,47,47
1631247,Luke Travers,2001-09-03T00:00:00,6-6,78,2024,2022,2,56,56
1631248,Baylor Scheierman,2000-09-26T00:00:00,6-6,78,2024,2024,1,30,30
1631250,Pete Nance,2000-02-19T00:00:00,6-9,81,2023,Undrafted,Undrafted,Undrafted,Undrafted
1631255,Karlo Matković,2001-03-30T00:00:00,6-10,82,2024,2022,2,52,52
1631257,Jermaine Samuels Jr.,1998-11-13T00:00:00,6-6,78,2023,Undrafted,Undrafted,Undrafted,Undrafted
1631260,AJ Green,1999-09-27T00:00:00,6-4,76,2022,Undrafted,Undrafted,Undrafted,Undrafted
1631262,Jules Bernard,2000-01-21T00:00:00,6-6,78,2023,Undrafted,Undrafted,Undrafted,Undrafted
1631288,Jamal Cain,1999-03-20T00:00:00,6-7,79,2022,Undrafted,Undrafted,Undrafted,Undrafted
1631301,Jaylen Sims,1998-12-11T00:00:00,6-6,78,2024,Undrafted,Undrafted,Undrafted,Undrafted
1631303,Justin Minaya,1999-03-26T00:00:00,6-5,77,2022,Undrafted,Undrafted,Undrafted,Undrafted
1631309,Trevor Hudgins,1999-03-23T00:00:00,6-0,72,2022,Undrafted,Undrafted,Undrafted,Undrafted
1631321,Sidy Cissoko,2004-04-02T00:00:00,6-6,78,2022,2023,2,44,44
1631323,Simone Fontecchio,1995-12-09T00:00:00,6-7,79,2022,Undrafted,Undrafted,Undrafted,Undrafted
1631338,Mouhamadou Gueye,1998-07-06T00:00:00,6-9,81,2023,Undrafted,Undrafted,Undrafted,Undrafted
1631342,Daeqwon Plowden,1998-08-29T00:00:00,6-4,76,2024,Undrafted,Undrafted,Undrafted,Undrafted
1631351,Lucas Williamson,1999-01-28T00:00:00,6-4,76,2025,Undrafted,Undrafted,Undrafted,Undrafted
1631367,Jacob Gilyard,1998-07-14T00:00:00,5-8,68,2022,Undrafted,Undrafted,Undrafted,Undrafted
1631376,Dmytro Skapintsev,1998-05-12T00:00:00,7-1,85,2023,Undrafted,Undrafted,Undrafted,Undrafted
1631386,Tazé Moore,1998-06-29T00:00:00,6-5,77,2023,Undrafted,Undrafted,Undrafted,Undrafted
1631451,Javonte Cooke,1999-07-11T00:00:00,6-6,78,2025,Undrafted,Undrafted,Undrafted,Undrafted
1631457,Alex Morales,1997-11-21T00:00:00,6-6,78,2025,Undrafted,Undrafted,Undrafted,Undrafted
1631466,Nate Williams,1999-02-12T00:00:00,6-5,77,2022,Undrafted,Undrafted,Undrafted,Undrafted
1631495,Donovan Williams,2001-09-06T00:00:00,6-6,78,2022,Undrafted,Undrafted,Undrafted,Undrafted
1641645,Xavier Cooks,1995-08-19T00:00:00,6-8,80,2022,Undrafted,Undrafted,Undrafted,Undrafted
1641705,Victor Wembanyama,2004-01-04T00:00:00,7-4,88,2023,2023,1,1,1
1641706,Brandon Miller,2002-11-22T00:00:00,6-7,79,2023,2023,1,2,2
1641707,Taylor Hendricks,2003-11-22T00:00:00,6-9,81,2023,2023,1,9,9
1641708,Amen Thompson,2003-01-30T00:00:00,6-7,79,2023,2023,1,4,4
1641709,Ausar Thompson,2003-01-30T00:00:00,6-7,79,2023,2023,1,5,5
1641710,Anthony Black,2004-01-20T00:00:00,6-7,79,2023,2023,1,6,6
1641711,Gradey Dick,2003-11-20T00:00:00,6-7,79,2023,2023,1,13,13
1641712,Rayan Rupert,2004-05-31T00:00:00,6-7,79,2023,2023,2,43,43
1641713,GG Jackson,2004-12-17T00:00:00,6-9,81,2023,2023,2,45,45
1641715,Cam Whitmore,2004-07-08T00:00:00,6-6,78,2023,2023,1,20,20
1641716,Jarace Walker,2003-09-04T00:00:00,6-7,79,2023,2023,1,8,8
1641717,Cason Wallace,2003-11-07T00:00:00,6-3,75,2023,2023,1,10,10
1641718,Keyonte George,2003-11-08T00:00:00,6-4,76,2023,2023,1,16,16
1641720,Jalen Hood-Schifino,2003-06-19T00:00:00,6-5,77,2023,2023,1,17,17
1641721,Maxwell Lewis,2002-07-27T00:00:00,6-7,79,2023,2023,2,40,40
1641722,Jordan Hawkins,2002-04-29T00:00:00,6-5,77,2023,2023,1,14,14
1641723,Kobe Bufkin,2003-09-21T00:00:00,6-4,76,2023,2023,1,15,15
1641724,Jett Howard,2003-09-14T00:00:00,6-8,80,2023,2023,1,11,11
1641725,Trey Alexander,2003-05-02T00:00:00,6-5,77,2024,Undrafted,Undrafted,Undrafted,Undrafted
1641726,Dereck Lively II,2004-02-12T00:00:00,7-1,85,2023,2023,1,12,12
1641727,Dariq Whitehead,2004-08-01T00:00:00,6-6,78,2023,2023,1,22,22
1641729,Brice Sensabaugh,2003-10-30T00:00:00,6-6,78,2023,2023,1,28,28
1641730,Noah Clowney,2004-07-14T00:00:00,6-10,82,2023,2023,1,21,21
1641731,Bilal Coulibaly,2004-07-26T00:00:00,6-7,79,2023,2023,1,7,7
1641732,Colby Jones,2002-05-28T00:00:00,6-6,78,2023,2023,2,34,34
1641733,Nick Smith Jr.,2004-04-18T00:00:00,6-2,74,2023,2023,1,27,27
1641734,Emoni Bates,2004-01-28T00:00:00,6-8,80,2023,2023,2,49,49
1641735,Amari Bailey,2004-02-17T00:00:00,6-3,75,2023,2023,2,41,41
1641736,Reece Beekman,2001-10-08T00:00:00,6-3,75,2024,Undrafted,Undrafted,Undrafted,Undrafted
1641737,Adem Bona,2003-03-28T00:00:00,6-10,82,2024,2024,2,41,41
1641738,Kobe Brown,2000-01-01T00:00:00,6-7,79,2023,2023,1,30,30
1641739,Toumani Camara,2000-05-08T00:00:00,6-7,79,2023,2023,2,52,52
1641740,Jaylen Clark,2001-10-13T00:00:00,6-5,77,2023,2023,2,53,53
1641741,Ricky Council IV,2001-08-03T00:00:00,6-6,78,2023,Undrafted,Undrafted,Undrafted,Undrafted
1641744,Zach Edey,2002-05-14T00:00:00,7-3,87,2024,2024,1,9,9
1641745,Adam Flagler,1999-12-01T00:00:00,6-3,75,2023,Undrafted,Undrafted,Undrafted,Undrafted
1641747,DaRon Holmes II,2002-08-15T00:00:00,6-9,81,2024,2024,1,22,22
1641748,Andre Jackson Jr.,2001-11-13T00:00:00,6-6,78,2023,2023,2,36,36
1641749,Keyontae Johnson,2000-05-24T00:00:00,6-4,76,2023,2023,2,50,50
1641750,Ryan Kalkbrenner,2002-01-17T00:00:00,7-1,85,2025,2025,2,34,34
1641752,Bobi Klintman,2003-03-06T00:00:00,6-9,81,2024,2024,2,37,37
1641753,Chris Livingston,2003-10-15T00:00:00,6-6,78,2023,2023,2,58,58
1641754,Seth Lundy,2000-04-02T00:00:00,6-4,76,2023,2023,2,46,46
1641755,Kevin McCullar Jr.,2001-03-15T00:00:00,6-6,78,2024,2024,2,56,56
1641757,Jordan Miller,2000-01-23T00:00:00,6-5,77,2023,2023,2,48,48
1641761,Grant Nelson,2002-03-18T00:00:00,7-0,84,2025,Undrafted,Undrafted,Undrafted,Undrafted
1641763,Julian Phillips,2003-11-05T00:00:00,6-6,78,2023,2023,2,35,35
1641764,Brandin Podziemski,2003-02-25T00:00:00,6-4,76,2023,2023,1,19,19
1641765,Olivier-Maxence Prosper,2002-07-03T00:00:00,6-7,79,2023,2023,1,24,24
1641766,Adama Sanogo,2002-02-12T00:00:00,6-9,81,2023,Undrafted,Undrafted,Undrafted,Undrafted
1641767,Ben Sheppard,2001-07-16T00:00:00,6-6,78,2023,2023,1,26,26
1641771,Jalen Slawson,1999-10-22T00:00:00,6-7,79,2023,2023,2,54,54
1641772,Nae'Qwan Tomlin,2000-12-19T00:00:00,6-8,80,2024,Undrafted,Undrafted,Undrafted,Undrafted
1641774,Tristan Vukcevic,2003-03-11T00:00:00,7-0,84,2023,2023,2,42,42
1641775,Jordan Walsh,2004-03-03T00:00:00,6-6,78,2023,2023,2,38,38
1641778,Leaky Black,1999-06-14T00:00:00,6-6,78,2023,Undrafted,Undrafted,Undrafted,Undrafted
1641779,Jalen Bridges,2001-05-14T00:00:00,6-8,80,2024,Undrafted,Undrafted,Undrafted,Undrafted
1641780,Johni Broome,2002-07-19T00:00:00,6-9,81,2025,2025,2,35,35
1641783,Tristan da Silva,2001-05-15T00:00:00,6-8,80,2024,2024,1,18,18
1641787,Tosan Evbuomwan,2001-02-16T00:00:00,6-8,80,2023,Undrafted,Undrafted,Undrafted,Undrafted
1641788,Alex Fudge,2003-05-06T00:00:00,6-8,80,2023,Undrafted,Undrafted,Undrafted,Undrafted
1641789,Jazian Gortman,2003-04-14T00:00:00,6-2,74,2024,Undrafted,Undrafted,Undrafted,Undrafted
1641790,PJ Hall,2002-02-21T00:00:00,6-8,80,2024,Undrafted,Undrafted,Undrafted,Undrafted
1641793,D'Moi Hodge,1998-12-20T00:00:00,6-3,75,2023,Undrafted,Undrafted,Undrafted,Undrafted
1641794,Dillon Jones,2001-10-29T00:00:00,6-5,77,2024,2024,1,26,26
1641796,Pelle Larsson,2001-02-23T00:00:00,6-5,77,2024,2024,2,44,44
1641798,Jaylen Martin,2004-01-28T00:00:00,6-6,78,2023,Undrafted,Undrafted,Undrafted,Undrafted
1641801,Emanuel Miller,2000-06-19T00:00:00,6-5,77,2024,Undrafted,Undrafted,Undrafted,Undrafted
1641803,Tristen Newton,2001-04-26T00:00:00,6-5,77,2024,2024,2,49,49
1641806,Markquis Nowell,1999-12-25T00:00:00,5-7,67,2023,Undrafted,Undrafted,Undrafted,Undrafted
1641807,Norchad Omier,2001-08-28T00:00:00,6-7,79,2025,Undrafted,Undrafted,Undrafted,Undrafted
1641809,Drew Peterson,1999-11-09T00:00:00,6-8,80,2023,Undrafted,Undrafted,Undrafted,Undrafted
1641810,Antonio Reeves,2000-11-20T00:00:00,6-5,77,2024,2024,2,47,47
1641813,Mark Sears,2002-02-19T00:00:00,6-0,72,2025,Undrafted,Undrafted,Undrafted,Undrafted
1641815,Isaiah Stevens,2000-11-01T00:00:00,5-11,71,2024,Undrafted,Undrafted,Undrafted,Undrafted
1641816,Hunter Tyson,2000-06-13T00:00:00,6-8,80,2023,2023,2,37,37
1641817,Anton Watson,2000-10-06T00:00:00,6-8,80,2024,2024,2,54,54
1641824,Matas Buzelis,2004-10-13T00:00:00,6-8,80,2023,2024,1,11,11
1641842,Ronald Holland II,2005-07-07T00:00:00,6-8,80,2023,2024,1,5,5
1641847,Andrew Funk,1999-09-21T00:00:00,6-5,77,2023,Undrafted,Undrafted,Undrafted,Undrafted
1641851,Timmy Allen,2000-01-09T00:00:00,6-6,78,2023,Undrafted,Undrafted,Undrafted,Undrafted
1641854,Craig Porter Jr.,2000-02-26T00:00:00,6-1,73,2023,Undrafted,Undrafted,Undrafted,Undrafted
1641857,Liam Robbins,1999-07-12T00:00:00,7-0,84,2024,Undrafted,Undrafted,Undrafted,Undrafted
1641869,Malachi Smith,1999-12-06T00:00:00,6-4,76,2025,Undrafted,Undrafted,Undrafted,Undrafted
1641871,Duop Reath,1996-06-26T00:00:00,6-9,81,2023,Undrafted,Undrafted,Undrafted,Undrafted
1641877,Nathan Mensah,1998-04-09T00:00:00,6-9,81,2023,Undrafted,Undrafted,Undrafted,Undrafted
1641878,Damion Baugh,2000-08-03T00:00:00,6-4,76,2024,Undrafted,Undrafted,Undrafted,Undrafted
1641879,Yuri Collins,2001-03-07T00:00:00,6-0,72,2024,Undrafted,Undrafted,Undrafted,Undrafted
1641890,Tyler Smith,2004-11-02T00:00:00,6-9,81,2023,2024,2,33,33
1641926,Dexter Dennis,1999-02-09T00:00:00,6-5,77,2023,Undrafted,Undrafted,Undrafted,Undrafted
1641931,Onuralp Bitim,1999-03-31T00:00:00,6-6,78,2023,Undrafted,Undrafted,Undrafted,Undrafted
1641936,Miles Norris,2000-04-15T00:00:00,6-7,79,2024,Undrafted,Undrafted,Undrafted,Undrafted
1641970,Maozinha Pereira,2000-08-28T00:00:00,6-8,80,2023,Undrafted,Undrafted,Undrafted,Undrafted
1641989,Elijah Harkless,2000-02-03T00:00:00,6-3,75,2024,Undrafted,Undrafted,Undrafted,Undrafted
1641998,Trey Jemison III,1999-11-28T00:00:00,6-10,82,2023,Undrafted,Undrafted,Undrafted,Undrafted
1642013,Malik Williams,1998-08-26T00:00:00,6-11,83,2023,Undrafted,Undrafted,Undrafted,Undrafted
1642024,Alex Reese,1999-05-21T00:00:00,6-9,81,2024,Undrafted,Undrafted,Undrafted,Undrafted
1642050,Jackson Rowe,1997-01-04T00:00:00,6-7,79,2024,Undrafted,Undrafted,Undrafted,Undrafted
1642066,Myron Gardner,2001-05-21T00:00:00,6-5,77,2025,Undrafted,Undrafted,Undrafted,Undrafted
1642258,Zaccharie Risacher,2005-04-08T00:00:00,6-8,80,2024,2024,1,1,1
1642259,Alex Sarr,2005-04-26T00:00:00,7-0,84,2024,2024,1,2,2
1642260,Nikola Topić,2005-08-10T00:00:00,6-6,78,2024,2024,1,12,12
1642261,Dalton Knecht,2001-04-19T00:00:00,6-6,78,2024,2024,1,17,17
1642262,Cody Williams,2004-11-20T00:00:00,6-8,80,2024,2024,1,10,10
1642263,Reed Sheppard,2004-06-24T00:00:00,6-2,74,2024,2024,1,3,3
1642264,Stephon Castle,2004-11-01T00:00:00,6-6,78,2024,2024,1,4,4
1642265,Rob Dillingham,2005-01-04T00:00:00,6-2,74,2024,2024,1,8,8
1642266,Ja'Kobe Walter,2004-09-04T00:00:00,6-4,76,2024,2024,1,19,19
1642267,Bub Carrington,2005-07-21T00:00:00,6-4,76,2024,2024,1,14,14
1642268,Isaiah Collier,2004-10-08T00:00:00,6-4,76,2024,2024,1,29,29
1642269,Devin Carter,2002-03-18T00:00:00,6-2,74,2024,2024,1,13,13
1642270,Donovan Clingan,2004-02-23T00:00:00,7-2,86,2024,2024,1,7,7
1642271,Kyle Filipowski,2003-11-07T00:00:00,6-11,83,2024,2024,2,32,32
1642272,Jared McCain,2004-02-20T00:00:00,6-3,75,2024,2024,1,16,16
1642273,Kyshawn George,2003-12-12T00:00:00,6-8,80,2024,2024,1,24,24
1642274,Yves Missi,2004-05-14T00:00:00,6-11,83,2024,2024,1,21,21
1642275,Tidjane Salaün,2005-08-10T00:00:00,6-10,82,2024,2024,1,6,6
1642276,Kel'el Ware,2004-04-20T00:00:00,7-0,84,2024,2024,1,15,15
1642277,Johnny Furphy,2004-12-08T00:00:00,6-8,80,2024,2024,2,35,35
1642278,Tyler Kolek,2001-03-27T00:00:00,6-2,74,2024,2024,2,34,34
1642279,Ulrich Chomche,2005-12-30T00:00:00,6-11,83,2024,2024,2,57,57
1642280,Trentyn Flowers,2005-03-08T00:00:00,6-9,81,2024,Undrafted,Undrafted,Undrafted,Undrafted
1642281,Jaylon Tyson,2002-12-02T00:00:00,6-6,78,2024,2024,1,20,20
1642282,Hunter Sallis,2003-03-26T00:00:00,6-4,76,2025,Undrafted,Undrafted,Undrafted,Undrafted
1642285,Cam Spencer,2000-04-06T00:00:00,6-3,75,2024,2024,2,53,53
1642345,Oso Ighodaro,2002-07-14T00:00:00,6-11,83,2024,2024,2,40,40
1642346,Ryan Dunn,2003-01-07T00:00:00,6-7,79,2024,2024,1,28,28
1642347,Jamal Shead,2002-07-24T00:00:00,6-1,73,2024,2024,2,45,45
1642348,Justin Edwards,2003-12-16T00:00:00,6-7,79,2024,Undrafted,Undrafted,Undrafted,Undrafted
1642349,Ajay Mitchell,2002-06-25T00:00:00,6-4,76,2024,2024,2,38,38
1642352,Keshad Johnson,2001-06-23T00:00:00,6-6,78,2024,Undrafted,Undrafted,Undrafted,Undrafted
1642353,Cam Christie,2005-07-24T00:00:00,6-5,77,2024,2024,2,46,46
1642354,KJ Simpson,2002-08-08T00:00:00,6-2,74,2024,2024,2,42,42
1642355,Bronny James,2004-10-06T00:00:00,6-2,74,2024,2024,2,55,55
1642357,David Jones Garcia,2001-11-24T00:00:00,6-4,76,2025,Undrafted,Undrafted,Undrafted,Undrafted
1642358,AJ Johnson,2004-12-01T00:00:00,6-5,77,2024,2024,1,23,23
1642359,Pacôme Dadiet,2005-07-27T00:00:00,6-9,81,2024,2024,1,25,25
1642362,Payton Sandfort,2002-07-12T00:00:00,6-7,79,2025,Undrafted,Undrafted,Undrafted,Undrafted
1642363,Nique Clifford,2002-02-09T00:00:00,6-5,77,2025,2025,1,24,24
1642364,Jamir Watkins,2001-07-06T00:00:00,6-6,78,2025,2025,2,43,43
1642366,Quinten Post,2000-03-21T00:00:00,7-0,84,2024,2024,2,52,52
1642367,Jonathan Mogbo,2001-10-29T00:00:00,6-9,81,2024,2024,2,31,31
1642368,N'Faly Dante,2001-10-19T00:00:00,6-11,83,2024,Undrafted,Undrafted,Undrafted,Undrafted
1642377,Jaylen Wells,2003-08-26T00:00:00,6-7,79,2024,2024,2,39,39
1642380,Adama Bal,2003-12-18T00:00:00,6-7,79,2025,Undrafted,Undrafted,Undrafted,Undrafted
1642382,Branden Carlson,1999-06-14T00:00:00,7-0,84,2024,Undrafted,Undrafted,Undrafted,Undrafted
1642383,Walter Clayton Jr.,2003-03-06T00:00:00,6-4,76,2025,2025,1,18,18
1642384,Isaiah Crawford,2001-11-01T00:00:00,6-6,78,2024,Undrafted,Undrafted,Undrafted,Undrafted
1642385,Cui Yongxi,2003-05-28T00:00:00,6-5,77,2024,Undrafted,Undrafted,Undrafted,Undrafted
1642389,Zyon Pullin,2001-03-03T00:00:00,6-4,76,2024,Undrafted,Undrafted,Undrafted,Undrafted
1642396,Blake Hinson,1999-12-26T00:00:00,6-8,80,2025,Undrafted,Undrafted,Undrafted,Undrafted
1642399,Jesse Edwards,2000-03-18T00:00:00,7-0,84,2024,Undrafted,Undrafted,Undrafted,Undrafted
1642400,Tristan Enaruna,2001-06-26T00:00:00,6-7,79,2025,Undrafted,Undrafted,Undrafted,Undrafted
1642402,Enrique Freeman,2000-07-29T00:00:00,6-9,81,2024,2024,2,50,50
1642403,Isaac Jones,2000-07-11T00:00:00,6-8,80,2024,Undrafted,Undrafted,Undrafted,Undrafted
1642404,Chaz Lanier,2001-12-19T00:00:00,6-3,75,2025,2025,2,37,37
1642419,Jamison Battle,2001-05-10T00:00:00,6-7,79,2024,Undrafted,Undrafted,Undrafted,Undrafted
1642422,Armel Traoré,2003-01-23T00:00:00,6-9,81,2024,Undrafted,Undrafted,Undrafted,Undrafted
1642434,Riley Minix,2000-09-22T00:00:00,6-7,79,2024,Undrafted,Undrafted,Undrafted,Undrafted
1642439,Quincy Olivari,2001-05-27T00:00:00,6-3,75,2024,Undrafted,Undrafted,Undrafted,Undrafted
1642443,Jahmir Young,2000-10-07T00:00:00,6-0,72,2024,Undrafted,Undrafted,Undrafted,Undrafted
1642449,Tolu Smith,2000-07-26T00:00:00,6-11,83,2024,Undrafted,Undrafted,Undrafted,Undrafted
1642450,Daniss Jenkins,2001-08-17T00:00:00,6-4,76,2024,Undrafted,Undrafted,Undrafted,Undrafted
1642461,Spencer Jones,2001-06-14T00:00:00,6-7,79,2024,Undrafted,Undrafted,Undrafted,Undrafted
1642468,Darius Brown,1999-07-28T00:00:00,6-2,74,2025,Undrafted,Undrafted,Undrafted,Undrafted
1642484,RayJ Dennis,2001-03-30T00:00:00,6-1,73,2024,Undrafted,Undrafted,Undrafted,Undrafted
1642490,Josh Oduro,2000-10-14T00:00:00,6-9,81,2025,Undrafted,Undrafted,Undrafted,Undrafted
1642502,Malevy Leons,1999-09-23T00:00:00,6-9,81,2024,Undrafted,Undrafted,Undrafted,Undrafted
1642504,Cormac Ryan,1998-10-26T00:00:00,6-5,77,2025,Undrafted,Undrafted,Undrafted,Undrafted
1642505,Alex Ducas,2000-12-11T00:00:00,6-7,79,2024,Undrafted,Undrafted,Undrafted,Undrafted
1642530,Yuki Kawamura,2001-05-02T00:00:00,5-7,67,2024,Undrafted,Undrafted,Undrafted,Undrafted
1642843,Cooper Flagg,2006-12-21T00:00:00,6-9,81,2025,2025,1,1,1
1642844,Dylan Harper,2006-03-02T00:00:00,6-5,77,2025,2025,1,2,2
1642845,VJ Edgecombe,2005-07-30T00:00:00,6-4,76,2025,2025,1,3,3
1642846,Ace Bailey,2006-08-13T00:00:00,6-9,81,2025,2025,1,5,5
1642847,Jeremiah Fears,2006-10-14T00:00:00,6-3,75,2025,2025,1,7,7
1642848,Tre Johnson,2006-03-07T00:00:00,6-5,77,2025,2025,1,6,6
1642849,Nolan Traore,2006-05-28T00:00:00,6-3,75,2025,2025,1,19,19
1642851,Kon Knueppel,2005-08-03T00:00:00,6-6,78,2025,2025,1,4,4
1642852,Derik Queen,2004-12-27T00:00:00,6-9,81,2025,2025,1,13,13
1642853,Rasheer Fleming,2004-07-10T00:00:00,6-9,81,2025,2025,2,31,31
1642854,Asa Newell,2005-10-05T00:00:00,6-10,82,2025,2025,1,23,23
1642855,Noa Essengue,2006-12-18T00:00:00,6-8,80,2025,2025,1,12,12
1642856,Egor Dëmin,2006-03-03T00:00:00,6-8,80,2025,2025,1,8,8
1642857,Kasparas Jakučionis,2006-05-29T00:00:00,6-5,77,2025,2025,1,20,20
1642859,Jase Richardson,2005-10-16T00:00:00,6-1,73,2025,2025,1,25,25
1642860,Will Riley,2006-02-10T00:00:00,6-9,81,2025,2025,1,21,21
1642862,Liam McNeeley,2005-10-10T00:00:00,6-7,79,2025,2025,1,29,29
1642863,Khaman Maluach,2006-09-14T00:00:00,7-1,85,2025,2025,1,10,10
1642864,Hugo González,2006-02-05T00:00:00,6-6,78,2025,2025,1,28,28
1642866,Joan Beringer,2006-11-11T00:00:00,6-11,83,2025,2025,1,17,17
1642867,Collin Murray-Boyles,2005-06-10T00:00:00,6-7,79,2025,2025,1,9,9
1642868,Carter Bryant,2005-11-26T00:00:00,6-6,78,2025,2025,1,14,14
1642869,Noah Penda,2005-01-07T00:00:00,6-7,79,2025,2025,2,32,32
1642873,Amari Williams,2002-01-28T00:00:00,6-11,83,2025,2025,2,46,46
1642874,Danny Wolf,2004-05-05T00:00:00,6-11,83,2025,2025,1,27,27
1642875,Maxime Raynaud,2003-04-07T00:00:00,7-1,85,2025,2025,2,42,42
1642876,Adou Thiero,2004-05-08T00:00:00,6-7,79,2025,2025,2,36,36
1642877,Micah Peavy,2001-07-16T00:00:00,6-7,79,2025,2025,2,40,40
1642878,Tyrese Proctor,2004-04-01T00:00:00,6-4,76,2025,2025,2,49,49
1642879,Ben Saraf,2006-04-14T00:00:00,6-6,78,2025,2025,1,26,26
1642880,Kam Jones,2002-02-25T00:00:00,6-4,76,2025,2025,2,38,38
1642882,Julian Reese,2003-06-30T00:00:00,6-9,81,2025,Undrafted,Undrafted,Undrafted,Undrafted
1642883,Sion James,2002-12-04T00:00:00,6-5,77,2025,2025,2,33,33
1642884,Vladislav Goldin,2001-05-12T00:00:00,7-0,84,2025,Undrafted,Undrafted,Undrafted,Undrafted
1642885,Mohamed Diawara,2005-04-29T00:00:00,6-9,81,2025,2025,2,51,51
1642886,Koby Brea,2002-11-06T00:00:00,6-5,77,2025,2025,2,41,41
1642905,Yang Hansen,2005-06-26T00:00:00,7-1,85,2025,2025,1,16,16
1642907,Cedric Coward,2003-09-11T00:00:00,6-5,77,2025,2025,1,11,11
1642910,John Tonje,2001-04-23T00:00:00,6-4,76,2025,2025,2,53,53
1642911,Rocco Zikarsky,2006-07-11T00:00:00,7-3,87,2025,2025,2,45,45
1642914,Javon Small,2002-12-19T00:00:00,6-1,73,2025,2025,2,48,48
1642917,Max Shulga,2002-06-25T00:00:00,6-4,76,2025,2025,2,57,57
1642918,Alijah Martin,2001-12-26T00:00:00,6-2,74,2025,2025,2,39,39
1642920,Kobe Sanders,2002-05-30T00:00:00,6-8,80,2025,2025,2,50,50
1642928,Dylan Cardwell,2001-12-16T00:00:00,6-10,82,2025,Undrafted,Undrafted,Undrafted,Undrafted
1642933,Keshon Gilbert,2003-06-30T00:00:00,6-4,76,2025,Undrafted,Undrafted,Undrafted,Undrafted
1642935,Chucky Hepburn,2003-02-09T00:00:00,6-0,72,2025,Undrafted,Undrafted,Undrafted,Undrafted
1642938,Curtis Jones,2001-10-04T00:00:00,6-3,75,2025,Undrafted,Undrafted,Undrafted,Undrafted
1642939,Miles Kelly,2003-01-26T00:00:00,6-4,76,2025,Undrafted,Undrafted,Undrafted,Undrafted
1642942,Jahmai Mashack,2002-11-10T00:00:00,6-4,76,2025,2025,2,59,59
1642948,Ryan Nembhard,2003-03-10T00:00:00,5-11,71,2025,Undrafted,Undrafted,Undrafted,Undrafted
1642949,Yanic Konan Niederhäuser,2003-03-14T00:00:00,6-11,83,2025,2025,1,30,30
1642950,Lachlan Olbrich,2003-12-30T00:00:00,6-8,80,2025,2025,2,55,55
1642951,Sean Pedulla,2002-10-10T00:00:00,6-1,73,2025,Undrafted,Undrafted,Undrafted,Undrafted
1642954,Will Richard,2002-12-24T00:00:00,6-3,75,2025,2025,2,56,56
1642955,Kadary Richmond,2001-08-25T00:00:00,6-6,78,2025,Undrafted,Undrafted,Undrafted,Undrafted
1642959,Chris Youngblood,2002-02-09T00:00:00,6-4,76,2025,Undrafted,Undrafted,Undrafted,Undrafted
1642962,Drake Powell,2005-09-08T00:00:00,6-5,77,2025,2025,1,22,22
1642964,Brooks Barnhizer,2002-03-02T00:00:00,6-5,77,2025,2025,2,44,44
1642967,John Poulakidas,2003-04-04T00:00:00,6-6,78,2025,Undrafted,Undrafted,Undrafted,Undrafted
1643007,Taelon Peter,2002-02-27T00:00:00,6-3,75,2025,2025,2,54,54
1643016,Bez Mbeng,2003-05-02T00:00:00,6-4,76,2025,Undrafted,Undrafted,Undrafted,Undrafted
1643018,LJ Cryer,2001-10-09T00:00:00,6-0,72,2025,Undrafted,Undrafted,Undrafted,Undrafted
1643024,Chris Mañon,2001-12-09T00:00:00,6-4,76,2025,Undrafted,Undrafted,Undrafted,Undrafted
1643047,CJ Huntley,2002-01-06T00:00:00,6-11,83,2025,Undrafted,Undrafted,Undrafted,Undrafted
1643052,Chaney Johnson,2002-06-20T00:00:00,6-7,79,2025,Undrafted,Undrafted,Undrafted,Undrafted
1643060,Hayden Gray,2003-05-11T00:00:00,6-4,76,2025,Undrafted,Undrafted,Undrafted,Undrafted
1643133,Lawson Lovering,2003-05-09T00:00:00,7-0,84,2025,Undrafted,Undrafted,Undrafted,Undrafted
1643141,Jahmyl Telfort,2001-04-30T00:00:00,6-7,79,2025,Undrafted,Undrafted,Undrafted,Undrafted
1643158,Andersson Garcia,2000-08-23T00:00:00,6-7,79,2025,Undrafted,Undrafted,Undrafted,Undrafted
1643253,Toby Okani,2001-10-05T00:00:00,6-8,80,2025,Undrafted,Undrafted,Undrafted,Undrafted
1643257,Jayson Kent,2002-02-03T00:00:00,6-8,80,2025,Undrafted,Undrafted,Undrafted,Undrafted
