player_id,player_name,games,minutes_on_total,minutes_on_avg,on_diff_total,off_diff_total,on_off_diff_total,on_diff_avg,off_diff_avg,on_off_diff_avg,on_diff_adj_total,off_diff_adj_total,on_off_diff_adj_total,on_diff_adj_avg,off_diff_adj_avg,on_off_diff_adj_avg,first_game_date,last_game_date,latest_team_id
1641732,Colby Jones,1,6.82,6.82,12.0,-33.0,45.0,12.0,-33.0,45.0,8.984,-32.773,41.757,8.984,-32.773,41.757,2025-10-27,2025-10-27,1610612765
1630202,Pritchard,1,28.0,28.0,39.0,-2.0,41.0,39.0,-2.0,41.0,27.878,-10.122,38.0,27.878,-10.122,38.0,2026-02-27,2026-02-27,1610612738
202696,Vučević,1,25.33,25.33,34.0,3.0,31.0,34.0,3.0,31.0,22.595,-4.839,27.434,22.595,-4.839,27.434,2026-02-27,2026-02-27,1610612738
1642878,Proctor,1,18.88,18.88,12.0,-15.0,27.0,12.0,-15.0,27.0,6.808,-18.381,25.19,6.808,-18.381,25.19,2026-02-27,2026-02-27,1610612739
203999,Jokić,1,44.57,44.57,15.0,-21.0,36.0,15.0,-21.0,36.0,8.35,-16.268,24.617,8.35,-16.268,24.617,2026-02-27,2026-02-27,1610612743
1631119,Williams,1,25.87,25.87,16.0,-10.0,26.0,16.0,-10.0,26.0,16.228,-8.31,24.539,16.228,-8.31,24.539,2026-02-27,2026-02-27,1610612760
1631128,Braun,1,45.25,45.25,12.0,-18.0,30.0,12.0,-18.0,30.0,8.007,-15.925,23.932,8.007,-15.925,23.932,2026-02-27,2026-02-27,1610612743
1628384,Anunoby,1,28.07,28.07,20.0,9.0,11.0,20.0,9.0,11.0,18.49,-4.699,23.189,18.49,-4.699,23.189,2026-02-27,2026-02-27,1610612752
1631105,Duren,1,41.7,41.7,15.0,-12.0,27.0,15.0,-12.0,27.0,16.404,-4.831,21.236,16.404,-4.831,21.236,2026-02-27,2026-02-27,1610612765
203914,Harris,1,6.22,6.22,3.0,-32.0,35.0,3.0,-32.0,35.0,3.579,-17.37,20.949,3.579,-17.37,20.949,2026-02-27,2026-02-27,1610612749
1629018,Trent Jr.,1,6.22,6.22,3.0,-32.0,35.0,3.0,-32.0,35.0,3.579,-17.37,20.949,3.579,-17.37,20.949,2026-02-27,2026-02-27,1610612749
1631250,Nance,1,6.22,6.22,3.0,-32.0,35.0,3.0,-32.0,35.0,3.579,-17.37,20.949,3.579,-17.37,20.949,2026-02-27,2026-02-27,1610612749
1641748,Jackson Jr.,1,6.22,6.22,3.0,-32.0,35.0,3.0,-32.0,35.0,3.579,-17.37,20.949,3.579,-17.37,20.949,2026-02-27,2026-02-27,1610612749
1630619,Cisse,1,12.77,12.77,8.0,-27.0,35.0,8.0,-27.0,35.0,4.191,-16.563,20.754,4.191,-16.563,20.754,2026-02-27,2026-02-27,1610612742
1631131,Oscar Tshiebwe,5,53.64,10.728,18.0,-73.0,91.0,3.6,-14.6,18.2,12.813,-81.225,94.039,2.563,-16.245,18.808,2026-01-01,2026-02-26,1610612762
1628983,Gilgeous-Alexander,1,33.77,33.77,16.0,-10.0,26.0,16.0,-10.0,26.0,13.323,-5.405,18.728,13.323,-5.405,18.728,2026-02-27,2026-02-27,1610612760
1643024,Chris Mañon,5,21.37,4.274,7.0,-82.0,89.0,1.4,-16.4,17.8,15.11,-76.548,91.657,3.022,-15.31,18.331,2025-10-26,2026-02-10,1610612747
1631214,Alondes Williams,4,100.78,25.195,35.0,-53.0,88.0,8.75,-13.25,22.0,33.167,-38.626,71.794,8.292,-9.657,17.948,2026-02-19,2026-02-24,1610612764
1630534,Agbaji,1,7.78,7.78,-2.0,-35.0,33.0,-2.0,-35.0,33.0,-0.104,-17.652,17.548,-0.104,-17.652,17.548,2026-02-27,2026-02-27,1610612751
1630592,Wilson,1,7.78,7.78,-2.0,-35.0,33.0,-2.0,-35.0,33.0,-0.104,-17.652,17.548,-0.104,-17.652,17.548,2026-02-27,2026-02-27,1610612751
203939,Powell,1,22.55,22.55,6.0,-25.0,31.0,6.0,-25.0,31.0,2.311,-14.683,16.995,2.311,-14.683,16.995,2026-02-27,2026-02-27,1610612742
1629130,Robinson,1,34.03,34.03,4.0,-1.0,5.0,4.0,-1.0,5.0,14.272,-2.699,16.972,14.272,-2.699,16.972,2026-02-27,2026-02-27,1610612765
1642856,Dëmin,1,13.75,13.75,-2.0,-35.0,33.0,-2.0,-35.0,33.0,-0.554,-17.202,16.648,-0.554,-17.202,16.648,2026-02-27,2026-02-27,1610612751
203648,Antetokounmpo,1,4.53,4.53,1.0,-30.0,31.0,1.0,-30.0,31.0,1.14,-14.932,16.072,1.14,-14.932,16.072,2026-02-27,2026-02-27,1610612749
1628418,Bryant,1,15.73,15.73,8.0,-11.0,19.0,8.0,-11.0,19.0,2.238,-13.811,16.049,2.238,-13.811,16.049,2026-02-27,2026-02-27,1610612739
1630198,Joe,1,22.78,22.78,13.0,-7.0,20.0,13.0,-7.0,20.0,11.834,-3.916,15.751,11.834,-3.916,15.751,2026-02-27,2026-02-27,1610612760
1629652,Dort,1,28.03,28.03,11.0,-5.0,16.0,11.0,-5.0,16.0,11.665,-3.747,15.411,11.665,-3.747,15.411,2026-02-27,2026-02-27,1610612760
1641815,Isaiah Stevens,3,42.78,14.26,-9.0,-42.0,33.0,-3.0,-14.0,11.0,9.95,-35.034,44.983,3.317,-11.678,14.994,2026-01-30,2026-02-11,1610612758
1630604,E.J. Liddell,10,48.67,4.867,3.0,-218.0,221.0,0.3,-21.8,22.1,-1.265,-151.067,149.804,-0.127,-15.107,14.98,2025-10-27,2026-02-01,1610612751
1641761,Nelson,1,9.83,9.83,-3.0,-34.0,31.0,-3.0,-34.0,31.0,-1.436,-16.32,14.884,-1.436,-16.32,14.884,2026-02-27,2026-02-27,1610612751
1642879,Saraf,1,9.83,9.83,-3.0,-34.0,31.0,-3.0,-34.0,31.0,-1.436,-16.32,14.884,-1.436,-16.32,14.884,2026-02-27,2026-02-27,1610612751
1642377,Wells,1,19.95,19.95,17.0,2.0,15.0,17.0,2.0,15.0,13.591,-1.219,14.81,13.591,-1.219,14.81,2026-02-27,2026-02-27,1610612763
1628401,White,1,32.08,32.08,30.0,7.0,23.0,30.0,7.0,23.0,15.814,1.942,13.872,15.814,1.942,13.872,2026-02-27,2026-02-27,1610612738
1641854,Porter Jr.,1,32.42,32.42,12.0,-15.0,27.0,12.0,-15.0,27.0,1.145,-12.718,13.864,1.145,-12.718,13.864,2026-02-27,2026-02-27,1610612739
1627749,Dejounte Murray,2,50.62,25.31,16.0,-1.0,17.0,8.0,-0.5,8.5,16.328,-10.987,27.315,8.164,-5.494,13.657,2026-02-24,2026-02-26,1610612740
1641730,Clowney,1,21.82,21.82,-16.0,-21.0,5.0,-16.0,-21.0,5.0,-2.11,-15.646,13.536,-2.11,-15.646,13.536,2026-02-27,2026-02-27,1610612751
1641772,Tomlin,1,14.67,14.67,0.0,-3.0,3.0,0.0,-3.0,3.0,0.923,-12.496,13.419,0.923,-12.496,13.419,2026-02-27,2026-02-27,1610612739
1642358,AJ Johnson,31,245.0,7.903,-5.0,-435.0,430.0,-0.161,-14.032,13.871,-0.788,-413.004,412.211,-0.025,-13.323,13.297,2025-10-22,2026-02-26,1610612742
1641813,Mark Sears,7,26.08,3.726,12.0,-92.0,104.0,1.714,-13.143,14.857,9.203,-81.845,91.045,1.315,-11.692,13.006,2025-10-26,2025-11-24,1610612749
1628973,Brunson,1,30.52,30.52,14.0,15.0,-1.0,14.0,15.0,-1.0,13.375,0.417,12.958,13.375,0.417,12.958,2026-02-27,2026-02-27,1610612752
1642269,Devin Carter,23,333.94,14.519,-67.0,-342.0,275.0,-2.913,-14.87,11.957,-7.019,-298.022,291.0,-0.305,-12.957,12.652,2025-10-26,2026-02-26,1610612758
1630623,Tyson Etienne,8,34.41,4.301,19.0,-131.0,150.0,2.375,-16.375,18.75,4.157,-95.264,99.423,0.52,-11.908,12.428,2025-10-27,2025-12-04,1610612751
1626145,Jones,1,21.58,21.58,-3.0,-16.0,13.0,-3.0,-16.0,13.0,-0.022,-12.349,12.327,-0.022,-12.349,12.327,2026-02-27,2026-02-27,1610612742
1627750,Murray,1,47.22,47.22,4.0,-10.0,14.0,4.0,-10.0,14.0,1.928,-9.846,11.775,1.928,-9.846,11.775,2026-02-27,2026-02-27,1610612743
1630167,Obi Toppin,4,90.63,22.658,-9.0,-50.0,41.0,-2.25,-12.5,10.25,-0.381,-47.274,46.891,-0.095,-11.818,11.723,2025-10-23,2026-02-26,1610612754
203552,Seth Curry,2,32.1,16.05,6.0,-19.0,25.0,3.0,-9.5,12.5,6.468,-15.969,22.437,3.234,-7.984,11.218,2025-12-02,2025-12-04,1610612744
1630164,James Wiseman,4,58.46,14.615,-9.0,-60.0,51.0,-2.25,-15.0,12.75,-1.977,-46.44,44.464,-0.494,-11.61,11.116,2025-10-25,2025-12-23,1610612754
1628420,Monté Morris,6,64.61,10.768,-29.0,-111.0,82.0,-4.833,-18.5,13.667,-29.765,-96.366,66.601,-4.961,-16.061,11.1,2025-11-08,2025-11-17,1610612754
1629651,Claxton,1,23.33,23.33,-19.0,-18.0,-1.0,-19.0,-18.0,-1.0,-3.545,-14.211,10.666,-3.545,-14.211,10.666,2026-02-27,2026-02-27,1610612751
1630264,Anthony Gill,33,365.33,11.071,-47.0,-510.0,463.0,-1.424,-15.455,14.03,-55.062,-404.347,349.286,-1.669,-12.253,10.584,2025-10-22,2026-02-26,1610612764
1626157,Towns,1,28.83,28.83,21.0,8.0,13.0,21.0,8.0,13.0,12.05,1.742,10.308,12.05,1.742,10.308,2026-02-27,2026-02-27,1610612752
1641765,Prosper,1,24.83,24.83,16.0,3.0,13.0,16.0,3.0,13.0,11.171,1.201,9.971,11.171,1.201,9.971,2026-02-27,2026-02-27,1610612763
203926,Doug McDermott,12,116.16,9.68,-30.0,-203.0,173.0,-2.5,-16.917,14.417,-30.685,-149.138,118.452,-2.557,-12.428,9.871,2025-11-12,2026-02-21,1610612758
1642864,González,1,21.35,21.35,17.0,20.0,-3.0,17.0,20.0,-3.0,13.673,4.083,9.59,13.673,4.083,9.59,2026-02-27,2026-02-27,1610612738
1631124,Strawther,1,15.18,15.18,4.0,-10.0,14.0,4.0,-10.0,14.0,0.814,-8.732,9.547,0.814,-8.732,9.547,2026-02-27,2026-02-27,1610612743
1629646,Charles Bassey,3,35.14,11.713,-15.0,-57.0,42.0,-5.0,-19.0,14.0,-6.165,-34.517,28.353,-2.055,-11.506,9.451,2025-11-03,2026-02-11,1610612755
1642938,Curtis Jones,6,30.81,5.135,4.0,7.0,-3.0,0.667,1.167,-0.5,11.237,-43.759,54.996,1.873,-7.293,9.166,2025-11-29,2026-01-23,1610612743
1628983,Shai Gilgeous-Alexander,49,1632.41,33.314,549.0,70.0,479.0,11.204,1.429,9.776,612.216,163.899,448.314,12.494,3.345,9.149,2025-10-21,2026-02-03,1610612760
203648,Thanasis Antetokounmpo,21,63.66,3.031,14.0,-173.0,187.0,0.667,-8.238,8.905,15.841,-169.084,184.924,0.754,-8.052,8.806,2025-10-22,2026-02-22,1610612749
1641726,Dereck Lively II,7,115.29,16.47,14.0,-47.0,61.0,2.0,-6.714,8.714,7.523,-53.594,61.117,1.075,-7.656,8.731,2025-10-22,2025-11-21,1610612742
201599,DeAndre Jordan,5,90.15,18.03,6.0,-42.0,48.0,1.2,-8.4,9.6,-6.1,-49.338,43.237,-1.22,-9.868,8.647,2025-10-27,2026-02-26,1610612740
1641744,Zach Edey,11,283.83,25.803,113.0,-51.0,164.0,10.273,-4.636,14.909,94.835,2.29,92.545,8.621,0.208,8.413,2025-11-15,2025-12-07,1610612763
1629660,Ty Jerome,8,167.79,20.974,-9.0,-46.0,37.0,-1.125,-5.75,4.625,7.422,-59.621,67.042,0.928,-7.453,8.38,2026-01-31,2026-02-25,1610612763
1642484,RayJ Dennis,15,176.69,11.779,-38.0,-145.0,107.0,-2.533,-9.667,7.133,-22.007,-146.617,124.609,-1.467,-9.774,8.307,2025-10-25,2026-01-17,1610612737
1642358,Johnson,1,33.72,33.72,-1.0,-18.0,17.0,-1.0,-18.0,17.0,-2.059,-10.312,8.253,-2.059,-10.312,8.253,2026-02-27,2026-02-27,1610612742
1643007,Taelon Peter,26,257.71,9.912,-32.0,-271.0,239.0,-1.231,-10.423,9.192,-53.005,-266.437,213.433,-2.039,-10.248,8.209,2025-10-23,2026-02-20,1610612754
1641705,Victor Wembanyama,45,1307.01,29.045,407.0,-54.0,461.0,9.044,-1.2,10.244,362.96,-4.026,366.982,8.066,-0.089,8.155,2025-10-22,2026-02-26,1610612759
203999,Nikola Jokić,43,1471.95,34.231,385.0,-79.0,464.0,8.953,-1.837,10.791,243.955,-103.965,347.917,5.673,-2.418,8.091,2025-10-23,2026-02-25,1610612743
1642955,Kadary Richmond,3,66.8,22.267,5.0,-10.0,15.0,1.667,-3.333,5.0,23.296,-0.4,23.695,7.765,-0.133,7.898,2026-02-11,2026-02-20,1610612764
1642285,Spencer,1,25.03,25.03,9.0,10.0,-1.0,9.0,10.0,-1.0,10.112,2.26,7.852,10.112,2.26,7.852,2026-02-27,2026-02-27,1610612763
1626171,Portis,1,16.67,16.67,-11.0,-18.0,7.0,-11.0,-18.0,7.0,-3.005,-10.786,7.781,-3.005,-10.786,7.781,2026-02-27,2026-02-27,1610612749
1641989,Elijah Harkless,10,108.2,10.82,32.0,-135.0,167.0,3.2,-13.5,16.7,4.901,-72.424,77.325,0.49,-7.242,7.732,2025-10-29,2026-02-26,1610612762
1629750,Green,1,6.65,6.65,6.0,-3.0,9.0,6.0,-3.0,9.0,9.452,2.121,7.332,9.452,2.121,7.332,2026-02-27,2026-02-27,1610612765
1642886,Koby Brea,5,23.06,4.612,-3.0,-61.0,58.0,-0.6,-12.2,11.6,-19.022,-54.979,35.957,-3.804,-10.996,7.191,2025-11-02,2026-02-24,1610612756
1630679,Ethan Thompson,23,378.76,16.468,-1.0,-201.0,200.0,-0.043,-8.739,8.696,-12.931,-177.551,164.621,-0.562,-7.72,7.157,2025-12-01,2026-02-19,1610612754
1642885,Diawara,1,22.65,22.65,24.0,5.0,19.0,24.0,5.0,19.0,10.414,3.378,7.036,10.414,3.378,7.036,2026-02-27,2026-02-27,1610612752
1631248,Scheierman,1,22.07,22.07,19.0,18.0,1.0,19.0,18.0,1.0,12.396,5.361,7.035,12.396,5.361,7.035,2026-02-27,2026-02-27,1610612738
1630699,MarJon Beauchamp,2,36.18,18.09,-15.0,-51.0,36.0,-7.5,-25.5,18.0,-11.704,-25.389,13.685,-5.852,-12.694,6.842,2026-02-09,2026-02-11,1610612755
1641709,Thompson,1,35.55,35.55,11.0,-8.0,19.0,11.0,-8.0,19.0,9.198,2.375,6.824,9.198,2.375,6.824,2026-02-27,2026-02-27,1610612765
1642530,Yuki Kawamura,4,76.35,19.088,-17.0,-51.0,34.0,-4.25,-12.75,8.5,-8.228,-35.106,26.878,-2.057,-8.776,6.72,2026-01-31,2026-02-05,1610612741
1641748,Andre Jackson Jr.,28,177.08,6.324,-19.0,-209.0,190.0,-0.679,-7.464,6.786,9.123,-178.099,187.223,0.326,-6.361,6.687,2025-10-22,2026-02-22,1610612749
1631103,Malaki Branham,28,275.48,9.839,-42.0,-294.0,252.0,-1.5,-10.5,9.0,-46.963,-233.66,186.699,-1.677,-8.345,6.668,2025-11-03,2026-01-30,1610612764
1631250,Pete Nance,25,273.7,10.948,41.0,-239.0,280.0,1.64,-9.56,11.2,5.806,-158.314,164.121,0.232,-6.333,6.565,2025-11-12,2026-02-22,1610612749
1641774,Tristan Vukcevic,37,470.34,12.712,-149.0,-373.0,224.0,-4.027,-10.081,6.054,-137.214,-379.958,242.745,-3.708,-10.269,6.561,2025-10-22,2026-02-26,1610612764
1641713,Jackson,1,24.37,24.37,17.0,2.0,15.0,17.0,2.0,15.0,9.465,2.906,6.559,9.465,2.906,6.559,2026-02-27,2026-02-27,1610612763
1628392,Isaiah Hartenstein,33,847.52,25.682,254.0,142.0,112.0,7.697,4.303,3.394,346.289,130.586,215.702,10.494,3.957,6.536,2025-10-21,2026-02-24,1610612760
1631172,Dieng,1,12.05,12.05,-11.0,-18.0,7.0,-11.0,-18.0,7.0,-3.644,-10.148,6.504,-3.644,-10.148,6.504,2026-02-27,2026-02-27,1610612749
1628404,Hart,1,24.92,24.92,18.0,11.0,7.0,18.0,11.0,7.0,10.119,3.672,6.447,10.119,3.672,6.447,2026-02-27,2026-02-27,1610612752
1630590,Pippen Jr.,1,21.62,21.62,17.0,2.0,15.0,17.0,2.0,15.0,9.353,3.019,6.335,9.353,3.019,6.335,2026-02-27,2026-02-27,1610612763
203939,Dwight Powell,42,563.08,13.407,106.0,-257.0,363.0,2.524,-6.119,8.643,68.514,-195.043,263.564,1.631,-4.644,6.275,2025-10-22,2026-02-26,1610612742
1629013,Shamet,1,22.57,22.57,20.0,9.0,11.0,20.0,9.0,11.0,10.011,3.781,6.23,10.011,3.781,6.23,2026-02-27,2026-02-27,1610612752
1628401,Derrick White,56,1922.2,34.325,413.0,-16.0,429.0,7.375,-0.286,7.661,386.971,46.474,340.501,6.91,0.83,6.08,2025-10-22,2026-02-25,1610612738
1630595,Cade Cunningham,51,1781.52,34.932,417.0,-19.0,436.0,8.176,-0.373,8.549,335.278,28.477,306.8,6.574,0.558,6.016,2025-10-22,2026-02-25,1610612765
1630595,Cunningham,1,36.58,36.58,3.0,0.0,3.0,3.0,0.0,3.0,8.734,2.839,5.895,8.734,2.839,5.895,2026-02-27,2026-02-27,1610612765
201142,Kevin Durant,55,2010.8,36.56,301.0,-7.0,308.0,5.473,-0.127,5.6,260.497,-55.284,315.783,4.736,-1.005,5.742,2025-10-21,2026-02-26,1610612745
1642272,McCain,1,19.2,19.2,10.0,-4.0,14.0,10.0,-4.0,14.0,6.827,1.091,5.736,6.827,1.091,5.736,2026-02-27,2026-02-27,1610612760
1629234,Drew Eubanks,36,474.86,13.191,-146.0,-332.0,186.0,-4.056,-9.222,5.167,-116.579,-321.451,204.871,-3.238,-8.929,5.691,2025-10-22,2026-02-26,1610612758
1628998,Cody Martin,4,55.19,13.798,-28.0,-53.0,25.0,-7.0,-13.25,6.25,-18.906,-41.638,22.732,-4.726,-10.41,5.683,2025-11-05,2025-11-11,1610612754
203507,Giannis Antetokounmpo,30,876.19,29.206,116.0,-165.0,281.0,3.867,-5.5,9.367,50.883,-114.949,165.831,1.696,-3.832,5.528,2025-10-22,2026-01-23,1610612749
1628378,Donovan Mitchell,55,1840.07,33.456,358.0,-89.0,447.0,6.509,-1.618,8.127,312.768,12.375,300.389,5.687,0.225,5.462,2025-10-22,2026-02-24,1610612739
1631105,Jalen Duren,47,1307.17,27.812,303.0,9.0,294.0,6.447,0.191,6.255,290.194,39.642,250.552,6.174,0.843,5.331,2025-10-22,2026-02-25,1610612765
1627752,Taurean Prince,8,168.92,21.115,13.0,-7.0,20.0,1.625,-0.875,2.5,16.761,-25.266,42.027,2.095,-3.158,5.253,2025-10-22,2025-11-04,1610612749
1642849,Traore,1,24.07,24.07,-18.0,-19.0,1.0,-18.0,-19.0,1.0,-6.262,-11.494,5.233,-6.262,-11.494,5.233,2026-02-27,2026-02-27,1610612751
1631117,Walker Kessler,5,153.99,30.798,14.0,-14.0,28.0,2.8,-2.8,5.6,16.499,-9.476,25.975,3.3,-1.895,5.195,2025-10-22,2025-10-31,1610612762
1630540,Miles McBride,35,980.63,28.018,220.0,-9.0,229.0,6.286,-0.257,6.543,206.983,25.328,181.654,5.914,0.724,5.19,2025-10-22,2026-01-27,1610612752
1631245,Quenton Jackson,30,518.2,17.273,-17.0,-255.0,238.0,-0.567,-8.5,7.933,-48.526,-203.713,155.189,-1.618,-6.79,5.173,2025-10-26,2026-02-26,1610612754
201950,Jrue Holiday,31,882.83,28.478,32.0,-73.0,105.0,1.032,-2.355,3.387,90.727,-66.237,156.962,2.927,-2.137,5.063,2025-10-22,2026-02-26,1610612757
1642928,Dylan Cardwell,29,615.55,21.226,-18.0,-179.0,161.0,-0.621,-6.172,5.552,-6.813,-152.424,145.615,-0.235,-5.256,5.021,2025-10-22,2026-02-11,1610612758
1628396,Tony Bradley,38,421.35,11.088,-106.0,-218.0,112.0,-2.789,-5.737,2.947,-88.106,-271.948,183.847,-2.319,-7.157,4.838,2025-10-23,2026-01-23,1610612754
1629674,Neemias Queta,55,1378.51,25.064,309.0,100.0,209.0,5.618,1.818,3.8,349.524,84.677,264.845,6.355,1.54,4.815,2025-10-22,2026-02-25,1610612738
1627746,Skal Labissiere,3,37.56,12.52,2.0,-25.0,27.0,0.667,-8.333,9.0,-7.146,-21.308,14.16,-2.382,-7.103,4.72,2026-01-27,2026-02-03,1610612764
1630559,Austin Reaves,32,1075.14,33.598,54.0,-40.0,94.0,1.688,-1.25,2.938,101.431,-49.563,150.996,3.17,-1.549,4.719,2025-10-21,2026-02-26,1610612747
1630567,Scottie Barnes,57,1953.09,34.265,169.0,-80.0,249.0,2.965,-1.404,4.368,161.792,-106.075,267.875,2.838,-1.861,4.7,2025-10-22,2026-02-25,1610612761
1642880,Kam Jones,23,345.84,15.037,-66.0,-184.0,118.0,-2.87,-8.0,5.13,-77.683,-185.148,107.467,-3.378,-8.05,4.672,2025-12-22,2026-02-26,1610612754
1628389,Bam Adebayo,52,1627.93,31.306,249.0,-131.0,380.0,4.788,-2.519,7.308,181.16,-59.021,240.182,3.484,-1.135,4.619,2025-10-22,2026-02-26,1610612748
1642363,Nique Clifford,57,1263.22,22.162,-173.0,-456.0,283.0,-3.035,-8.0,4.965,-148.826,-410.296,261.467,-2.611,-7.198,4.587,2025-10-22,2026-02-26,1610612758
1641801,Emanuel Miller,5,33.06,6.612,-19.0,-45.0,26.0,-3.8,-9.0,5.2,-6.729,-29.415,22.686,-1.346,-5.883,4.537,2025-11-29,2025-12-07,1610612741
203932,Aaron Gordon,23,642.03,27.914,190.0,-51.0,241.0,8.261,-2.217,10.478,80.709,-23.55,104.256,3.509,-1.024,4.533,2025-10-23,2026-01-23,1610612743
1642270,Donovan Clingan,55,1518.09,27.602,4.0,-96.0,100.0,0.073,-1.745,1.818,83.337,-164.028,247.368,1.515,-2.982,4.498,2025-10-22,2026-02-24,1610612757
1631096,Chet Holmgren,52,1520.12,29.233,449.0,179.0,270.0,8.635,3.442,5.192,461.64,230.309,231.331,8.878,4.429,4.449,2025-10-21,2026-02-24,1610612760
1641715,Cam Whitmore,21,354.01,16.858,-152.0,-183.0,31.0,-7.238,-8.714,1.476,-110.182,-200.435,90.255,-5.247,-9.545,4.298,2025-10-22,2025-12-04,1610612764
1642349,Ajay Mitchell,43,1128.66,26.248,401.0,246.0,155.0,9.326,5.721,3.605,458.766,274.462,184.3,10.669,6.383,4.286,2025-10-21,2026-01-21,1610612760
203937,Kyle Anderson,24,490.51,20.438,-75.0,-264.0,189.0,-3.125,-11.0,7.875,-66.597,-169.1,102.504,-2.775,-7.046,4.271,2025-10-31,2026-02-20,1610612763
202695,Kawhi Leonard,44,1440.65,32.742,123.0,-58.0,181.0,2.795,-1.318,4.114,124.386,-63.29,187.676,2.827,-1.438,4.265,2025-10-22,2026-02-22,1610612746
200768,Kyle Lowry,7,62.61,8.944,16.0,20.0,-4.0,2.286,2.857,-0.571,16.364,-13.237,29.601,2.338,-1.891,4.229,2025-11-02,2026-02-09,1610612755
1642274,Yves Missi,47,906.63,19.29,12.0,-288.0,300.0,0.255,-6.128,6.383,-51.746,-250.064,198.317,-1.101,-5.321,4.22,2025-10-22,2026-02-09,1610612740
203497,Rudy Gobert,57,1791.72,31.434,252.0,14.0,238.0,4.421,0.246,4.175,228.674,-10.708,239.381,4.012,-0.188,4.2,2025-10-22,2026-02-26,1610612750
1628963,Marvin Bagley III,45,897.9,19.953,-145.0,-318.0,173.0,-3.222,-7.067,3.844,-133.529,-322.152,188.625,-2.967,-7.159,4.192,2025-10-22,2026-02-26,1610612742
202331,Paul George,27,823.88,30.514,97.0,-18.0,115.0,3.593,-0.667,4.259,90.471,-18.269,108.74,3.351,-0.677,4.027,2025-11-17,2026-01-29,1610612755
1630314,Brandon Williams,50,1108.56,22.171,6.0,-158.0,164.0,0.12,-3.16,3.28,25.179,-173.888,199.07,0.504,-3.478,3.981,2025-10-22,2026-02-26,1610612742
1626164,Devin Booker,44,1467.07,33.342,150.0,13.0,137.0,3.409,0.295,3.114,145.223,-29.676,174.9,3.301,-0.674,3.975,2025-10-22,2026-02-19,1610612756
1630577,Julian Champagnie,59,1645.99,27.898,387.0,9.0,378.0,6.559,0.153,6.407,326.966,93.724,233.237,5.542,1.589,3.953,2025-10-22,2026-02-26,1610612759
1629726,Garrison Mathews,15,196.1,13.073,-2.0,-60.0,58.0,-0.133,-4.0,3.867,2.895,-56.35,59.244,0.193,-3.757,3.95,2025-11-21,2025-12-23,1610612754
1628384,OG Anunoby,45,1492.88,33.175,232.0,-3.0,235.0,5.156,-0.067,5.222,213.935,39.058,174.877,4.754,0.868,3.886,2025-10-22,2026-02-24,1610612752
1641708,Amen Thompson,56,2072.76,37.014,289.0,-2.0,291.0,5.161,-0.036,5.196,213.328,-3.567,216.891,3.809,-0.064,3.873,2025-10-21,2026-02-26,1610612745
1631102,TyTy Washington Jr.,5,39.68,7.936,-10.0,-35.0,25.0,-2.0,-7.0,5.0,1.874,-17.464,19.338,0.375,-3.493,3.868,2026-01-16,2026-02-10,1610612746
1631165,Keon Ellis,52,952.46,18.317,-161.0,-217.0,56.0,-3.096,-4.173,1.077,-109.933,-309.409,199.473,-2.114,-5.95,3.836,2025-10-22,2026-02-25,1610612739
1630188,Jalen Smith,46,935.36,20.334,76.0,-146.0,222.0,1.652,-3.174,4.826,56.572,-115.042,171.609,1.23,-2.501,3.731,2025-10-22,2026-02-22,1610612741
1630163,LaMelo Ball,50,1377.08,27.542,297.0,-111.0,408.0,5.94,-2.22,8.16,170.179,-10.77,180.944,3.404,-0.215,3.619,2025-10-22,2026-02-26,1610612766
1642384,Isaiah Crawford,7,47.19,6.741,24.0,23.0,1.0,3.429,3.286,0.143,12.753,-11.466,24.218,1.822,-1.638,3.46,2025-11-24,2026-02-25,1610612745
1630702,Jaden Hardy,38,509.81,13.416,1.0,-200.0,201.0,0.026,-5.263,5.289,-5.277,-136.041,130.761,-0.139,-3.58,3.441,2025-10-22,2026-02-26,1610612764
1629599,Amir Coffey,36,373.32,10.37,-56.0,-202.0,146.0,-1.556,-5.611,4.056,-53.045,-176.7,123.656,-1.473,-4.908,3.435,2025-10-22,2026-02-26,1610612756
1626157,Karl-Anthony Towns,55,1723.42,31.335,327.0,33.0,294.0,5.945,0.6,5.345,256.505,70.294,186.214,4.664,1.278,3.386,2025-10-22,2026-02-24,1610612752
1631255,Karlo Matković,47,642.38,13.668,-89.0,-142.0,53.0,-1.894,-3.021,1.128,-72.042,-230.486,158.445,-1.533,-4.904,3.371,2025-10-27,2026-02-26,1610612740
1630200,Tre Jones,43,1137.91,26.463,-44.0,-58.0,14.0,-1.023,-1.349,0.326,14.489,-129.601,144.081,0.337,-3.014,3.351,2025-10-22,2026-02-26,1610612741
1641717,Cason Wallace,57,1547.03,27.141,406.0,259.0,147.0,7.123,4.544,2.579,476.202,286.58,189.62,8.354,5.028,3.327,2025-10-21,2026-02-25,1610612760
1629001,De'Anthony Melton,31,687.56,22.179,231.0,-94.0,325.0,7.452,-3.032,10.484,134.796,31.757,103.038,4.348,1.024,3.324,2025-12-04,2026-02-24,1610612744
1629008,Porter Jr.,1,25.52,25.52,-22.0,-15.0,-7.0,-22.0,-15.0,-7.0,-7.234,-10.523,3.289,-7.234,-10.523,3.289,2026-02-27,2026-02-27,1610612751
1628380,Zach Collins,10,183.73,18.373,18.0,-42.0,60.0,1.8,-4.2,6.0,16.776,-15.937,32.714,1.678,-1.594,3.271,2025-12-05,2025-12-27,1610612741
1642345,Oso Ighodaro,60,1224.01,20.4,115.0,-69.0,184.0,1.917,-1.15,3.067,90.43,-105.21,195.645,1.507,-1.753,3.261,2025-10-22,2026-02-26,1610612756
1631260,AJ Green,53,1601.06,30.209,55.0,-185.0,240.0,1.038,-3.491,4.528,2.529,-164.12,166.645,0.048,-3.097,3.144,2025-10-22,2026-02-25,1610612749
1641713,GG Jackson,37,721.13,19.49,-20.0,-116.0,96.0,-0.541,-3.135,2.595,-2.837,-118.477,115.64,-0.077,-3.202,3.125,2025-10-24,2026-02-25,1610612763
1642874,Danny Wolf,44,891.15,20.253,-133.0,-197.0,64.0,-3.023,-4.477,1.455,-72.067,-206.507,134.446,-1.638,-4.693,3.056,2025-11-03,2026-02-26,1610612751
1643141,Jahmyl Telfort,8,32.03,4.004,-7.0,-66.0,59.0,-0.875,-8.25,7.375,-7.129,-31.436,24.307,-0.891,-3.93,3.038,2025-10-28,2025-12-03,1610612746
1642280,Trentyn Flowers,2,5.55,2.775,-2.0,-40.0,38.0,-1.0,-20.0,19.0,1.525,-4.406,5.931,0.762,-2.203,2.966,2025-12-03,2025-12-07,1610612741
203967,Dario Šarić,5,41.26,8.252,0.0,-16.0,16.0,0.0,-3.2,3.2,-8.096,-22.859,14.764,-1.619,-4.572,2.953,2025-10-22,2025-12-20,1610612758
1642277,Johnny Furphy,35,643.01,18.372,-58.0,-170.0,112.0,-1.657,-4.857,3.2,-75.6,-178.07,102.466,-2.16,-5.088,2.928,2025-10-23,2026-02-08,1610612754
1642950,Lachlan Olbrich,18,124.31,6.906,-20.0,-151.0,131.0,-1.111,-8.389,7.278,-23.523,-74.341,50.819,-1.307,-4.13,2.823,2025-11-29,2026-02-24,1610612741
1642877,Micah Peavy,46,692.57,15.056,-98.0,-211.0,113.0,-2.13,-4.587,2.457,-78.242,-207.846,129.601,-1.701,-4.518,2.817,2025-10-27,2026-02-09,1610612740
1626172,Kevon Looney,18,250.56,13.92,-59.0,-140.0,81.0,-3.278,-7.778,4.5,-78.833,-129.269,50.437,-4.38,-7.182,2.802,2025-11-02,2026-02-11,1610612740
1629130,Duncan Robinson,55,1538.5,27.973,346.0,107.0,239.0,6.291,1.945,4.345,280.582,126.882,153.708,5.101,2.307,2.795,2025-10-22,2026-02-25,1610612765
1630162,Anthony Edwards,50,1778.37,35.567,163.0,19.0,144.0,3.26,0.38,2.88,162.684,23.952,138.733,3.254,0.479,2.775,2025-10-22,2026-02-26,1610612750
1641709,Ausar Thompson,53,1370.05,25.85,236.0,177.0,59.0,4.453,3.34,1.113,258.95,111.991,146.957,4.886,2.113,2.773,2025-10-22,2026-02-25,1610612765
1630549,Day'Ron Sharpe,56,1043.23,18.629,-101.0,-348.0,247.0,-1.804,-6.214,4.411,-84.108,-239.047,154.941,-1.502,-4.269,2.767,2025-10-22,2026-02-26,1610612751
1629628,RJ Barrett,35,1032.42,29.498,66.0,94.0,-28.0,1.886,2.686,-0.8,88.934,-6.357,95.29,2.541,-0.182,2.723,2025-10-22,2026-02-25,1610612761
1631128,Christian Braun,23,699.71,30.422,156.0,31.0,125.0,6.783,1.348,5.435,103.657,41.066,62.59,4.507,1.785,2.721,2025-10-23,2026-02-25,1610612743
1630170,Devin Vassell,46,1405.9,30.563,288.0,57.0,231.0,6.261,1.239,5.022,227.61,102.485,125.121,4.948,2.228,2.72,2025-10-22,2026-02-26,1610612759
203935,Marcus Smart,48,1356.22,28.255,86.0,-84.0,170.0,1.792,-1.75,3.542,72.099,-58.378,130.477,1.502,-1.216,2.718,2025-10-21,2026-02-26,1610612747
1629661,Cameron Johnson,35,1077.09,30.774,230.0,93.0,137.0,6.571,2.657,3.914,140.679,45.569,95.112,4.019,1.302,2.717,2025-10-23,2026-02-25,1610612743
1642383,Walter Clayton Jr.,50,929.32,18.586,-130.0,-380.0,250.0,-2.6,-7.6,5.0,-142.952,-277.422,134.478,-2.859,-5.548,2.69,2025-10-22,2026-02-25,1610612763
1631205,Buddy Boeheim,4,15.0,3.75,6.0,15.0,-9.0,1.5,3.75,-2.25,6.844,-3.752,10.596,1.711,-0.938,2.649,2026-02-11,2026-02-25,1610612760
1630578,Alperen Sengun,51,1720.44,33.734,194.0,104.0,90.0,3.804,2.039,1.765,164.358,30.168,134.189,3.223,0.592,2.631,2025-10-21,2026-02-26,1610612745
1630536,Sharife Cooper,17,275.34,16.196,-79.0,-145.0,66.0,-4.647,-8.529,3.882,-79.7,-123.793,44.091,-4.688,-7.282,2.594,2025-10-22,2026-02-26,1610612764
1630644,Mac McClung,4,47.35,11.838,-20.0,-20.0,0.0,-5.0,-5.0,0.0,-2.485,-12.839,10.354,-0.621,-3.21,2.588,2025-10-29,2026-02-05,1610612741
204001,Kristaps Porziņģis,18,430.38,23.91,45.0,-2.0,47.0,2.5,-0.111,2.611,24.483,-21.631,46.113,1.36,-1.202,2.562,2025-10-22,2026-02-19,1610612744
1630193,Immanuel Quickley,56,1818.23,32.468,103.0,12.0,91.0,1.839,0.214,1.625,109.808,-33.107,142.917,1.961,-0.591,2.552,2025-10-22,2026-02-25,1610612761
201567,Kevin Love,32,550.06,17.189,-81.0,-227.0,146.0,-2.531,-7.094,4.562,-47.279,-128.89,81.609,-1.477,-4.028,2.55,2025-11-02,2026-02-26,1610612762
204456,T.J. McConnell,43,726.66,16.899,-78.0,-198.0,120.0,-1.814,-4.605,2.791,-126.224,-235.395,109.171,-2.935,-5.474,2.539,2025-11-11,2026-02-26,1610612754
1631213,Tyrese Martin,39,702.18,18.005,-174.0,-198.0,24.0,-4.462,-5.077,0.615,-69.82,-168.791,98.976,-1.79,-4.328,2.538,2025-10-22,2026-02-22,1610612755
1630591,Jalen Suggs,35,913.14,26.09,121.0,-11.0,132.0,3.457,-0.314,3.771,78.808,-9.917,88.727,2.252,-0.283,2.535,2025-10-22,2026-02-26,1610612753
1631114,Jalen Williams,26,755.5,29.058,141.0,142.0,-1.0,5.423,5.462,-0.038,207.354,141.664,65.69,7.975,5.449,2.527,2025-11-28,2026-02-11,1610612760
1628370,Malik Monk,48,1058.63,22.055,-144.0,-343.0,199.0,-3.0,-7.146,4.146,-178.08,-298.793,120.712,-3.71,-6.225,2.515,2025-10-22,2026-02-26,1610612758
1628381,John Collins,53,1473.39,27.8,-5.0,-51.0,46.0,-0.094,-0.962,0.868,70.571,-62.624,133.204,1.332,-1.182,2.513,2025-10-22,2026-02-20,1610612746
1641778,Leaky Black,1,30.42,30.42,-22.0,-8.0,-14.0,-22.0,-8.0,-14.0,-11.868,-14.357,2.49,-11.868,-14.357,2.49,2026-02-26,2026-02-26,1610612764
1629029,Luka Dončić,46,1639.66,35.645,24.0,19.0,5.0,0.522,0.413,0.109,95.547,-16.955,112.507,2.077,-0.369,2.446,2025-10-21,2026-02-26,1610612747
1642281,Jaylon Tyson,55,1506.86,27.397,122.0,130.0,-8.0,2.218,2.364,-0.145,230.983,96.62,134.361,4.2,1.757,2.443,2025-10-22,2026-02-25,1610612739
1630217,Desmond Bane,58,1978.65,34.115,81.0,-59.0,140.0,1.397,-1.017,2.414,85.769,-54.938,140.7,1.479,-0.947,2.426,2025-10-22,2026-02-26,1610612753
201935,James Harden,51,1784.34,34.987,58.0,31.0,27.0,1.137,0.608,0.529,114.028,-9.472,123.5,2.236,-0.186,2.422,2025-10-22,2026-02-24,1610612739
1642851,Kon Knueppel,59,1884.27,31.937,164.0,14.0,150.0,2.78,0.237,2.542,151.096,9.024,142.078,2.561,0.153,2.408,2025-10-22,2026-02-26,1610612766
1641725,Trey Alexander,5,41.64,8.328,0.0,-26.0,26.0,0.0,-5.2,5.2,-16.407,-28.435,12.027,-3.281,-5.687,2.405,2025-11-30,2026-01-09,1610612740
1628386,Jarrett Allen,48,1320.63,27.513,183.0,58.0,125.0,3.812,1.208,2.604,204.422,89.26,115.161,4.259,1.86,2.399,2025-10-22,2026-02-25,1610612739
1631342,Daeqwon Plowden,12,263.94,21.995,-74.0,-112.0,38.0,-6.167,-9.333,3.167,-27.708,-55.767,28.058,-2.309,-4.647,2.338,2025-11-12,2026-02-26,1610612758
1631095,Jabari Smith Jr.,57,1984.93,34.823,196.0,120.0,76.0,3.439,2.105,1.333,182.232,49.439,132.785,3.197,0.867,2.33,2025-10-21,2026-02-26,1610612745
1628978,Donte DiVincenzo,60,1866.68,31.111,335.0,-66.0,401.0,5.583,-1.1,6.683,183.906,44.555,139.346,3.065,0.743,2.322,2025-10-22,2026-02-26,1610612750
1630178,Tyrese Maxey,57,2189.61,38.414,133.0,-96.0,229.0,2.333,-1.684,4.018,59.18,-73.089,132.267,1.038,-1.282,2.32,2025-10-22,2026-02-26,1610612755
1631217,Moussa Diabaté,52,1318.18,25.35,205.0,-31.0,236.0,3.942,-0.596,4.538,145.556,26.968,118.587,2.799,0.519,2.281,2025-10-22,2026-02-26,1610612766
1631170,Jaime Jaquez Jr.,55,1574.35,28.625,139.0,40.0,99.0,2.527,0.727,1.8,125.999,1.072,124.923,2.291,0.019,2.271,2025-10-22,2026-02-26,1610612748
1631116,Patrick Baldwin Jr.,5,41.23,8.246,-9.0,-21.0,12.0,-1.8,-4.2,2.4,2.545,-8.735,11.278,0.509,-1.747,2.256,2026-01-20,2026-02-26,1610612758
1629645,Kevin Porter Jr.,32,1080.95,33.78,-20.0,-17.0,-3.0,-0.625,-0.531,-0.094,31.269,-38.728,69.995,0.977,-1.21,2.187,2025-10-22,2026-02-25,1610612749
1629004,Svi Mykhailiuk,47,1097.06,23.342,-93.0,-286.0,193.0,-1.979,-6.085,4.106,-107.499,-209.41,101.913,-2.287,-4.456,2.168,2025-10-22,2026-02-26,1610612762
1630596,Evan Mobley,45,1469.93,32.665,168.0,-19.0,187.0,3.733,-0.422,4.156,163.643,66.835,96.81,3.637,1.485,2.151,2025-10-22,2026-02-24,1610612739
1627826,Ivica Zubac,43,1328.42,30.893,-2.0,-127.0,125.0,-0.047,-2.953,2.907,20.44,-69.411,89.849,0.475,-1.614,2.09,2025-10-22,2026-02-02,1610612746
1642879,Ben Saraf,22,383.55,17.434,-60.0,-132.0,72.0,-2.727,-6.0,3.273,-52.173,-97.799,45.627,-2.372,-4.445,2.074,2025-10-22,2026-02-11,1610612751
1630543,Isaiah Jackson,40,647.41,16.185,-86.0,-244.0,158.0,-2.15,-6.1,3.95,-102.838,-184.52,81.683,-2.571,-4.613,2.042,2025-10-23,2026-02-19,1610612746
1628467,Maxi Kleber,32,347.27,10.852,49.0,-185.0,234.0,1.531,-5.781,7.312,4.871,-60.228,65.1,0.152,-1.882,2.034,2025-11-08,2026-02-26,1610612747
1630692,Jordan Goodwin,54,1206.47,22.342,83.0,-8.0,91.0,1.537,-0.148,1.685,65.235,-43.968,109.198,1.208,-0.814,2.022,2025-10-24,2026-02-21,1610612756
1630558,Davion Mitchell,49,1407.51,28.725,224.0,-54.0,278.0,4.571,-1.102,5.673,70.562,-24.75,95.307,1.44,-0.505,1.945,2025-10-22,2026-02-26,1610612748
1630695,Micah Potter,27,532.7,19.73,-62.0,-165.0,103.0,-2.296,-6.111,3.815,-127.48,-179.328,51.848,-4.721,-6.642,1.92,2025-12-26,2026-02-26,1610612754
203084,Harrison Barnes,59,1594.24,27.021,235.0,161.0,74.0,3.983,2.729,1.254,266.638,154.049,112.584,4.519,2.611,1.908,2025-10-22,2026-02-26,1610612759
1628374,Lauri Markkanen,42,1442.62,34.348,-55.0,-150.0,95.0,-1.31,-3.571,2.262,-49.214,-126.836,77.624,-1.172,-3.02,1.848,2025-10-22,2026-02-23,1610612762
1631111,Wendell Moore Jr.,5,54.46,10.892,43.0,21.0,22.0,8.6,4.2,4.4,33.29,24.11,9.178,6.658,4.822,1.836,2025-11-12,2026-02-06,1610612765
1642849,Nolan Traore,36,799.48,22.208,-134.0,-180.0,46.0,-3.722,-5.0,1.278,-96.431,-161.403,64.971,-2.679,-4.483,1.805,2025-10-22,2026-02-26,1610612751
1628997,Caleb Martin,50,719.72,14.394,-115.0,-49.0,-66.0,-2.3,-0.98,-1.32,-56.249,-145.511,89.258,-1.125,-2.91,1.785,2025-10-22,2026-02-26,1610612742
1627884,Derrick Jones Jr.,26,681.8,26.223,5.0,-52.0,57.0,0.192,-2.0,2.192,25.577,-20.436,46.012,0.984,-0.786,1.77,2025-10-22,2026-02-26,1610612746
1629027,Trae Young,10,280.11,28.011,-37.0,-26.0,-11.0,-3.7,-2.6,-1.1,-21.498,-39.005,17.506,-2.15,-3.9,1.751,2025-10-22,2025-12-27,1610612737
1631321,Sidy Cissoko,54,1178.62,21.826,-51.0,-81.0,30.0,-0.944,-1.5,0.556,-11.262,-104.125,92.861,-0.209,-1.928,1.72,2025-10-27,2026-02-26,1610612757
1630538,Bones Hyland,51,751.85,14.742,93.0,171.0,-78.0,1.824,3.353,-1.529,154.519,67.641,86.876,3.03,1.326,1.703,2025-10-22,2026-02-26,1610612750
1642935,Chucky Hepburn,2,13.23,6.615,-16.0,-22.0,6.0,-8.0,-11.0,3.0,-8.591,-11.994,3.403,-4.296,-5.997,1.702,2025-11-30,2025-12-09,1610612761
1627759,Brown,1,29.95,29.95,25.0,12.0,13.0,25.0,12.0,13.0,9.702,8.055,1.647,9.702,8.055,1.647,2026-02-27,2026-02-27,1610612738
1630202,Payton Pritchard,57,1864.89,32.717,224.0,153.0,71.0,3.93,2.684,1.246,254.359,161.205,93.152,4.462,2.828,1.634,2025-10-22,2026-02-25,1610612738
1642864,Hugo González,53,794.63,14.993,245.0,114.0,131.0,4.623,2.151,2.472,227.543,141.454,86.086,4.293,2.669,1.624,2025-10-24,2026-02-25,1610612738
1631221,Collin Gillespie,59,1693.7,28.707,135.0,-93.0,228.0,2.288,-1.576,3.864,33.328,-62.013,95.338,0.565,-1.051,1.616,2025-10-22,2026-02-26,1610612756
1642859,Jase Richardson,42,490.59,11.681,19.0,-47.0,66.0,0.452,-1.119,1.571,28.809,-38.739,67.547,0.686,-0.922,1.608,2025-10-25,2026-02-24,1610612753
1630619,Moussa Cisse,31,365.96,11.805,-20.0,-85.0,65.0,-0.645,-2.742,2.097,-52.741,-102.296,49.55,-1.701,-3.3,1.598,2025-10-22,2026-02-26,1610612742
1630529,Herbert Jones,37,1069.33,28.901,-61.0,-67.0,6.0,-1.649,-1.811,0.162,-69.646,-128.521,58.873,-1.882,-3.474,1.591,2025-10-22,2026-02-26,1610612740
1631121,Bryce McGowens,36,742.07,20.613,-62.0,-184.0,122.0,-1.722,-5.111,3.389,-110.484,-165.801,55.316,-3.069,-4.606,1.537,2025-10-27,2026-02-26,1610612740
1628368,De'Aaron Fox,50,1579.59,31.592,224.0,116.0,108.0,4.48,2.32,2.16,194.172,118.08,76.084,3.883,2.362,1.522,2025-11-08,2026-02-26,1610612759
1642285,Cam Spencer,55,1314.23,23.895,-42.0,-111.0,69.0,-0.764,-2.018,1.255,-9.905,-93.613,83.707,-0.18,-1.702,1.522,2025-10-22,2026-02-25,1610612763
1630557,Corey Kispert,40,816.53,20.413,-159.0,-145.0,-14.0,-3.975,-3.625,-0.35,-122.933,-183.196,60.261,-3.073,-4.58,1.507,2025-10-22,2026-02-26,1610612737
1641723,Kobe Bufkin,7,74.62,10.66,-20.0,-2.0,-18.0,-2.857,-0.286,-2.571,-24.535,-34.917,10.381,-3.505,-4.988,1.483,2026-01-13,2026-02-22,1610612747
201939,Stephen Curry,39,1221.68,31.325,62.0,115.0,-53.0,1.59,2.949,-1.359,110.975,54.246,56.729,2.846,1.391,1.455,2025-10-21,2026-01-30,1610612744
1642860,Will Riley,50,857.78,17.156,-236.0,-309.0,73.0,-4.72,-6.18,1.46,-239.029,-311.5,72.467,-4.781,-6.23,1.449,2025-10-22,2026-02-26,1610612764
203114,Khris Middleton,40,975.22,24.38,-164.0,-203.0,39.0,-4.1,-5.075,0.975,-146.523,-203.751,57.229,-3.663,-5.094,1.431,2025-10-22,2026-02-26,1610612742
1631216,Caleb Houstan,10,49.33,4.933,-5.0,19.0,-24.0,-0.5,1.9,-2.4,5.606,-8.686,14.294,0.561,-0.869,1.429,2025-10-25,2026-01-17,1610612737
1642907,Cedric Coward,48,1263.36,26.32,40.0,-135.0,175.0,0.833,-2.812,3.646,7.229,-61.223,68.457,0.151,-1.275,1.426,2025-10-22,2026-02-09,1610612763
1641783,Tristan da Silva,53,1223.25,23.08,28.0,35.0,-7.0,0.528,0.66,-0.132,74.533,-0.268,74.804,1.406,-0.005,1.411,2025-10-22,2026-02-26,1610612753
1629057,Robert Williams III,41,669.81,16.337,-17.0,-107.0,90.0,-0.415,-2.61,2.195,-30.874,-87.64,56.765,-0.753,-2.138,1.385,2025-10-31,2026-02-26,1610612757
1630166,Deni Avdija,48,1607.89,33.498,-52.0,-106.0,54.0,-1.083,-2.208,1.125,-63.065,-128.113,65.048,-1.314,-2.669,1.355,2025-10-22,2026-02-22,1610612757
1629656,Quentin Grimes,53,1564.06,29.511,52.0,28.0,24.0,0.981,0.528,0.453,48.849,-22.615,71.463,0.922,-0.427,1.348,2025-10-22,2026-02-26,1610612755
1629060,Rui Hachimura,47,1387.44,29.52,11.0,16.0,-5.0,0.234,0.34,-0.106,45.765,-17.447,63.214,0.974,-0.371,1.345,2025-10-21,2026-02-24,1610612747
203944,Julius Randle,60,2004.32,33.405,217.0,52.0,165.0,3.617,0.867,2.75,154.534,73.934,80.6,2.576,1.232,1.343,2025-10-22,2026-02-26,1610612750
1631157,Ryan Rollins,55,1772.1,32.22,-29.0,-170.0,141.0,-0.527,-3.091,2.564,-73.875,-147.197,73.317,-1.343,-2.676,1.333,2025-10-22,2026-02-25,1610612749
1630631,Jose Alvarado,48,1045.74,21.786,-44.0,-199.0,155.0,-0.917,-4.146,3.229,-96.634,-160.27,63.64,-2.013,-3.339,1.326,2025-10-24,2026-02-24,1610612752
1642419,Jamison Battle,42,354.44,8.439,98.0,5.0,93.0,2.333,0.119,2.214,71.396,16.268,55.13,1.7,0.387,1.313,2025-10-22,2026-02-25,1610612761
1630551,Justin Champagnie,53,1010.69,19.07,-267.0,-357.0,90.0,-5.038,-6.736,1.698,-272.284,-341.74,69.449,-5.137,-6.448,1.31,2025-10-22,2026-02-26,1610612764
1629020,Jarred Vanderbilt,49,905.7,18.484,9.0,-40.0,49.0,0.184,-0.816,1.0,29.233,-34.898,64.131,0.597,-0.712,1.309,2025-10-21,2026-02-26,1610612747
1629013,Landry Shamet,34,756.04,22.236,59.0,162.0,-103.0,1.735,4.765,-3.029,147.447,103.677,43.767,4.337,3.049,1.287,2025-10-22,2026-02-24,1610612752
1630224,Jalen Green,12,241.65,20.138,-2.0,-11.0,9.0,-0.167,-0.917,0.75,-11.095,-26.466,15.372,-0.925,-2.206,1.281,2025-11-06,2026-02-26,1610612756
1631207,Dalen Terry,37,392.49,10.608,-35.0,-133.0,98.0,-0.946,-3.595,2.649,-15.768,-62.756,46.988,-0.426,-1.696,1.27,2025-10-22,2026-02-24,1610612755
1630183,Jaden McDaniels,58,1870.9,32.257,203.0,44.0,159.0,3.5,0.759,2.741,129.815,57.931,71.884,2.238,0.999,1.239,2025-10-22,2026-02-26,1610612750
1629634,Brandon Clarke,2,20.44,10.22,-12.0,10.0,-22.0,-6.0,5.0,-11.0,-0.939,-3.392,2.454,-0.47,-1.696,1.227,2025-12-17,2025-12-20,1610612763
1627739,Kris Dunn,58,1611.89,27.791,-35.0,2.0,-37.0,-0.603,0.034,-0.638,44.939,-26.183,71.125,0.775,-0.451,1.226,2025-10-22,2026-02-26,1610612746
1631123,Jamaree Bouyea,33,512.02,15.516,-2.0,-79.0,77.0,-0.061,-2.394,2.333,-11.084,-50.612,39.531,-0.336,-1.534,1.198,2025-11-18,2026-02-26,1610612756
202710,Jimmy Butler III,38,1181.67,31.097,185.0,-3.0,188.0,4.868,-0.079,4.947,96.838,51.562,45.275,2.548,1.357,1.191,2025-10-21,2026-01-19,1610612744
1630572,Sandro Mamukelashvili,57,1267.85,22.243,86.0,-1.0,87.0,1.509,-0.018,1.526,61.027,-6.57,67.598,1.071,-0.115,1.186,2025-10-22,2026-02-25,1610612761
1631210,Jacob Toppin,5,16.87,3.374,13.0,8.0,5.0,2.6,1.6,1.0,15.126,9.324,5.803,3.025,1.865,1.161,2025-10-25,2025-11-25,1610612737
1631451,Javonte Cooke,17,88.8,5.224,-55.0,-121.0,66.0,-3.235,-7.118,3.882,-26.776,-46.474,19.701,-1.575,-2.734,1.159,2025-11-19,2026-02-20,1610612757
1642862,Liam McNeeley,28,342.04,12.216,19.0,-51.0,70.0,0.679,-1.821,2.5,30.62,-1.702,32.32,1.094,-0.061,1.154,2025-10-26,2026-01-28,1610612766
1642856,Egor Dëmin,51,1286.53,25.226,-152.0,-234.0,82.0,-2.98,-4.588,1.608,-113.021,-170.367,57.343,-2.216,-3.341,1.124,2025-10-22,2026-02-26,1610612751
1641730,Noah Clowney,52,1474.89,28.363,-178.0,-197.0,19.0,-3.423,-3.788,0.365,-110.516,-168.623,58.11,-2.125,-3.243,1.118,2025-10-22,2026-02-26,1610612751
1629640,Keldon Johnson,59,1384.19,23.461,175.0,221.0,-46.0,2.966,3.746,-0.78,242.869,177.82,65.046,4.116,3.014,1.102,2025-10-22,2026-02-26,1610612759
1626167,Myles Turner,53,1495.24,28.212,-53.0,-106.0,53.0,-1.0,-2.0,1.0,-61.608,-119.395,57.785,-1.162,-2.253,1.09,2025-10-22,2026-02-25,1610612749
1626181,Norman Powell,49,1470.2,30.004,121.0,18.0,103.0,2.469,0.367,2.102,61.438,9.415,52.015,1.254,0.192,1.062,2025-10-22,2026-02-26,1610612748
1642347,Jamal Shead,59,1309.66,22.198,120.0,-11.0,131.0,2.034,-0.186,2.22,68.952,7.829,61.119,1.169,0.133,1.036,2025-10-22,2026-02-25,1610612761
1642502,Malevy Leons,6,38.92,6.487,-12.0,10.0,-22.0,-2.0,1.667,-3.667,6.784,0.623,6.162,1.131,0.104,1.027,2026-01-19,2026-02-25,1610612744
1627936,Alex Caruso,39,712.45,18.268,303.0,257.0,46.0,7.769,6.59,1.179,320.656,281.564,39.095,8.222,7.22,1.002,2025-10-21,2026-02-24,1610612760
1628969,Mikal Bridges,59,2013.88,34.134,223.0,94.0,129.0,3.78,1.593,2.186,183.711,126.143,57.573,3.114,2.138,0.976,2025-10-22,2026-02-24,1610612752
1642366,Quinten Post,58,1001.44,17.266,88.0,41.0,47.0,1.517,0.707,0.81,104.407,48.265,56.136,1.8,0.832,0.968,2025-10-21,2026-02-25,1610612744
1630643,Jay Huff,60,1216.48,20.275,-244.0,-235.0,-9.0,-4.067,-3.917,-0.15,-244.375,-301.589,57.212,-4.073,-5.026,0.954,2025-10-23,2026-02-26,1610612754
1641810,Antonio Reeves,8,61.45,7.681,22.0,-38.0,60.0,2.75,-4.75,7.5,15.559,7.985,7.575,1.945,0.998,0.947,2025-11-14,2026-02-20,1610612766
1628976,Wendell Carter Jr.,56,1661.26,29.665,45.0,-24.0,69.0,0.804,-0.429,1.232,36.761,-13.782,50.541,0.656,-0.246,0.903,2025-10-22,2026-02-26,1610612753
1630175,Cole Anthony,35,526.61,15.046,-111.0,-106.0,-5.0,-3.171,-3.029,-0.143,-98.851,-129.389,30.541,-2.824,-3.697,0.873,2025-10-22,2026-02-03,1610612749
203468,CJ McCollum,56,1675.27,29.916,-125.0,-261.0,136.0,-2.232,-4.661,2.429,-167.091,-215.916,48.824,-2.984,-3.856,0.872,2025-10-22,2026-02-26,1610612737
1627759,Jaylen Brown,52,1782.34,34.276,156.0,132.0,24.0,3.0,2.538,0.462,172.468,128.774,43.695,3.317,2.476,0.84,2025-10-22,2026-02-25,1610612738
1641763,Julian Phillips,38,345.67,9.097,-8.0,-189.0,181.0,-0.211,-4.974,4.763,-30.123,-61.836,31.715,-0.793,-1.627,0.835,2025-10-25,2026-02-22,1610612750
1629652,Luguentz Dort,49,1373.01,28.021,233.0,247.0,-14.0,4.755,5.041,-0.286,306.206,267.856,38.35,6.249,5.466,0.783,2025-10-21,2026-02-25,1610612760
1630249,Vít Krejčí,56,1227.05,21.912,-29.0,-24.0,-5.0,-0.518,-0.429,-0.089,0.855,-41.473,42.328,0.015,-0.741,0.756,2025-10-24,2026-02-26,1610612757
1628973,Jalen Brunson,54,1873.77,34.699,246.0,96.0,150.0,4.556,1.778,2.778,173.42,134.378,39.043,3.211,2.488,0.723,2025-10-22,2026-02-24,1610612752
1629638,Nickeil Alexander-Walker,58,1924.7,33.184,-18.0,-68.0,50.0,-0.31,-1.172,0.862,-29.853,-70.938,41.083,-0.515,-1.223,0.708,2025-10-22,2026-02-24,1610612737
1642911,Rocco Zikarsky,1,3.88,3.88,-2.0,-25.0,23.0,-2.0,-25.0,23.0,0.769,0.087,0.682,0.769,0.087,0.682,2026-02-22,2026-02-22,1610612750
1641764,Brandin Podziemski,59,1604.57,27.196,100.0,18.0,82.0,1.695,0.305,1.39,93.006,55.264,37.743,1.576,0.937,0.64,2025-10-21,2026-02-25,1610612744
1628960,Grayson Allen,38,1147.88,30.207,26.0,-8.0,34.0,0.684,-0.211,0.895,-6.82,-30.329,23.511,-0.179,-0.798,0.619,2025-10-22,2026-02-26,1610612756
1631132,Christian Koloko,21,309.3,14.729,13.0,26.0,-13.0,0.619,1.238,-0.619,-12.794,-25.652,12.855,-0.609,-1.222,0.612,2025-10-24,2026-02-26,1610612737
1629675,Naz Reid,59,1550.52,26.28,170.0,126.0,44.0,2.881,2.136,0.746,131.334,96.28,35.051,2.226,1.632,0.594,2025-10-22,2026-02-26,1610612750
1631288,Jamal Cain,20,137.32,6.866,3.0,44.0,-41.0,0.15,2.2,-2.05,9.481,-2.206,11.685,0.474,-0.11,0.584,2025-11-14,2026-02-19,1610612753
1631212,Peyton Watson,49,1501.89,30.651,176.0,26.0,150.0,3.592,0.531,3.061,8.136,-20.012,28.153,0.166,-0.408,0.575,2025-10-23,2026-02-04,1610612743
1630560,Thomas,1,17.05,17.05,-18.0,-11.0,-7.0,-18.0,-11.0,-7.0,-6.609,-7.183,0.575,-6.609,-7.183,0.575,2026-02-27,2026-02-27,1610612749
1642848,Tre Johnson,45,1099.46,24.432,-181.0,-265.0,84.0,-4.022,-5.889,1.867,-212.038,-237.226,25.187,-4.712,-5.272,0.56,2025-10-22,2026-02-26,1610612764
202691,Klay Thompson,53,1168.66,22.05,-84.0,-108.0,24.0,-1.585,-2.038,0.453,-98.408,-127.447,29.044,-1.857,-2.405,0.548,2025-10-22,2026-02-26,1610612742
1642264,Stephon Castle,49,1455.82,29.711,196.0,182.0,14.0,4.0,3.714,0.286,207.481,181.318,26.163,4.234,3.7,0.534,2025-10-22,2026-02-26,1610612759
1642262,Cody Williams,45,902.95,20.066,-205.0,-171.0,-34.0,-4.556,-3.8,-0.756,-142.259,-165.89,23.632,-3.161,-3.686,0.525,2025-10-22,2026-02-26,1610612762
1641737,Adem Bona,50,826.0,16.52,14.0,64.0,-50.0,0.28,1.28,-1.0,27.315,1.268,26.047,0.546,0.025,0.521,2025-10-22,2026-02-26,1610612755
1626156,D'Angelo Russell,26,494.81,19.031,-41.0,-85.0,44.0,-1.577,-3.269,1.692,-64.277,-77.719,13.442,-2.472,-2.989,0.517,2025-10-22,2026-01-10,1610612742
1628991,Jaren Jackson Jr.,48,1454.54,30.303,-63.0,-25.0,-38.0,-1.312,-0.521,-0.792,-34.122,-58.112,23.99,-0.711,-1.211,0.5,2025-10-22,2026-02-11,1610612762
203954,Joel Embiid,33,1029.01,31.182,127.0,3.0,124.0,3.848,0.091,3.758,70.496,54.34,16.161,2.136,1.647,0.49,2025-10-22,2026-02-26,1610612755
1641722,Jordan Hawkins,38,503.91,13.261,-95.0,-202.0,107.0,-2.5,-5.316,2.816,-147.463,-165.215,17.753,-3.881,-4.348,0.467,2025-10-22,2026-02-21,1610612740
1642271,Kyle Filipowski,58,1286.31,22.178,-199.0,-256.0,57.0,-3.431,-4.414,0.983,-176.001,-202.054,26.049,-3.034,-3.484,0.449,2025-10-22,2026-02-26,1610612762
1630182,Josh Green,36,594.25,16.507,124.0,142.0,-18.0,3.444,3.944,-0.5,61.299,45.688,15.61,1.703,1.269,0.434,2025-12-12,2026-02-26,1610612766
202699,Tobias Harris,41,1148.86,28.021,184.0,140.0,44.0,4.488,3.415,1.073,141.721,124.231,17.489,3.457,3.03,0.427,2025-10-22,2026-02-25,1610612765
1631166,Drew Timme,18,149.93,8.329,17.0,9.0,8.0,0.944,0.5,0.444,-4.655,-12.316,7.66,-0.259,-0.684,0.426,2025-11-25,2026-02-12,1610612747
1629008,Michael Porter Jr.,46,1508.77,32.799,-140.0,-159.0,19.0,-3.043,-3.457,0.413,-88.874,-108.192,19.323,-1.932,-2.352,0.42,2025-10-22,2026-02-26,1610612751
1642876,Adou Thiero,17,98.25,5.779,1.0,-38.0,39.0,0.059,-2.235,2.294,11.397,4.399,6.995,0.67,0.259,0.411,2025-11-15,2026-02-12,1610612747
1642364,Jamir Watkins,30,558.69,18.623,-93.0,-169.0,76.0,-3.1,-5.633,2.533,-132.416,-143.611,11.2,-4.414,-4.787,0.373,2025-10-28,2026-02-24,1610612764
1629611,Terance Mann,50,1245.04,24.901,-171.0,-239.0,68.0,-3.42,-4.78,1.36,-127.542,-145.559,18.02,-2.551,-2.911,0.36,2025-10-22,2026-02-24,1610612751
1631243,Mouhamed Gueye,58,931.49,16.06,4.0,-39.0,43.0,0.069,-0.672,0.741,-11.559,-30.105,18.549,-0.199,-0.519,0.32,2025-10-22,2026-02-26,1610612737
1642867,Collin Murray-Boyles,47,1046.32,22.262,-20.0,43.0,-63.0,-0.426,0.915,-1.34,33.251,18.33,14.921,0.707,0.39,0.317,2025-10-26,2026-02-25,1610612761
1630541,Moses Moody,57,1450.86,25.454,99.0,3.0,96.0,1.737,0.053,1.684,80.888,63.596,17.295,1.419,1.116,0.303,2025-10-24,2026-02-25,1610612744
1631200,Kris Murray,38,962.43,25.327,-66.0,-84.0,18.0,-1.737,-2.211,0.474,-41.14,-51.875,10.738,-1.083,-1.365,0.283,2025-10-22,2026-02-26,1610612757
1631124,Julian Strawther,36,539.88,14.997,40.0,152.0,-112.0,1.111,4.222,-3.111,33.873,24.857,9.011,0.941,0.69,0.25,2025-10-25,2026-02-25,1610612743
203500,Steven Adams,32,730.35,22.823,194.0,44.0,150.0,6.062,1.375,4.688,112.23,104.313,7.916,3.507,3.26,0.247,2025-10-21,2026-01-18,1610612745
1642845,VJ Edgecombe,55,1942.82,35.324,45.0,46.0,-1.0,0.818,0.836,-0.018,25.573,12.734,12.841,0.465,0.232,0.233,2025-10-22,2026-02-26,1610612755
1642355,Bronny James,29,210.62,7.263,-7.0,-69.0,62.0,-0.241,-2.379,2.138,-37.805,-43.989,6.183,-1.304,-1.517,0.213,2025-10-24,2026-02-12,1610612747
201572,Brook Lopez,51,993.53,19.481,-11.0,25.0,-36.0,-0.216,0.49,-0.706,13.996,3.242,10.747,0.274,0.064,0.211,2025-10-22,2026-02-26,1610612746
1628404,Josh Hart,47,1427.71,30.377,161.0,188.0,-27.0,3.426,4.0,-0.574,166.199,156.64,9.559,3.536,3.333,0.203,2025-10-24,2026-02-24,1610612752
203501,Tim Hardaway Jr.,58,1572.01,27.104,164.0,117.0,47.0,2.828,2.017,0.81,39.793,28.751,11.042,0.686,0.496,0.19,2025-10-23,2026-02-25,1610612743
1630228,Jonathan Kuminga,22,530.3,24.105,10.0,20.0,-10.0,0.455,0.909,-0.455,42.376,38.738,3.638,1.926,1.761,0.165,2025-10-21,2026-02-26,1610612737
1642844,Dylan Harper,48,1058.86,22.06,224.0,125.0,99.0,4.667,2.604,2.062,173.895,166.108,7.788,3.623,3.461,0.162,2025-10-22,2026-02-26,1610612759
201587,Nicolas Batum,55,1063.47,19.336,-20.0,9.0,-29.0,-0.364,0.164,-0.527,17.332,8.453,8.878,0.315,0.154,0.161,2025-10-22,2026-02-26,1610612746
1629012,Collin Sexton,50,1118.56,22.371,-52.0,58.0,-110.0,-1.04,1.16,-2.2,43.206,36.065,7.143,0.864,0.721,0.143,2025-10-22,2026-02-26,1610612741
1631159,Leonard Miller,24,135.1,5.629,-3.0,44.0,-47.0,-0.125,1.833,-1.958,-12.677,-15.221,2.545,-0.528,-0.634,0.106,2025-10-24,2026-02-26,1610612741
1630172,Patrick Williams,55,1074.39,19.534,-249.0,-83.0,-166.0,-4.527,-1.509,-3.018,-115.778,-121.511,5.733,-2.105,-2.209,0.104,2025-10-22,2026-02-24,1610612741
202699,Harris,1,36.95,36.95,0.0,3.0,-3.0,0.0,3.0,-3.0,5.832,5.741,0.091,5.832,5.741,0.091,2026-02-27,2026-02-27,1610612765
203924,Jerami Grant,44,1289.82,29.314,-3.0,-101.0,98.0,-0.068,-2.295,2.227,-6.545,-9.448,2.899,-0.149,-0.215,0.066,2025-10-22,2026-02-26,1610612757
1642282,Hunter Sallis,7,25.66,3.666,-13.0,-2.0,-11.0,-1.857,-0.286,-1.571,-24.151,-24.59,0.438,-3.45,-3.513,0.063,2025-10-27,2025-12-23,1610612755
1631230,Dominick Barlow,48,1162.06,24.21,16.0,17.0,-1.0,0.333,0.354,-0.021,0.957,-1.544,2.503,0.02,-0.032,0.052,2025-10-22,2026-02-26,1610612755
1629680,Matisse Thybulle,8,94.86,11.858,4.0,-26.0,30.0,0.5,-3.25,3.75,14.273,13.868,0.406,1.784,1.733,0.051,2025-10-22,2026-02-26,1610612757
1629630,Ja Morant,20,568.49,28.425,-50.0,24.0,-74.0,-2.5,1.2,-3.7,-15.678,-15.325,-0.35,-0.784,-0.766,-0.017,2025-10-22,2026-01-21,1610612763
1630532,Franz Wagner,28,891.03,31.822,36.0,67.0,-31.0,1.286,2.393,-1.107,67.581,68.254,-0.673,2.414,2.438,-0.024,2025-10-22,2026-02-11,1610612753
1642346,Ryan Dunn,53,1060.25,20.005,-15.0,61.0,-76.0,-0.283,1.151,-1.434,-22.961,-20.105,-2.855,-0.433,-0.379,-0.054,2025-10-22,2026-02-26,1610612756
1630592,Jalen Wilson,38,541.04,14.238,-134.0,-314.0,180.0,-3.526,-8.263,4.737,-115.29,-111.757,-3.535,-3.034,-2.941,-0.093,2025-10-22,2026-02-26,1610612751
1628379,Luke Kennard,54,1114.59,20.641,-19.0,-13.0,-6.0,-0.352,-0.241,-0.111,-67.7,-61.31,-6.388,-1.254,-1.135,-0.118,2025-10-22,2026-02-26,1610612747
1630611,Gui Santos,48,769.69,16.035,69.0,14.0,55.0,1.438,0.292,1.146,64.048,70.14,-6.093,1.334,1.461,-0.127,2025-10-21,2026-02-25,1610612744
1641707,Taylor Hendricks,41,680.97,16.609,-240.0,-163.0,-77.0,-5.854,-3.976,-1.878,-165.207,-159.167,-6.043,-4.029,-3.882,-0.147,2025-10-22,2026-02-25,1610612763
1630165,Killian Hayes,3,49.18,16.393,-8.0,-5.0,-3.0,-2.667,-1.667,-1.0,2.873,3.378,-0.504,0.958,1.126,-0.168,2026-02-23,2026-02-26,1610612758
1642368,N'Faly Dante,4,15.42,3.855,10.0,17.0,-7.0,2.5,4.25,-1.75,7.944,8.773,-0.829,1.986,2.193,-0.207,2025-10-24,2025-11-08,1610612737
1641767,Ben Sheppard,49,1066.94,21.774,-224.0,-156.0,-68.0,-4.571,-3.184,-1.388,-234.809,-224.354,-10.456,-4.792,-4.579,-0.213,2025-10-23,2026-02-26,1610612754
1630533,Ziaire Williams,40,908.02,22.7,-201.0,-101.0,-100.0,-5.025,-2.525,-2.5,-128.171,-119.371,-8.8,-3.204,-2.984,-0.22,2025-10-22,2026-02-26,1610612751
1629028,Deandre Ayton,50,1406.18,28.124,-74.0,48.0,-122.0,-1.48,0.96,-2.44,4.509,15.622,-11.112,0.09,0.312,-0.222,2025-10-21,2026-02-26,1610612747
1628970,Miles Bridges,55,1753.05,31.874,19.0,145.0,-126.0,0.345,2.636,-2.291,69.556,82.123,-12.565,1.265,1.493,-0.228,2025-10-22,2026-02-26,1610612766
1630598,Aaron Wiggins,45,1075.78,23.906,172.0,268.0,-96.0,3.822,5.956,-2.133,252.703,264.497,-11.794,5.616,5.878,-0.262,2025-10-21,2026-02-25,1610612760
1642869,Noah Penda,40,530.21,13.255,-33.0,12.0,-45.0,-0.825,0.3,-1.125,6.217,16.772,-10.553,0.155,0.419,-0.264,2025-10-27,2026-02-21,1610612753
1628989,Kevin Huerter,49,1092.37,22.293,-14.0,49.0,-63.0,-0.286,1.0,-1.286,-16.623,-2.731,-13.895,-0.339,-0.056,-0.284,2025-10-22,2026-02-25,1610612765
1627750,Jamal Murray,54,1881.82,34.849,266.0,15.0,251.0,4.926,0.278,4.648,30.312,47.187,-16.871,0.561,0.874,-0.312,2025-10-23,2026-02-25,1610612743
1630579,Jericho Sims,43,713.79,16.6,-120.0,-65.0,-55.0,-2.791,-1.512,-1.279,-102.866,-88.215,-14.651,-2.392,-2.052,-0.341,2025-10-22,2026-02-25,1610612749
1628366,Lonzo Ball,35,727.73,20.792,32.0,2.0,30.0,0.914,0.057,0.857,38.887,51.021,-12.135,1.111,1.458,-0.347,2025-10-22,2026-02-01,1610612739
1630700,Dyson Daniels,58,1936.96,33.396,71.0,-53.0,124.0,1.224,-0.914,2.138,-25.266,-4.568,-20.698,-0.436,-0.079,-0.357,2025-10-22,2026-02-26,1610612737
1628371,Jonathan Isaac,49,506.32,10.333,-33.0,56.0,-89.0,-0.673,1.143,-1.816,-10.455,7.063,-17.518,-0.213,0.144,-0.358,2025-10-22,2026-02-26,1610612753
1642066,Myron Gardner,29,269.54,9.294,55.0,108.0,-53.0,1.897,3.724,-1.828,79.423,90.438,-11.014,2.739,3.119,-0.38,2025-10-28,2026-02-24,1610612748
203110,Draymond Green,48,1278.95,26.645,-7.0,104.0,-111.0,-0.146,2.167,-2.312,63.428,83.692,-20.251,1.321,1.744,-0.422,2025-10-21,2026-02-24,1610612744
1631323,Simone Fontecchio,56,945.86,16.89,81.0,76.0,5.0,1.446,1.357,0.089,39.194,64.385,-25.185,0.7,1.15,-0.45,2025-10-22,2026-02-26,1610612748
1629111,Jock Landale,54,1241.86,22.997,-107.0,23.0,-130.0,-1.981,0.426,-2.407,-15.527,8.849,-24.377,-0.288,0.164,-0.451,2025-10-22,2026-02-26,1610612737
1641739,Toumani Camara,60,2008.25,33.471,-51.0,-92.0,41.0,-0.85,-1.533,0.683,-69.927,-42.117,-27.81,-1.165,-0.702,-0.463,2025-10-22,2026-02-26,1610612757
1641706,Brandon Miller,43,1292.19,30.051,195.0,74.0,121.0,4.535,1.721,2.814,70.165,91.742,-21.577,1.632,2.134,-0.502,2025-10-22,2026-02-26,1610612766
1641710,Anthony Black,58,1814.98,31.293,1.0,21.0,-20.0,0.017,0.362,-0.345,0.716,30.107,-29.397,0.012,0.519,-0.507,2025-10-22,2026-02-26,1610612753
1641796,Pelle Larsson,49,1213.2,24.759,39.0,146.0,-107.0,0.796,2.98,-2.184,41.513,66.403,-24.885,0.847,1.355,-0.508,2025-10-22,2026-02-26,1610612748
1628415,Dillon Brooks,50,1530.26,30.605,-33.0,103.0,-136.0,-0.66,2.06,-2.72,9.847,36.38,-26.527,0.197,0.728,-0.531,2025-10-22,2026-02-21,1610612756
1631133,Jabari Walker,50,595.73,11.915,34.0,74.0,-40.0,0.68,1.48,-0.8,-4.18,23.884,-28.063,-0.084,0.478,-0.561,2025-10-22,2026-02-26,1610612755
1642258,Zaccharie Risacher,47,1141.02,24.277,-38.0,41.0,-79.0,-0.809,0.872,-1.681,-24.012,3.923,-27.929,-0.511,0.083,-0.594,2025-10-22,2026-02-26,1610612737
203914,Gary Harris,39,559.46,14.345,-83.0,-146.0,63.0,-2.128,-3.744,1.615,-93.899,-69.919,-23.979,-2.408,-1.793,-0.615,2025-10-22,2026-02-22,1610612749
203992,Bogdan Bogdanović,18,389.2,21.622,-26.0,-91.0,65.0,-1.444,-5.056,3.611,-60.838,-49.484,-11.356,-3.38,-2.749,-0.631,2025-10-26,2026-02-26,1610612746
1627783,Pascal Siakam,52,1752.32,33.698,-157.0,-179.0,22.0,-3.019,-3.442,0.423,-230.623,-197.007,-33.616,-4.435,-3.789,-0.646,2025-10-23,2026-02-22,1610612754
1631246,Vince Williams Jr.,40,819.38,20.484,6.0,-63.0,69.0,0.15,-1.575,1.725,-29.759,-3.586,-26.176,-0.744,-0.09,-0.654,2025-10-31,2026-02-23,1610612762
1629011,Mitchell Robinson,42,821.52,19.56,80.0,139.0,-59.0,1.905,3.31,-1.405,75.513,103.025,-27.513,1.798,2.453,-0.655,2025-10-31,2026-02-24,1610612752
1641750,Ryan Kalkbrenner,48,1095.65,22.826,-18.0,158.0,-176.0,-0.375,3.292,-3.667,58.486,91.197,-32.709,1.218,1.9,-0.681,2025-10-22,2026-02-26,1610612766
1629632,Coby White,31,875.52,28.243,20.0,-59.0,79.0,0.645,-1.903,2.548,-8.846,12.427,-21.272,-0.285,0.401,-0.686,2025-11-16,2026-02-26,1610612766
1630173,Precious Achiuwa,53,1123.33,21.195,-223.0,-394.0,171.0,-4.208,-7.434,3.226,-295.527,-258.66,-36.869,-5.576,-4.88,-0.696,2025-11-05,2026-02-26,1610612758
1641729,Brice Sensabaugh,56,1237.86,22.105,-234.0,-229.0,-5.0,-4.179,-4.089,-0.089,-197.614,-158.013,-39.596,-3.529,-2.822,-0.707,2025-10-22,2026-02-26,1610612762
1641854,Craig Porter Jr.,52,917.24,17.639,65.0,230.0,-165.0,1.25,4.423,-3.173,168.799,206.685,-37.882,3.246,3.975,-0.728,2025-10-22,2026-02-25,1610612739
1630241,Sam Merrill,36,915.17,25.421,183.0,109.0,74.0,5.083,3.028,2.056,165.284,191.757,-26.471,4.591,5.327,-0.735,2025-10-22,2026-02-25,1610612739
1631107,Nikola Jović,45,791.39,17.586,17.0,79.0,-62.0,0.378,1.756,-1.378,5.937,39.106,-33.168,0.132,0.869,-0.737,2025-10-22,2026-02-20,1610612748
1626162,Kelly Oubre Jr.,37,1207.79,32.643,-3.0,50.0,-53.0,-0.081,1.351,-1.432,-2.881,25.278,-28.169,-0.078,0.683,-0.761,2025-10-22,2026-02-26,1610612755
1631222,Jake LaRavia,58,1531.54,26.406,-128.0,104.0,-232.0,-2.207,1.793,-4.0,-9.323,35.008,-44.336,-0.161,0.604,-0.764,2025-10-21,2026-02-26,1610612747
1629684,Grant Williams,18,362.71,20.151,122.0,67.0,55.0,6.778,3.722,3.056,59.158,73.562,-14.401,3.287,4.087,-0.8,2026-01-10,2026-02-26,1610612766
1641871,Duop Reath,32,258.17,8.068,-39.0,-43.0,4.0,-1.219,-1.344,0.125,-72.401,-44.837,-27.561,-2.263,-1.401,-0.861,2025-10-24,2026-01-18,1610612757
1642857,Kasparas Jakučionis,33,560.54,16.986,-4.0,103.0,-107.0,-0.121,3.121,-3.242,46.66,75.208,-28.541,1.414,2.279,-0.865,2025-12-01,2026-02-26,1610612748
203952,Andrew Wiggins,54,1684.03,31.186,46.0,81.0,-35.0,0.852,1.5,-0.648,-3.629,43.7,-47.33,-0.067,0.809,-0.876,2025-10-22,2026-02-26,1610612748
1641780,Johni Broome,11,54.75,4.977,-18.0,-27.0,9.0,-1.636,-2.455,0.818,-29.232,-19.337,-9.895,-2.657,-1.758,-0.9,2025-11-02,2026-02-11,1610612755
1642263,Reed Sheppard,58,1441.89,24.86,213.0,111.0,102.0,3.672,1.914,1.759,91.796,144.188,-52.392,1.583,2.486,-0.903,2025-10-21,2026-02-26,1610612745
1627751,Jakob Poeltl,25,621.27,24.851,22.0,57.0,-35.0,0.88,2.28,-1.4,16.466,39.265,-22.799,0.659,1.571,-0.912,2025-10-22,2026-02-25,1610612761
1631109,Mark Williams,55,1299.59,23.629,-17.0,76.0,-93.0,-0.309,1.382,-1.691,-38.437,13.078,-51.508,-0.699,0.238,-0.937,2025-10-22,2026-02-26,1610612756
1630573,Hauser,1,26.6,26.6,27.0,10.0,17.0,27.0,10.0,17.0,8.409,9.347,-0.938,8.409,9.347,-0.938,2026-02-27,2026-02-27,1610612738
1631106,Tari Eason,36,940.96,26.138,94.0,131.0,-37.0,2.611,3.639,-1.028,79.798,113.724,-33.926,2.217,3.159,-0.942,2025-10-21,2026-02-26,1610612745
1631101,Shaedon Sharpe,48,1439.04,29.98,-59.0,-55.0,-4.0,-1.229,-1.146,-0.083,-92.219,-46.526,-45.693,-1.921,-0.969,-0.952,2025-10-22,2026-02-06,1610612757
1643133,Lawson Lovering,2,49.27,24.635,1.0,2.0,-1.0,0.5,1.0,-0.5,3.874,5.8,-1.926,1.937,2.9,-0.963,2026-02-11,2026-02-20,1610612763
1642854,Asa Newell,40,445.0,11.125,-31.0,31.0,-62.0,-0.775,0.775,-1.55,-5.06,33.83,-38.887,-0.126,0.846,-0.972,2025-10-24,2026-02-26,1610612737
1641712,Rayan Rupert,50,627.55,12.551,-143.0,34.0,-177.0,-2.86,0.68,-3.54,-110.154,-61.49,-48.668,-2.203,-1.23,-0.973,2025-10-24,2026-02-25,1610612763
1642272,Jared McCain,45,772.5,17.167,88.0,1.0,87.0,1.956,0.022,1.933,-16.608,27.23,-43.84,-0.369,0.605,-0.974,2025-11-04,2026-02-25,1610612760
1629637,Jaxson Hayes,48,833.53,17.365,-5.0,-25.0,20.0,-0.104,-0.521,0.417,6.988,53.983,-47.0,0.146,1.125,-0.979,2025-10-21,2026-02-26,1610612747
1642949,Yanic Konan Niederhäuser,38,374.35,9.851,4.0,-8.0,12.0,0.105,-0.211,0.316,-0.287,37.176,-37.465,-0.008,0.978,-0.986,2025-10-22,2026-02-26,1610612746
1642883,Sion James,60,1423.58,23.726,-53.0,221.0,-274.0,-0.883,3.683,-4.567,48.496,109.821,-61.326,0.808,1.83,-1.022,2025-10-22,2026-02-26,1610612766
1642278,Tyler Kolek,49,639.12,13.043,80.0,195.0,-115.0,1.633,3.98,-2.347,89.24,141.272,-52.034,1.821,2.883,-1.062,2025-10-22,2026-02-24,1610612752
1630587,Isaiah Livers,32,330.58,10.331,22.0,83.0,-61.0,0.688,2.594,-1.906,-21.436,12.691,-34.13,-0.67,0.397,-1.067,2025-10-25,2026-02-22,1610612756
1642847,Jeremiah Fears,60,1531.53,25.526,-261.0,-56.0,-205.0,-4.35,-0.933,-3.417,-224.448,-159.702,-64.741,-3.741,-2.662,-1.079,2025-10-22,2026-02-26,1610612740
1642377,Jaylen Wells,56,1500.66,26.798,-103.0,-44.0,-59.0,-1.839,-0.786,-1.054,-81.872,-21.416,-60.456,-1.462,-0.382,-1.08,2025-10-22,2026-02-25,1610612763
1641724,Jett Howard,38,425.47,11.197,-21.0,48.0,-69.0,-0.553,1.263,-1.816,-13.809,28.016,-41.826,-0.363,0.737,-1.101,2025-10-24,2026-02-26,1610612753
1630811,Keaton Wallace,43,467.95,10.883,-67.0,66.0,-133.0,-1.558,1.535,-3.093,-50.462,-2.894,-47.568,-1.174,-0.067,-1.106,2025-10-22,2026-02-26,1610612737
203484,Kentavious Caldwell-Pope,51,1087.6,21.325,-114.0,20.0,-134.0,-2.235,0.392,-2.627,-57.558,0.453,-58.01,-1.129,0.009,-1.137,2025-10-22,2026-02-11,1610612763
1642875,Maxime Raynaud,53,1280.48,24.16,-332.0,-250.0,-82.0,-6.264,-4.717,-1.547,-285.485,-224.958,-60.529,-5.387,-4.244,-1.142,2025-10-22,2026-02-26,1610612758
1629014,Anfernee Simons,55,1371.86,24.943,98.0,161.0,-63.0,1.782,2.927,-1.145,123.953,186.884,-62.931,2.254,3.398,-1.144,2025-10-22,2026-02-21,1610612741
1642853,Rasheer Fleming,34,283.98,8.352,5.0,-1.0,6.0,0.147,-0.029,0.176,-29.016,10.006,-39.025,-0.853,0.294,-1.148,2025-10-24,2026-02-26,1610612756
1628975,Jevon Carter,29,371.91,12.824,-37.0,-38.0,1.0,-1.276,-1.31,0.034,-53.322,-19.876,-33.444,-1.839,-0.685,-1.153,2025-11-02,2026-02-26,1610612753
1642939,Kelly,1,30.97,30.97,-5.0,-14.0,9.0,-5.0,-14.0,9.0,-6.764,-5.607,-1.157,-6.764,-5.607,-1.157,2026-02-27,2026-02-27,1610612742
1629006,Josh Okogie,55,1078.59,19.611,74.0,241.0,-167.0,1.345,4.382,-3.036,88.551,154.808,-66.26,1.61,2.815,-1.205,2025-10-21,2026-02-26,1610612745
1630530,Trey Murphy III,52,1852.93,35.633,-190.0,-86.0,-104.0,-3.654,-1.654,-2.0,-190.782,-127.554,-63.222,-3.669,-2.453,-1.216,2025-10-22,2026-02-11,1610612740
1641824,Matas Buzelis,60,1710.61,28.51,-174.0,-109.0,-65.0,-2.9,-1.817,-1.083,-142.208,-68.676,-73.528,-2.37,-1.145,-1.225,2025-10-22,2026-02-26,1610612741
1642863,Khaman Maluach,26,136.87,5.264,-12.0,-23.0,11.0,-0.462,-0.885,0.423,-31.28,0.936,-32.216,-1.203,0.036,-1.239,2025-10-24,2026-02-24,1610612756
1642914,Small,1,25.82,25.82,12.0,7.0,5.0,12.0,7.0,5.0,5.563,6.809,-1.245,5.563,6.809,-1.245,2026-02-27,2026-02-27,1610612763
1642396,Blake Hinson,3,58.82,19.607,-11.0,-25.0,14.0,-3.667,-8.333,4.667,-18.168,-14.41,-3.76,-6.056,-4.803,-1.253,2026-02-12,2026-02-26,1610612762
1642939,Miles Kelly,13,102.77,7.905,-7.0,13.0,-20.0,-0.538,1.0,-1.538,-18.186,-1.411,-16.776,-1.399,-0.109,-1.29,2025-10-26,2026-02-24,1610612742
1642352,Keshad Johnson,23,163.87,7.125,31.0,74.0,-43.0,1.348,3.217,-1.87,27.872,57.824,-29.949,1.212,2.514,-1.302,2025-10-24,2026-02-21,1610612748
1642843,Cooper Flagg,49,1669.51,34.072,-155.0,-37.0,-118.0,-3.163,-0.755,-2.408,-135.791,-70.473,-65.316,-2.771,-1.438,-1.333,2025-10-22,2026-02-10,1610612742
1630230,Naji Marshall,57,1704.78,29.908,-75.0,-117.0,42.0,-1.316,-2.053,0.737,-149.649,-73.531,-76.117,-2.625,-1.29,-1.335,2025-10-22,2026-02-26,1610612742
1642866,Joan Beringer,29,201.58,6.951,38.0,98.0,-60.0,1.31,3.379,-2.069,25.336,64.618,-39.281,0.874,2.228,-1.355,2025-10-24,2026-02-22,1610612750
1629655,Daniel Gafford,41,875.66,21.358,-108.0,-102.0,-6.0,-2.634,-2.488,-0.146,-105.355,-49.616,-55.741,-2.57,-1.21,-1.36,2025-11-01,2026-02-24,1610612742
1627742,Brandon Ingram,57,1939.51,34.026,43.0,73.0,-30.0,0.754,1.281,-0.526,-4.984,72.887,-77.868,-0.087,1.279,-1.366,2025-10-22,2026-02-25,1610612761
1628386,Allen,1,31.47,31.47,-5.0,2.0,-7.0,-5.0,2.0,-7.0,-6.486,-5.087,-1.399,-6.486,-5.087,-1.399,2026-02-27,2026-02-27,1610612739
202696,Nikola Vučević,55,1649.0,29.982,-91.0,-10.0,-81.0,-1.655,-0.182,-1.473,-56.419,20.815,-77.24,-1.026,0.378,-1.404,2025-10-22,2026-02-25,1610612738
1641842,Ronald Holland II,53,1087.8,20.525,171.0,238.0,-67.0,3.226,4.491,-1.264,144.746,219.268,-74.516,2.731,4.137,-1.406,2025-10-22,2026-02-25,1610612765
203076,Anthony Davis,20,625.62,31.281,-50.0,-7.0,-43.0,-2.5,-0.35,-2.15,-61.771,-33.46,-28.309,-3.089,-1.673,-1.415,2025-10-22,2026-01-08,1610612742
1641731,Bilal Coulibaly,38,992.48,26.118,-221.0,-212.0,-9.0,-5.816,-5.579,-0.237,-233.007,-178.66,-54.348,-6.132,-4.702,-1.43,2025-10-30,2026-02-26,1610612764
1642367,Jonathan Mogbo,23,138.91,6.04,-21.0,-20.0,-1.0,-0.913,-0.87,-0.043,-31.052,3.323,-34.376,-1.35,0.144,-1.495,2025-10-22,2026-02-08,1610612761
1629723,John Konchar,37,593.75,16.047,-6.0,-64.0,58.0,-0.162,-1.73,1.568,-20.706,35.345,-56.055,-0.56,0.955,-1.515,2025-10-22,2026-02-26,1610612762
1642852,Derik Queen,59,1518.31,25.734,-235.0,-69.0,-166.0,-3.983,-1.169,-2.814,-233.29,-143.421,-89.871,-3.954,-2.431,-1.523,2025-10-22,2026-02-26,1610612740
1629627,Zion Williamson,44,1316.8,29.927,-105.0,-56.0,-49.0,-2.386,-1.273,-1.114,-147.704,-80.342,-67.362,-3.357,-1.826,-1.531,2025-10-22,2026-02-26,1610612740
1629731,Dean Wade,48,1086.66,22.639,127.0,59.0,68.0,2.646,1.229,1.417,107.853,182.003,-74.146,2.247,3.792,-1.545,2025-10-22,2026-02-25,1610612739
203083,Andre Drummond,44,867.89,19.725,-95.0,54.0,-149.0,-2.159,1.227,-3.386,-60.68,7.828,-68.507,-1.379,0.178,-1.557,2025-10-22,2026-02-24,1610612755
1630174,Aaron Nesmith,33,991.52,30.046,-110.0,-125.0,15.0,-3.333,-3.788,0.455,-177.764,-126.048,-51.718,-5.387,-3.82,-1.567,2025-10-23,2026-02-19,1610612754
1630581,Josh Giddey,39,1214.94,31.152,-100.0,-96.0,-4.0,-2.564,-2.462,-0.103,-125.695,-63.825,-61.871,-3.223,-1.637,-1.586,2025-10-22,2026-02-26,1610612741
1641740,Jaylen Clark,54,719.41,13.322,84.0,174.0,-90.0,1.556,3.222,-1.667,77.02,163.869,-86.853,1.426,3.035,-1.608,2025-10-22,2026-02-22,1610612750
1642353,Cam Christie,39,386.96,9.922,6.0,-57.0,63.0,0.154,-1.462,1.615,-25.179,39.182,-64.361,-0.646,1.005,-1.65,2025-10-22,2026-02-26,1610612746
1630573,Sam Hauser,55,1336.24,24.295,218.0,191.0,27.0,3.964,3.473,0.491,168.791,259.758,-90.967,3.069,4.723,-1.654,2025-10-22,2026-02-25,1610612738
201569,Eric Gordon,6,73.75,12.292,-31.0,15.0,-46.0,-5.167,2.5,-7.667,-17.845,-7.709,-10.138,-2.974,-1.285,-1.69,2025-10-27,2025-12-23,1610612755
1641775,Jordan Walsh,52,923.78,17.765,79.0,322.0,-243.0,1.519,6.192,-4.673,143.698,235.008,-91.311,2.763,4.519,-1.756,2025-10-24,2026-02-25,1610612738
1629618,Jalen Pickett,39,688.43,17.652,-15.0,200.0,-215.0,-0.385,5.128,-5.513,-33.297,37.129,-70.426,-0.854,0.952,-1.806,2025-10-25,2026-02-11,1610612743
1642275,Tidjane Salaün,35,569.67,16.276,0.0,162.0,-162.0,0.0,4.629,-4.629,-8.432,57.497,-65.938,-0.241,1.643,-1.884,2025-10-22,2026-02-22,1610612766
203903,Jordan Clarkson,52,964.45,18.547,11.0,252.0,-241.0,0.212,4.846,-4.635,86.666,185.785,-99.119,1.667,3.573,-1.906,2025-10-22,2026-02-24,1610612752
1630168,Onyeka Okongwu,55,1733.06,31.51,-110.0,52.0,-162.0,-2.0,0.945,-2.945,-97.96,7.168,-105.121,-1.781,0.13,-1.911,2025-10-22,2026-02-26,1610612737
1642261,Dalton Knecht,44,493.81,11.223,-52.0,7.0,-59.0,-1.182,0.159,-1.341,-40.816,45.394,-86.206,-0.928,1.032,-1.959,2025-10-24,2026-02-22,1610612747
1641711,Gradey Dick,58,915.78,15.789,82.0,30.0,52.0,1.414,0.517,0.897,-21.757,92.996,-114.754,-0.375,1.603,-1.979,2025-10-22,2026-02-24,1610612761
1628436,Luke Kornet,49,1083.68,22.116,94.0,247.0,-153.0,1.918,5.041,-3.122,122.583,219.726,-97.14,2.502,4.484,-1.982,2025-10-22,2026-02-26,1610612759
203471,Dennis Schröder,49,1253.18,25.575,-203.0,-164.0,-39.0,-4.143,-3.347,-0.796,-227.552,-128.708,-98.847,-4.644,-2.627,-2.017,2025-10-22,2026-02-25,1610612739
1642948,Ryan Nembhard,38,713.34,18.772,-38.0,-39.0,1.0,-1.0,-1.026,0.026,-90.875,-13.632,-77.244,-2.391,-0.359,-2.033,2025-10-22,2026-02-05,1610612742
1642914,Javon Small,24,404.37,16.849,-73.0,-35.0,-38.0,-3.042,-1.458,-1.583,-59.473,-10.512,-48.961,-2.478,-0.438,-2.04,2025-10-22,2026-02-25,1610612763
1631099,Keegan Murray,23,793.12,34.483,-164.0,-151.0,-13.0,-7.13,-6.565,-0.565,-153.637,-106.013,-47.627,-6.68,-4.609,-2.071,2025-11-20,2026-02-25,1610612758
1641747,DaRon Holmes II,17,185.51,10.912,-8.0,67.0,-75.0,-0.471,3.941,-4.412,-30.219,5.042,-35.259,-1.778,0.297,-2.074,2025-10-25,2026-02-25,1610612743
1631096,Holmgren,1,37.7,37.7,7.0,-1.0,8.0,7.0,-1.0,8.0,2.912,5.006,-2.093,2.912,5.006,-2.093,2026-02-27,2026-02-27,1610612760
1642920,Kobe Sanders,48,1018.95,21.228,-25.0,51.0,-76.0,-0.521,1.062,-1.583,-44.759,56.54,-101.303,-0.932,1.178,-2.11,2025-10-22,2026-02-26,1610612746
1630696,Dru Smith,58,979.2,16.883,-42.0,200.0,-242.0,-0.724,3.448,-4.172,-2.015,121.041,-123.058,-0.035,2.087,-2.122,2025-10-22,2026-02-24,1610612748
1641809,Drew Peterson,6,64.26,10.71,-10.0,-14.0,4.0,-1.667,-2.333,0.667,2.375,15.156,-12.78,0.396,2.526,-2.13,2025-11-17,2025-12-14,1610612766
1630703,Scoot Henderson,8,183.33,22.916,4.0,-8.0,12.0,0.5,-1.0,1.5,6.569,23.619,-17.051,0.821,2.952,-2.131,2026-02-06,2026-02-26,1610612757
1628988,Aaron Holiday,37,490.92,13.268,57.0,209.0,-152.0,1.541,5.649,-4.108,54.867,136.019,-81.154,1.483,3.676,-2.193,2025-10-27,2026-02-25,1610612745
1630560,Cam Thomas,31,718.01,23.162,-141.0,-122.0,-19.0,-4.548,-3.935,-0.613,-142.96,-74.449,-68.51,-4.612,-2.402,-2.21,2025-10-22,2026-02-25,1610612749
1629021,Moritz Wagner,18,222.72,12.373,-33.0,33.0,-66.0,-1.833,1.833,-3.667,-25.286,14.995,-40.279,-1.405,0.833,-2.238,2026-01-11,2026-02-26,1610612753
1630639,A.J. Lawson,13,109.13,8.395,-31.0,24.0,-55.0,-2.385,1.846,-4.231,3.325,32.565,-29.242,0.256,2.505,-2.249,2025-12-07,2026-02-08,1610612761
1627741,Buddy Hield,45,772.69,17.171,-92.0,137.0,-229.0,-2.044,3.044,-5.089,-11.208,91.251,-102.458,-0.249,2.028,-2.277,2025-10-21,2026-02-09,1610612737
203486,Mason Plumlee,14,124.53,8.895,8.0,2.0,6.0,0.571,0.143,0.429,-0.5,31.437,-31.935,-0.036,2.246,-2.281,2025-10-25,2025-12-22,1610612766
1642260,Nikola Topić,5,52.59,10.518,-1.0,12.0,-13.0,-0.2,2.4,-2.6,-12.061,-0.587,-11.473,-2.412,-0.117,-2.295,2026-02-12,2026-02-25,1610612760
1641755,Kevin McCullar Jr.,16,122.55,7.659,-48.0,21.0,-69.0,-3.0,1.312,-4.312,-46.877,-9.717,-37.164,-2.93,-0.607,-2.323,2025-12-09,2026-02-11,1610612752
1630180,Saddiq Bey,53,1622.03,30.604,-172.0,-82.0,-90.0,-3.245,-1.547,-1.698,-228.921,-104.612,-124.311,-4.319,-1.974,-2.345,2025-10-22,2026-02-26,1610612740
1642954,Will Richard,53,1038.31,19.591,10.0,128.0,-118.0,0.189,2.415,-2.226,20.188,145.5,-125.311,0.381,2.745,-2.364,2025-10-21,2026-02-25,1610612744
1630552,Jalen Johnson,54,1901.46,35.212,20.0,-12.0,32.0,0.37,-0.222,0.593,-72.885,58.983,-131.872,-1.35,1.092,-2.442,2025-10-22,2026-02-24,1610612737
1630245,Ayo Dosunmu,52,1373.3,26.41,-135.0,19.0,-154.0,-2.596,0.365,-2.962,-101.83,27.397,-129.228,-1.958,0.527,-2.485,2025-10-22,2026-02-26,1610612750
1629048,Goga Bitadze,43,680.6,15.828,-2.0,27.0,-29.0,-0.047,0.628,-0.674,-17.008,92.976,-109.982,-0.396,2.162,-2.558,2025-10-22,2026-02-21,1610612753
1630570,Trendon Watford,36,574.89,15.969,-72.0,54.0,-126.0,-2.0,1.5,-3.5,-64.325,28.545,-92.868,-1.787,0.793,-2.58,2025-10-28,2026-02-26,1610612755
1629216,Gabe Vincent,33,626.87,18.996,34.0,32.0,2.0,1.03,0.97,0.061,19.893,105.061,-85.169,0.603,3.184,-2.581,2025-10-21,2026-02-26,1610612737
1627780,Gary Payton II,54,731.32,13.543,-88.0,184.0,-272.0,-1.63,3.407,-5.037,-6.146,133.712,-139.859,-0.114,2.476,-2.59,2025-10-21,2026-02-25,1610612744
1629631,De'Andre Hunter,45,1175.47,26.122,-21.0,109.0,-130.0,-0.467,2.422,-2.889,72.962,190.338,-117.379,1.621,4.23,-2.608,2025-10-26,2026-02-06,1610612758
202066,Garrett Temple,14,38.19,2.728,-22.0,-7.0,-15.0,-1.571,-0.5,-1.071,-14.118,22.439,-36.56,-1.008,1.603,-2.611,2025-11-13,2026-02-22,1610612761
1631108,Max Christie,53,1570.45,29.631,-175.0,-16.0,-159.0,-3.302,-0.302,-3.0,-185.227,-44.143,-141.09,-3.495,-0.833,-2.662,2025-10-22,2026-02-26,1610612742
2544,LeBron James,40,1334.14,33.354,-40.0,43.0,-83.0,-1.0,1.075,-2.075,-53.78,52.927,-106.704,-1.344,1.323,-2.668,2025-11-18,2026-02-26,1610612747
1642357,David Jones Garcia,11,67.98,6.18,38.0,10.0,28.0,3.455,0.909,2.545,30.64,60.132,-29.494,2.785,5.467,-2.681,2025-10-22,2026-01-07,1610612759
1626145,Tyus Jones,55,865.34,15.733,-110.0,31.0,-141.0,-2.0,0.564,-2.564,-89.37,63.475,-152.855,-1.625,1.154,-2.779,2025-10-22,2026-02-26,1610612742
203994,Jusuf Nurkić,41,1083.05,26.416,-187.0,-101.0,-86.0,-4.561,-2.463,-2.098,-185.897,-71.457,-114.436,-4.534,-1.743,-2.791,2025-10-22,2026-02-11,1610612762
1642905,Yang Hansen,35,263.57,7.531,-85.0,-16.0,-69.0,-2.429,-0.457,-1.971,-97.955,0.514,-98.465,-2.799,0.015,-2.813,2025-10-22,2026-02-20,1610612757
1641816,Hunter Tyson,21,161.9,7.71,-24.0,145.0,-169.0,-1.143,6.905,-8.048,-24.951,34.733,-59.685,-1.188,1.654,-2.842,2025-10-27,2026-02-01,1610612743
1626220,Royce O'Neale,60,1760.76,29.346,-92.0,138.0,-230.0,-1.533,2.3,-3.833,-92.927,78.141,-171.07,-1.549,1.302,-2.851,2025-10-22,2026-02-26,1610612756
1642403,Isaac Jones,4,18.24,4.56,-16.0,12.0,-28.0,-4.0,3.0,-7.0,-8.103,3.439,-11.541,-2.026,0.86,-2.885,2025-10-24,2025-11-17,1610612765
201143,Al Horford,37,783.07,21.164,23.0,120.0,-97.0,0.622,3.243,-2.622,1.017,108.091,-107.07,0.027,2.921,-2.894,2025-10-21,2026-02-25,1610612744
203078,Bradley Beal,6,120.92,20.153,-23.0,6.0,-29.0,-3.833,1.0,-4.833,-6.877,10.502,-17.379,-1.146,1.75,-2.896,2025-10-22,2025-11-08,1610612746
1641790,PJ Hall,19,213.38,11.231,-29.0,3.0,-32.0,-1.526,0.158,-1.684,-53.754,1.278,-55.034,-2.829,0.067,-2.897,2025-10-24,2026-02-22,1610612766
1629651,Nic Claxton,53,1550.67,29.258,-344.0,-64.0,-280.0,-6.491,-1.208,-5.283,-231.57,-77.24,-154.335,-4.369,-1.457,-2.912,2025-10-22,2026-02-26,1610612751
1642461,Spencer Jones,50,1171.23,23.425,22.0,238.0,-216.0,0.44,4.76,-4.32,-58.246,87.733,-145.978,-1.165,1.755,-2.92,2025-10-23,2026-02-25,1610612743
1630194,Paul Reed,42,570.51,13.584,119.0,271.0,-152.0,2.833,6.452,-3.619,105.262,228.451,-123.195,2.506,5.439,-2.933,2025-10-22,2026-02-25,1610612765
1631126,Caleb Love,45,999.27,22.206,-118.0,-18.0,-100.0,-2.622,-0.4,-2.222,-136.834,-3.752,-133.083,-3.041,-0.083,-2.957,2025-10-27,2026-02-12,1610612757
1631094,Paolo Banchero,48,1672.86,34.851,-30.0,-37.0,7.0,-0.625,-0.771,0.146,-102.344,40.898,-143.247,-2.132,0.852,-2.984,2025-10-22,2026-02-26,1610612753
1642273,Kyshawn George,46,1354.21,29.439,-352.0,-205.0,-147.0,-7.652,-4.457,-3.196,-337.782,-200.166,-137.609,-7.343,-4.351,-2.992,2025-10-22,2026-02-24,1610612764
1630311,Pat Spencer,43,709.56,16.501,-12.0,146.0,-158.0,-0.279,3.395,-3.674,-6.047,123.295,-129.342,-0.141,2.867,-3.008,2025-10-24,2026-02-25,1610612744
1629673,Jordan Poole,32,792.35,24.761,-96.0,-42.0,-54.0,-3.0,-1.312,-1.688,-135.798,-39.341,-96.458,-4.244,-1.229,-3.014,2025-10-22,2026-02-26,1610612740
1642267,Bub Carrington,58,1611.37,27.782,-484.0,-147.0,-337.0,-8.345,-2.534,-5.81,-404.727,-228.681,-176.057,-6.978,-3.943,-3.035,2025-10-22,2026-02-26,1610612764
1642268,Isaiah Collier,51,1307.35,25.634,-371.0,-66.0,-305.0,-7.275,-1.294,-5.98,-262.271,-107.396,-154.873,-5.143,-2.106,-3.037,2025-11-07,2026-02-26,1610612762
1630583,Santi Aldama,43,1198.1,27.863,-48.0,4.0,-52.0,-1.116,0.093,-1.209,-84.46,49.73,-134.188,-1.964,1.157,-3.121,2025-10-22,2026-02-04,1610612763
1630534,Ochai Agbaji,48,752.56,15.678,-43.0,-3.0,-40.0,-0.896,-0.062,-0.833,-96.812,55.643,-152.455,-2.017,1.159,-3.176,2025-10-22,2026-02-26,1610612751
1630526,Jeremiah Robinson-Earl,22,360.62,16.392,-86.0,-6.0,-80.0,-3.909,-0.273,-3.636,-104.555,-34.604,-69.95,-4.752,-1.573,-3.18,2025-11-01,2026-01-24,1610612742
1642450,Daniss Jenkins,48,816.15,17.003,113.0,312.0,-199.0,2.354,6.5,-4.146,110.633,267.944,-157.308,2.305,5.582,-3.277,2025-10-24,2026-02-25,1610612765
1629636,Darius Garland,26,792.01,30.462,-40.0,114.0,-154.0,-1.538,4.385,-5.923,30.383,116.103,-85.72,1.169,4.466,-3.297,2025-11-05,2026-01-14,1610612739
1641752,Bobi Klintman,9,63.6,7.067,-16.0,61.0,-77.0,-1.778,6.778,-8.556,1.31,31.148,-29.836,0.146,3.461,-3.315,2025-10-27,2026-02-11,1610612765
1641718,Keyonte George,48,1628.77,33.933,-311.0,-105.0,-206.0,-6.479,-2.188,-4.292,-250.808,-90.165,-160.644,-5.225,-1.878,-3.347,2025-10-22,2026-02-07,1610612762
1629023,P.J. Washington,42,1299.8,30.948,-189.0,-19.0,-170.0,-4.5,-0.452,-4.048,-132.986,8.487,-141.476,-3.166,0.202,-3.368,2025-10-22,2026-02-24,1610612742
1642259,Alex Sarr,41,1156.27,28.202,-288.0,-147.0,-141.0,-7.024,-3.585,-3.439,-307.44,-168.621,-138.819,-7.499,-4.113,-3.386,2025-10-22,2026-02-08,1610612764
1630579,Sims,1,22.95,22.95,-22.0,-7.0,-15.0,-22.0,-7.0,-15.0,-8.589,-5.203,-3.387,-8.589,-5.203,-3.387,2026-02-27,2026-02-27,1610612749
1628398,Kyle Kuzma,54,1435.6,26.585,-169.0,0.0,-169.0,-3.13,0.0,-3.13,-184.977,-1.289,-183.692,-3.426,-0.024,-3.402,2025-10-22,2026-02-25,1610612749
1641765,Olivier-Maxence Prosper,33,498.96,15.12,-108.0,-27.0,-81.0,-3.273,-0.818,-2.455,-92.554,21.283,-113.833,-2.805,0.645,-3.449,2025-10-22,2026-02-25,1610612763
1641716,Jarace Walker,59,1454.75,24.657,-341.0,-141.0,-200.0,-5.78,-2.39,-3.39,-369.868,-166.228,-203.635,-6.269,-2.817,-3.451,2025-10-23,2026-02-26,1610612754
203991,Clint Capela,52,615.78,11.842,92.0,214.0,-122.0,1.769,4.115,-2.346,25.039,205.344,-180.303,0.482,3.949,-3.467,2025-10-21,2026-02-26,1610612745
201144,Mike Conley,46,831.06,18.067,7.0,219.0,-212.0,0.152,4.761,-4.609,19.145,179.039,-159.897,0.416,3.892,-3.476,2025-10-22,2026-02-26,1610612750
1631248,Baylor Scheierman,53,814.73,15.372,142.0,265.0,-123.0,2.679,5.0,-2.321,113.634,299.028,-185.389,2.144,5.642,-3.498,2025-10-24,2026-02-25,1610612738
1641772,Nae'Qwan Tomlin,48,784.39,16.341,37.0,211.0,-174.0,0.771,4.396,-3.625,67.012,240.473,-173.46,1.396,5.01,-3.614,2025-11-05,2026-02-25,1610612739
1641733,Nick Smith Jr.,25,318.4,12.736,-18.0,-84.0,66.0,-0.72,-3.36,2.64,-67.945,22.433,-90.379,-2.718,0.897,-3.615,2025-10-27,2026-02-10,1610612747
1642918,Alijah Martin,13,96.84,7.449,-9.0,9.0,-18.0,-0.692,0.692,-1.385,5.041,52.157,-47.117,0.388,4.012,-3.624,2025-12-07,2026-02-11,1610612761
1630191,Isaiah Stewart,48,1115.92,23.248,50.0,344.0,-294.0,1.042,7.167,-6.125,87.732,263.397,-175.662,1.828,5.487,-3.66,2025-10-22,2026-02-09,1610612765
1642276,Kel'el Ware,56,1229.96,21.964,-73.0,201.0,-274.0,-1.304,3.589,-4.893,-67.03,140.15,-207.176,-1.197,2.503,-3.7,2025-10-22,2026-02-26,1610612748
1628418,Thomas Bryant,42,442.46,10.535,25.0,178.0,-153.0,0.595,4.238,-3.643,70.06,227.097,-157.034,1.668,5.407,-3.739,2025-10-27,2026-02-25,1610612739
1642348,Justin Edwards,44,608.05,13.819,-133.0,127.0,-260.0,-3.023,2.886,-5.909,-103.988,61.142,-165.133,-2.363,1.39,-3.753,2025-10-22,2026-02-24,1610612755
1629750,Javonte Green,57,1045.75,18.346,125.0,325.0,-200.0,2.193,5.702,-3.509,94.685,311.128,-216.438,1.661,5.458,-3.797,2025-10-22,2026-02-25,1610612765
1630171,Isaac Okoro,51,1357.22,26.612,-232.0,51.0,-283.0,-4.549,1.0,-5.549,-184.582,12.782,-197.367,-3.619,0.251,-3.87,2025-10-22,2026-02-26,1610612741
201566,Russell Westbrook,56,1617.4,28.882,-403.0,-207.0,-196.0,-7.196,-3.696,-3.5,-399.689,-179.404,-220.285,-7.137,-3.204,-3.934,2025-10-22,2026-02-25,1610612758
1627734,Domantas Sabonis,19,563.58,29.662,-177.0,-10.0,-167.0,-9.316,-0.526,-8.789,-124.444,-49.189,-75.259,-6.55,-2.589,-3.961,2025-10-24,2026-02-04,1610612758
1641738,Kobe Brown,41,484.09,11.807,-124.0,-33.0,-91.0,-3.024,-0.805,-2.22,-143.678,18.809,-162.489,-3.504,0.459,-3.963,2025-10-22,2026-02-26,1610612754
1630208,Nick Richards,36,422.31,11.731,-123.0,31.0,-154.0,-3.417,0.861,-4.278,-96.126,48.141,-144.268,-2.67,1.337,-4.007,2025-10-22,2026-02-26,1610612741
1641757,Jordan Miller,37,737.46,19.931,-15.0,80.0,-95.0,-0.405,2.162,-2.568,-51.38,98.509,-149.891,-1.389,2.662,-4.051,2025-11-12,2026-02-26,1610612746
1642402,Enrique Freeman,2,7.99,3.995,8.0,-3.0,11.0,4.0,-1.5,5.5,6.579,14.684,-8.105,3.29,7.342,-4.052,2026-02-08,2026-02-11,1610612750
1642942,Jahmai Mashack,15,217.63,14.509,-26.0,42.0,-68.0,-1.733,2.8,-4.533,-24.478,37.133,-61.612,-1.632,2.476,-4.107,2025-11-20,2026-02-23,1610612763
101108,Chris Paul,16,227.55,14.222,-84.0,-26.0,-58.0,-5.25,-1.625,-3.625,-55.952,10.085,-66.035,-3.497,0.63,-4.127,2025-10-22,2025-12-01,1610612746
1631093,Jaden Ivey,37,670.23,18.114,26.0,180.0,-154.0,0.703,4.865,-4.162,24.326,178.663,-154.336,0.657,4.829,-4.171,2025-11-22,2026-02-11,1610612741
1642846,Ace Bailey,52,1379.87,26.536,-330.0,-43.0,-287.0,-6.346,-0.827,-5.519,-250.872,-32.626,-218.243,-4.824,-0.627,-4.197,2025-10-22,2026-02-26,1610612762
1628969,Bridges,1,25.8,25.8,14.0,15.0,-1.0,14.0,15.0,-1.0,4.795,8.997,-4.201,4.795,8.997,-4.201,2026-02-27,2026-02-27,1610612752
1626171,Bobby Portis,55,1329.83,24.179,-178.0,-16.0,-162.0,-3.236,-0.291,-2.945,-222.558,9.32,-231.884,-4.047,0.169,-4.216,2025-10-22,2026-02-25,1610612749
1631097,Bennedict Mathurin,34,1077.09,31.679,-199.0,11.0,-210.0,-5.853,0.324,-6.176,-167.968,-23.753,-144.22,-4.94,-0.699,-4.242,2025-10-23,2026-02-26,1610612746
204060,Joe Ingles,20,79.7,3.985,-15.0,83.0,-98.0,-0.75,4.15,-4.9,-9.957,76.21,-86.167,-0.498,3.81,-4.308,2025-10-24,2026-02-22,1610612750
1642265,Rob Dillingham,43,488.57,11.362,-91.0,189.0,-280.0,-2.116,4.395,-6.512,-84.313,101.843,-186.155,-1.961,2.368,-4.329,2025-10-24,2026-02-26,1610612741
1642461,Jones,1,2.43,2.43,-5.0,-1.0,-4.0,-5.0,-1.0,-4.0,-6.132,-1.786,-4.346,-6.132,-1.786,-4.346,2026-02-27,2026-02-27,1610612743
1642885,Mohamed Diawara,48,338.15,7.045,-9.0,259.0,-268.0,-0.188,5.396,-5.583,8.247,217.956,-209.708,0.172,4.541,-4.369,2025-10-28,2026-02-24,1610612752
1629614,Andrew Nembhard,47,1488.65,31.673,-339.0,-58.0,-281.0,-7.213,-1.234,-5.979,-340.26,-127.599,-212.665,-7.24,-2.715,-4.525,2025-10-23,2026-02-26,1610612754
1642962,Drake Powell,47,894.03,19.022,-253.0,-140.0,-113.0,-5.383,-2.979,-2.404,-257.543,-38.507,-219.036,-5.48,-0.819,-4.66,2025-10-22,2026-02-26,1610612751
1627827,Dorian Finney-Smith,24,392.15,16.34,-14.0,110.0,-124.0,-0.583,4.583,-5.167,-0.728,111.38,-112.11,-0.03,4.641,-4.671,2025-12-25,2026-02-26,1610612745
1631199,Ron Harper Jr.,14,160.04,11.431,25.0,154.0,-129.0,1.786,11.0,-9.214,38.794,104.547,-65.755,2.771,7.468,-4.697,2025-10-27,2026-02-25,1610612738
1630198,Isaiah Joe,51,1091.94,21.411,208.0,338.0,-130.0,4.078,6.627,-2.549,203.047,444.68,-241.632,3.981,8.719,-4.738,2025-10-30,2026-02-25,1610612760
1626166,Cameron Payne,5,66.96,13.392,1.0,29.0,-28.0,0.2,5.8,-5.6,1.309,25.115,-23.805,0.262,5.023,-4.761,2026-02-19,2026-02-26,1610612755
201942,DeMar DeRozan,61,1945.09,31.887,-492.0,-162.0,-330.0,-8.066,-2.656,-5.41,-445.091,-150.824,-294.268,-7.297,-2.473,-4.824,2025-10-22,2026-02-26,1610612758
1628971,Bruce Brown,59,1473.48,24.974,-71.0,353.0,-424.0,-1.203,5.983,-7.186,-115.06,172.02,-287.081,-1.95,2.916,-4.866,2025-10-23,2026-02-25,1610612743
1630625,Dalano Banton,4,19.17,4.792,-8.0,17.0,-25.0,-2.0,4.25,-6.25,-0.524,19.144,-19.668,-0.131,4.786,-4.917,2026-02-08,2026-02-25,1610612738
1642266,Ja'Kobe Walter,49,921.54,18.807,-106.0,188.0,-294.0,-2.163,3.837,-6.0,-92.298,151.694,-243.992,-1.884,3.096,-4.979,2025-10-27,2026-02-25,1610612761
1630590,Scotty Pippen Jr.,6,122.92,20.487,-55.0,-18.0,-37.0,-9.167,-3.0,-6.167,-47.096,-16.503,-30.59,-7.849,-2.75,-5.098,2026-02-06,2026-02-25,1610612763
1630568,Luka Garza,49,762.57,15.563,56.0,333.0,-277.0,1.143,6.796,-5.653,73.987,324.499,-250.513,1.51,6.622,-5.113,2025-10-22,2026-02-25,1610612738
1629026,Kenrich Williams,40,650.59,16.265,69.0,288.0,-219.0,1.725,7.2,-5.475,102.996,308.888,-205.887,2.575,7.722,-5.147,2025-11-26,2026-02-25,1610612760
1631169,Josh Minott,34,530.77,15.611,37.0,220.0,-183.0,1.088,6.471,-5.382,54.695,230.462,-175.767,1.609,6.778,-5.17,2025-10-22,2026-02-26,1610612751
1642933,Keshon Gilbert,3,48.25,16.083,-47.0,-23.0,-24.0,-15.667,-7.667,-8.0,-35.033,-19.326,-15.709,-11.678,-6.442,-5.236,2026-02-07,2026-02-11,1610612764
1630192,Zeke Nnaji,41,515.75,12.579,-85.0,344.0,-429.0,-2.073,8.39,-10.463,-81.131,134.767,-215.9,-1.979,3.287,-5.266,2025-10-25,2026-02-25,1610612743
1642354,KJ Simpson,16,244.78,15.299,-5.0,68.0,-73.0,-0.312,4.25,-4.562,-18.623,65.696,-84.317,-1.164,4.106,-5.27,2025-11-02,2026-02-25,1610612743
1642449,Tolu Smith,7,88.39,12.627,1.0,62.0,-61.0,0.143,8.857,-8.714,-5.54,31.679,-37.219,-0.791,4.526,-5.317,2025-10-27,2026-02-19,1610612765
1631218,Trayce Jackson-Davis,40,438.74,10.968,-66.0,224.0,-290.0,-1.65,5.6,-7.25,-12.893,200.139,-213.032,-0.322,5.003,-5.326,2025-10-24,2026-02-25,1610612761
1642359,Pacôme Dadiet,20,68.29,3.415,-2.0,73.0,-75.0,-0.1,3.65,-3.75,-15.962,90.927,-106.888,-0.798,4.546,-5.344,2025-11-02,2026-02-08,1610612752
1630574,Ariel Hukporti,41,379.13,9.247,-9.0,285.0,-294.0,-0.22,6.951,-7.171,5.902,227.11,-221.208,0.144,5.539,-5.395,2025-10-22,2026-02-24,1610612752
1630545,Terrence Shannon Jr.,25,310.3,12.412,-96.0,137.0,-233.0,-3.84,5.48,-9.32,-57.149,77.712,-134.864,-2.286,3.108,-5.395,2025-10-22,2026-02-26,1610612750
1629645,Porter Jr.,1,27.15,27.15,-16.0,-13.0,-3.0,-16.0,-13.0,-3.0,-9.6,-4.192,-5.408,-9.6,-4.192,-5.408,2026-02-27,2026-02-27,1610612749
203897,Zach LaVine,39,1224.29,31.392,-310.0,-5.0,-305.0,-7.949,-0.128,-7.821,-302.617,-90.621,-211.996,-7.759,-2.324,-5.436,2025-10-22,2026-02-06,1610612758
1642878,Tyrese Proctor,41,416.83,10.167,-45.0,307.0,-352.0,-1.098,7.488,-8.585,2.396,226.846,-224.451,0.058,5.533,-5.474,2025-10-22,2026-02-24,1610612739
1630544,Tre Mann,39,612.99,15.718,-136.0,270.0,-406.0,-3.487,6.923,-10.41,-44.013,177.068,-221.08,-1.129,4.54,-5.669,2025-10-22,2026-02-26,1610612766
1629018,Gary Trent Jr.,49,1116.49,22.786,-285.0,121.0,-406.0,-5.816,2.469,-8.286,-225.285,62.887,-288.163,-4.598,1.283,-5.881,2025-10-22,2026-02-22,1610612749
202685,Jonas Valančiūnas,47,674.89,14.359,-47.0,368.0,-415.0,-1.0,7.83,-8.83,-76.776,200.917,-277.691,-1.634,4.275,-5.908,2025-10-23,2026-02-25,1610612743
1629639,Tyler Herro,15,452.93,30.195,-38.0,6.0,-44.0,-2.533,0.4,-2.933,-47.539,41.561,-89.099,-3.169,2.771,-5.94,2025-11-24,2026-02-26,1610612748
1631169,Minott,1,16.22,16.22,-16.0,-21.0,5.0,-16.0,-21.0,5.0,-11.853,-5.903,-5.951,-11.853,-5.903,-5.951,2026-02-27,2026-02-27,1610612751
1642404,Chaz Lanier,20,170.67,8.534,20.0,217.0,-197.0,1.0,10.85,-9.85,35.61,156.72,-121.115,1.78,7.836,-6.056,2025-10-24,2026-02-11,1610612765
1631119,Jaylin Williams,45,878.89,19.531,186.0,388.0,-202.0,4.133,8.622,-4.489,154.407,427.231,-272.826,3.431,9.494,-6.063,2025-10-21,2026-02-25,1610612760
1631247,Luke Travers,12,103.1,8.592,-32.0,74.0,-106.0,-2.667,6.167,-8.833,6.378,79.603,-73.225,0.532,6.634,-6.102,2025-10-27,2025-12-19,1610612739
1630548,Johnny Juzang,21,87.68,4.175,-5.0,207.0,-212.0,-0.238,9.857,-10.095,6.992,135.29,-128.297,0.333,6.442,-6.109,2025-10-24,2026-02-06,1610612750
1626204,Larry Nance Jr.,27,342.01,12.667,-5.0,243.0,-248.0,-0.185,9.0,-9.185,13.484,179.0,-165.517,0.499,6.63,-6.13,2025-10-22,2026-02-25,1610612739
1627747,Caris LeVert,40,782.61,19.565,37.0,292.0,-255.0,0.925,7.3,-6.375,30.675,276.301,-245.63,0.767,6.908,-6.141,2025-10-22,2026-02-25,1610612765
1642868,Carter Bryant,48,448.37,9.341,-46.0,408.0,-454.0,-0.958,8.5,-9.458,44.219,342.858,-298.638,0.921,7.143,-6.222,2025-10-22,2026-02-26,1610612759
1626192,Pat Connaughton,26,207.29,7.973,-31.0,170.0,-201.0,-1.192,6.538,-7.731,-14.764,148.18,-162.943,-0.568,5.699,-6.267,2025-10-26,2026-02-26,1610612766
1642383,Clayton Jr.,1,26.38,26.38,2.0,17.0,-15.0,2.0,17.0,-15.0,3.019,9.353,-6.335,3.019,9.353,-6.335,2026-02-27,2026-02-27,1610612763
1627824,Guerschon Yabusele,50,591.62,11.832,-69.0,202.0,-271.0,-1.38,4.04,-5.42,-67.413,256.302,-323.71,-1.348,5.126,-6.474,2025-10-22,2026-02-26,1610612741
1642450,Jenkins,1,19.18,19.18,-4.0,7.0,-11.0,-4.0,7.0,-11.0,2.546,9.027,-6.48,2.546,9.027,-6.48,2026-02-27,2026-02-27,1610612765
1630533,Williams,1,17.07,17.07,-20.0,-17.0,-3.0,-20.0,-17.0,-3.0,-12.148,-5.609,-6.539,-12.148,-5.609,-6.539,2026-02-27,2026-02-27,1610612751
1641707,Hendricks,1,23.63,23.63,2.0,17.0,-15.0,2.0,17.0,-15.0,2.906,9.465,-6.559,2.906,9.465,-6.559,2026-02-27,2026-02-27,1610612763
1630322,Lindy Waters III,29,198.1,6.831,-14.0,194.0,-208.0,-0.483,6.69,-7.172,5.011,203.06,-198.044,0.173,7.002,-6.829,2025-11-05,2026-02-26,1610612759
1631110,Jeremy Sochan,32,387.94,12.123,-105.0,224.0,-329.0,-3.281,7.0,-10.281,-32.668,187.546,-220.21,-1.021,5.861,-6.882,2025-11-05,2026-02-24,1610612752
1631260,Green,1,30.2,30.2,-17.0,-12.0,-5.0,-17.0,-12.0,-5.0,-10.414,-3.378,-7.036,-10.414,-3.378,-7.036,2026-02-27,2026-02-27,1610612749
1628502,Nigel Hayes-Davis,27,195.18,7.229,-72.0,132.0,-204.0,-2.667,4.889,-7.556,-41.955,148.19,-190.143,-1.554,5.489,-7.042,2025-10-22,2026-01-30,1610612756
1628971,Brown,1,28.52,28.52,1.0,-7.0,8.0,1.0,-7.0,8.0,-7.481,-0.437,-7.044,-7.481,-0.437,-7.044,2026-02-27,2026-02-27,1610612743
203114,Middleton,1,19.27,19.27,-18.0,-1.0,-17.0,-18.0,-1.0,-17.0,-9.795,-2.577,-7.218,-9.795,-2.577,-7.218,2026-02-27,2026-02-27,1610612742
1642873,Amari Williams,15,113.28,7.552,-34.0,96.0,-130.0,-2.267,6.4,-8.667,-24.284,86.98,-111.262,-1.619,5.799,-7.417,2025-10-24,2026-02-22,1610612738
1629611,Mann,1,23.52,23.52,-28.0,-9.0,-19.0,-28.0,-9.0,-19.0,-12.587,-5.17,-7.417,-12.587,-5.17,-7.417,2026-02-27,2026-02-27,1610612751
1630256,Jae'Sean Tate,34,286.51,8.427,-65.0,308.0,-373.0,-1.912,9.059,-10.971,-47.372,207.774,-255.154,-1.393,6.111,-7.505,2025-10-27,2026-02-21,1610612745
1642400,Tristan Enaruna,4,23.45,5.862,11.0,94.0,-83.0,2.75,23.5,-20.75,16.957,47.373,-30.418,4.239,11.843,-7.604,2026-02-01,2026-02-19,1610612739
203482,Kelly Olynyk,33,304.04,9.213,-14.0,275.0,-289.0,-0.424,8.333,-8.758,-9.091,245.883,-254.98,-0.275,7.451,-7.727,2025-11-05,2026-02-26,1610612759
1641787,Tosan Evbuomwan,5,7.72,1.544,-8.0,54.0,-62.0,-1.6,10.8,-12.4,-12.632,26.183,-38.815,-2.526,5.237,-7.763,2025-11-24,2025-12-23,1610612752
1630549,Sharpe,1,14.83,14.83,-15.0,-22.0,7.0,-15.0,-22.0,7.0,-12.775,-4.981,-7.793,-12.775,-4.981,-7.793,2026-02-27,2026-02-27,1610612751
1628449,Chris Boucher,9,94.17,10.463,5.0,45.0,-40.0,0.556,5.0,-4.444,6.517,77.104,-70.588,0.724,8.567,-7.843,2025-10-22,2026-01-30,1610612738
1642874,Wolf,1,22.62,22.62,-17.0,-20.0,3.0,-17.0,-20.0,3.0,-12.879,-4.877,-8.002,-12.879,-4.877,-8.002,2026-02-27,2026-02-27,1610612751
1641998,Trey Jemison III,10,56.83,5.683,-15.0,72.0,-87.0,-1.5,7.2,-8.7,-22.479,59.691,-82.171,-2.248,5.969,-8.217,2025-10-22,2026-02-08,1610612752
1631104,Blake Wesley,16,228.77,14.298,-53.0,62.0,-115.0,-3.312,3.875,-7.188,-33.424,98.363,-131.788,-2.089,6.148,-8.237,2025-10-22,2026-02-26,1610612757
1642855,Noa Essengue,2,6.03,3.015,-15.0,3.0,-18.0,-7.5,1.5,-9.0,-5.329,11.426,-16.755,-2.665,5.713,-8.378,2025-11-22,2025-11-24,1610612741
1631108,Christie,1,29.03,29.03,-20.0,1.0,-21.0,-20.0,1.0,-21.0,-10.714,-1.657,-9.057,-10.714,-1.657,-9.057,2026-02-27,2026-02-27,1610612742
1642884,Vladislav Goldin,2,8.27,4.135,-2.0,32.0,-34.0,-1.0,16.0,-17.0,-0.207,18.546,-18.754,-0.104,9.273,-9.377,2025-12-19,2026-02-01,1610612748
1641753,Chris Livingston,3,17.43,5.81,8.0,10.0,-2.0,2.667,3.333,-0.667,-4.997,23.301,-28.297,-1.666,7.767,-9.432,2025-11-24,2025-12-05,1610612739
1631204,Marcus Sasser,18,169.84,9.436,31.0,282.0,-251.0,1.722,15.667,-13.944,32.237,203.819,-171.585,1.791,11.323,-9.532,2025-12-06,2026-02-21,1610612765
1629011,Robinson,1,15.65,15.65,11.0,18.0,-7.0,11.0,18.0,-7.0,1.975,11.817,-9.842,1.975,11.817,-9.842,2026-02-27,2026-02-27,1610612752
1642942,Mashack,1,23.17,23.17,3.0,16.0,-13.0,3.0,16.0,-13.0,1.201,11.171,-9.971,1.201,11.171,-9.971,2026-02-27,2026-02-27,1610612763
1631120,JD Davison,25,183.53,7.341,-4.0,282.0,-286.0,-0.16,11.28,-11.44,-24.051,225.519,-249.57,-0.962,9.021,-9.983,2025-10-27,2026-02-25,1610612745
1630214,Xavier Tillman,19,123.82,6.517,-46.0,230.0,-276.0,-2.421,12.105,-14.526,-5.332,185.919,-191.251,-0.281,9.785,-10.066,2025-10-22,2026-02-24,1610612766
201145,Jeff Green,20,98.26,4.913,-25.0,269.0,-294.0,-1.25,13.45,-14.7,-33.375,175.181,-208.556,-1.669,8.759,-10.428,2025-10-27,2026-02-25,1610612745
1631115,Orlando Robinson,4,24.82,6.205,-11.0,44.0,-55.0,-2.75,11.0,-13.75,-0.897,41.165,-42.063,-0.224,10.291,-10.516,2025-10-30,2025-12-26,1610612753
1631204,Sasser,1,11.43,11.43,0.0,3.0,-3.0,0.0,3.0,-3.0,0.381,11.192,-10.812,0.381,11.192,-10.812,2026-02-27,2026-02-27,1610612765
1628398,Kuzma,1,27.45,27.45,-14.0,-15.0,1.0,-14.0,-15.0,1.0,-12.306,-1.486,-10.82,-12.306,-1.486,-10.82,2026-02-27,2026-02-27,1610612749
1643018,LJ Cryer,3,7.93,2.643,6.0,25.0,-19.0,2.0,8.333,-6.333,2.153,35.06,-32.907,0.718,11.687,-10.969,2026-01-19,2026-01-25,1610612744
1630621,Hunter Dickinson,1,4.72,4.72,-12.0,6.0,-18.0,-12.0,6.0,-18.0,-12.212,-0.879,-11.332,-12.212,-0.879,-11.332,2025-10-22,2025-10-22,1610612740
1641794,Dillon Jones,5,23.82,4.764,2.0,105.0,-103.0,0.4,21.0,-20.6,0.446,58.711,-58.265,0.089,11.742,-11.653,2026-01-30,2026-02-24,1610612752
1629655,Gafford,1,20.1,20.1,-21.0,2.0,-23.0,-21.0,2.0,-23.0,-12.054,-0.318,-11.736,-12.054,-0.318,-11.736,2026-02-27,2026-02-27,1610612742
1642382,Branden Carlson,35,376.45,10.756,26.0,413.0,-387.0,0.743,11.8,-11.057,45.23,473.491,-428.264,1.292,13.528,-12.236,2025-10-23,2026-02-25,1610612760
1630314,Williams,1,26.42,26.42,-16.0,-3.0,-13.0,-16.0,-3.0,-13.0,-12.349,-0.022,-12.327,-12.349,-0.022,-12.327,2026-02-27,2026-02-27,1610612742
1630631,Alvarado,1,12.98,12.98,15.0,14.0,1.0,15.0,14.0,1.0,0.644,13.148,-12.504,0.644,13.148,-12.504,2026-02-27,2026-02-27,1610612752
1627747,LeVert,1,16.58,16.58,-3.0,6.0,-9.0,-3.0,6.0,-9.0,-0.467,12.04,-12.507,-0.467,12.04,-12.507,2026-02-27,2026-02-27,1610612765
1626167,Turner,1,24.73,24.73,-20.0,-9.0,-11.0,-20.0,-9.0,-11.0,-13.365,-0.427,-12.938,-13.365,-0.427,-12.938,2026-02-27,2026-02-27,1610612749
1629162,Jordan McLaughlin,28,174.84,6.244,-65.0,392.0,-457.0,-2.321,14.0,-16.321,-20.411,347.518,-367.929,-0.729,12.411,-13.14,2025-10-22,2026-02-26,1610612759
1631172,Ousmane Dieng,34,432.15,12.71,40.0,460.0,-420.0,1.176,13.529,-12.353,1.312,456.972,-455.662,0.039,13.44,-13.402,2025-10-23,2026-02-25,1610612749
1642468,Darius Brown,1,2.67,2.67,-4.0,19.0,-23.0,-4.0,19.0,-23.0,-4.032,9.53,-13.561,-4.032,9.53,-13.561,2026-02-24,2026-02-24,1610612739
1642964,Brooks Barnhizer,31,245.39,7.916,-58.0,332.0,-390.0,-1.871,10.71,-12.581,-28.169,393.778,-421.945,-0.909,12.703,-13.611,2025-10-21,2026-02-25,1610612760
1628392,Hartenstein,1,24.98,24.98,-2.0,8.0,-10.0,-2.0,8.0,-10.0,-2.915,10.833,-13.748,-2.915,10.833,-13.748,2026-02-27,2026-02-27,1610612760
1641998,Jemison III,1,4.15,4.15,0.0,29.0,-29.0,0.0,29.0,-29.0,-0.14,13.932,-14.072,-0.14,13.932,-14.072,2026-02-27,2026-02-27,1610612752
1630596,Mobley,1,37.05,37.05,-4.0,1.0,-5.0,-4.0,1.0,-5.0,-12.923,1.35,-14.273,-12.923,1.35,-14.273,2026-02-27,2026-02-27,1610612739
1642434,Riley Minix,3,8.27,2.757,13.0,26.0,-13.0,4.333,8.667,-4.333,10.362,54.485,-44.124,3.454,18.162,-14.708,2025-10-22,2025-11-02,1610612759
1642443,Jahmir Young,8,43.76,5.47,-15.0,166.0,-181.0,-1.875,20.75,-22.625,-8.645,113.71,-122.352,-1.081,14.214,-15.294,2025-10-24,2026-02-08,1610612748
1630598,Wiggins,1,8.43,8.43,-18.0,24.0,-42.0,-18.0,24.0,-42.0,-3.961,11.878,-15.839,-3.961,11.878,-15.839,2026-02-27,2026-02-27,1610612760
1642281,Tyson,1,40.67,40.67,-11.0,8.0,-19.0,-11.0,8.0,-19.0,-13.799,2.226,-16.026,-13.799,2.226,-16.026,2026-02-27,2026-02-27,1610612739
1642917,Max Shulga,1,1.68,1.68,-1.0,22.0,-23.0,-1.0,22.0,-23.0,0.635,16.918,-16.282,0.635,16.918,-16.282,2026-02-04,2026-02-04,1610612738
1630230,Marshall,1,23.6,23.6,-25.0,6.0,-31.0,-25.0,6.0,-31.0,-14.602,2.231,-16.833,-14.602,2.231,-16.833,2026-02-27,2026-02-27,1610612742
203501,Hardaway Jr.,1,33.33,33.33,-13.0,7.0,-20.0,-13.0,7.0,-20.0,-12.391,4.473,-16.864,-12.391,4.473,-16.864,2026-02-27,2026-02-27,1610612743
1631127,Harrison Ingram,5,17.34,3.468,-4.0,69.0,-73.0,-0.8,13.8,-14.6,0.965,87.65,-86.685,0.193,17.53,-17.337,2025-10-22,2026-02-21,1610612759
1630568,Garza,1,7.78,7.78,2.0,35.0,-33.0,2.0,35.0,-33.0,0.104,17.652,-17.548,0.104,17.652,-17.548,2026-02-27,2026-02-27,1610612738
1642959,Chris Youngblood,32,174.16,5.442,6.0,519.0,-513.0,0.188,16.219,-16.031,-10.446,570.731,-581.178,-0.326,17.835,-18.162,2025-10-21,2026-02-04,1610612760
1631110,Sochan,1,5.92,5.92,-3.0,32.0,-35.0,-3.0,32.0,-35.0,-2.39,16.182,-18.572,-2.39,16.182,-18.572,2026-02-27,2026-02-27,1610612752
1641842,Holland II,1,15.03,15.03,-5.0,8.0,-13.0,-5.0,8.0,-13.0,-3.658,15.231,-18.888,-3.658,15.231,-18.888,2026-02-27,2026-02-27,1610612765
202687,Bismack Biyombo,15,88.12,5.875,-49.0,233.0,-282.0,-3.267,15.533,-18.8,-43.043,253.411,-296.453,-2.87,16.894,-19.764,2025-10-22,2026-02-19,1610612759
1631157,Rollins,1,32.35,32.35,-29.0,0.0,-29.0,-29.0,0.0,-29.0,-16.882,3.09,-19.972,-16.882,3.09,-19.972,2026-02-27,2026-02-27,1610612749
203471,Schröder,1,37.78,37.78,-13.0,10.0,-23.0,-13.0,10.0,-23.0,-15.811,4.238,-20.049,-15.811,4.238,-20.049,2026-02-27,2026-02-27,1610612739
1642278,Kolek,1,5.52,5.52,-3.0,32.0,-35.0,-3.0,32.0,-35.0,-3.227,17.019,-20.245,-3.227,17.019,-20.245,2026-02-27,2026-02-27,1610612752
1627936,Caruso,1,28.38,28.38,-11.0,17.0,-28.0,-11.0,17.0,-28.0,-6.311,14.229,-20.54,-6.311,14.229,-20.54,2026-02-27,2026-02-27,1610612760
203903,Clarkson,1,6.22,6.22,-3.0,32.0,-35.0,-3.0,32.0,-35.0,-3.579,17.37,-20.949,-3.579,17.37,-20.949,2026-02-27,2026-02-27,1610612752
1630574,Hukporti,1,6.22,6.22,-3.0,32.0,-35.0,-3.0,32.0,-35.0,-3.579,17.37,-20.949,-3.579,17.37,-20.949,2026-02-27,2026-02-27,1610612752
1630194,Reed,1,11.3,11.3,-12.0,15.0,-27.0,-12.0,15.0,-27.0,-4.831,16.404,-21.236,-4.831,16.404,-21.236,2026-02-27,2026-02-27,1610612765
1641712,Rupert,1,25.2,25.2,0.0,19.0,-19.0,0.0,19.0,-19.0,-4.522,16.894,-21.416,-4.522,16.894,-21.416,2026-02-27,2026-02-27,1610612763
1630649,Stanley Umude,2,6.57,3.285,-17.0,43.0,-60.0,-8.5,21.5,-30.0,-10.154,33.923,-44.076,-5.077,16.962,-22.038,2026-02-01,2026-02-21,1610612759
1642910,Tonje,1,5.17,5.17,1.0,36.0,-35.0,1.0,36.0,-35.0,-2.781,20.537,-23.318,-2.781,20.537,-23.318,2026-02-27,2026-02-27,1610612738
1628964,Mo Bamba,2,5.85,2.925,-9.0,27.0,-36.0,-4.5,13.5,-18.0,-9.304,38.53,-47.834,-4.652,19.265,-23.917,2025-12-29,2026-01-03,1610612761
202685,Valančiūnas,1,8.43,8.43,-21.0,15.0,-36.0,-21.0,15.0,-36.0,-16.268,8.35,-24.617,-16.268,8.35,-24.617,2026-02-27,2026-02-27,1610612743
1629661,Johnson,1,40.07,40.07,-27.0,21.0,-48.0,-27.0,21.0,-48.0,-16.418,8.5,-24.917,-16.418,8.5,-24.917,2026-02-27,2026-02-27,1610612743
1631211,Trevor Keels,1,2.48,2.48,-8.0,24.0,-32.0,-8.0,24.0,-32.0,-4.558,20.481,-25.04,-4.558,20.481,-25.04,2026-02-21,2026-02-21,1610612748
1641775,Walsh,1,14.82,14.82,-2.0,39.0,-41.0,-2.0,39.0,-41.0,-3.918,21.674,-25.591,-3.918,21.674,-25.591,2026-02-27,2026-02-27,1610612738
1642910,John Tonje,1,3.93,3.93,-8.0,24.0,-32.0,-8.0,24.0,-32.0,-1.384,25.644,-27.028,-1.384,25.644,-27.028,2026-02-24,2026-02-24,1610612738
1629674,Queta,1,14.88,14.88,1.0,36.0,-35.0,1.0,36.0,-35.0,-4.943,22.699,-27.642,-4.943,22.699,-27.642,2026-02-27,2026-02-27,1610612738
1630625,Banton,1,5.98,5.98,-4.0,41.0,-45.0,-4.0,41.0,-45.0,-5.074,22.83,-27.905,-5.074,22.83,-27.905,2026-02-27,2026-02-27,1610612738
1631199,Harper Jr.,1,5.98,5.98,-4.0,41.0,-45.0,-4.0,41.0,-45.0,-5.074,22.83,-27.905,-5.074,22.83,-27.905,2026-02-27,2026-02-27,1610612738
1641717,Wallace,1,35.85,35.85,-12.0,18.0,-30.0,-12.0,18.0,-30.0,-10.013,17.931,-27.943,-10.013,17.931,-27.943,2026-02-27,2026-02-27,1610612760
1630241,Merrill,1,36.33,36.33,-14.0,11.0,-25.0,-14.0,11.0,-25.0,-19.96,8.387,-28.347,-19.96,8.387,-28.347,2026-02-27,2026-02-27,1610612739
