player_id,player_name,A_r,M_r
708,Kevin Garnett,646.7928787142287,175.846922717972
951,Ray Allen,6248.099909347425,2489.1078695834703
959,Steve Nash,3913.066449008222,1667.1649728139726
965,Derek Fisher,3249.3931764071663,1227.9505049811014
977,Kobe Bryant,4948.641920993897,1621.126171313845
979,Jermaine O'Neal,106.58288304547015,25.91905304481909
1495,Tim Duncan,258.7670822960763,103.80488952183678
1497,Chauncey Billups,4635.532783403997,1781.8624348931526
1536,Stephen Jackson,3750.338604902327,1236.893272441844
1712,Antawn Jamison,3345.049193538292,1137.90147669568
1713,Vince Carter,4280.995384086646,1607.4223497792696
1717,Dirk Nowitzki,3889.396105063286,1539.6593604903442
1718,Paul Pierce,4650.1898110548,1729.177354533858
1733,Al Harrington,2787.695016237279,976.3281594124732
1737,Nazr Mohammed,9.99411023038303,1.999653486459409
1740,Rashard Lewis,4418.492613356469,1694.0091773840966
1882,Elton Brand,33.87860448567408,6.982702029086107
1889,Andre Miller,964.075289588918,233.78502881382616
1890,Shawn Marion,2470.658948388852,830.5375538111
1891,Jason Terry,4958.39297898701,1886.8126854840648
1897,Metta World Peace,3353.419546160565,1128.941760335921
1905,Andrei Kirilenko,1197.3342164997914,373.3085683757705
1938,Manu Ginobili,3547.785488109696,1318.4732651124175
2030,Kenyon Martin,288.309420341275,69.83661361259335
2034,Mike Miller,3655.6691579951535,1508.8942502953255
2037,Jamal Crawford,4150.868169822264,1489.0754709149508
2045,Hedo Turkoglu,3215.3273939352266,1247.5436734425302
2199,Tyson Chandler,69.190076485366,53.459841313551856
2200,Pau Gasol,865.8427379319727,404.2746771720232
2202,Richardson,4295.878395998816,1586.3583610571134
2203,Shane Battier,3185.615913509213,1199.95377447724
2207,Joe Johnson,4007.059465796685,1540.3883053560037
2210,Richard Jefferson,2814.5279475840844,1101.9428336395506
2215,Jason Collins,40.91068890919394,8.981652782862113
2216,Zach Randolph,1053.335119210028,371.4354267082166
2222,Gerald Wallace,1409.5650668640276,441.4006822282407
2223,Samuel Dalembert,22.935300930960267,8.983386426679306
2224,Jamaal Tinsley,1350.1545085347727,393.83717344033846
2225,Tony Parker,1845.78615347704,674.6393302726718
2229,Mike James,1818.566170934068,686.4326352349015
2248,Earl Watson,1558.842753569006,505.0361614128198
2365,Chris Andersen,155.4877848120829,55.95981191572549
2399,Mike Dunleavy,3236.7694044440223,1237.3892980657097
2400,Drew Gooden,477.5897614975947,141.7639202066678
2403,Nene Hilario,144.7537382181506,70.77147165598856
2405,Amar'e Stoudemire,167.8113436922451,68.29029699918128
2406,Caron Butler,2352.05852518474,846.9255050563654
2419,Tayshaun Prince,1682.7978230869237,611.1195711156175
2422,John Salmons,2126.9947613234344,782.4954220433511
2427,Roger Mason Jr.,1614.1520466137615,614.8140697951854
2430,Carlos Boozer,67.24925034504624,48.545682648393694
2440,Matt Barnes,2910.8044507188647,996.1696410110331
2446,Rasual Butler,2572.609025373868,948.9144771307992
2449,Luis Scola,512.0842254402056,197.13888454426592
2457,Jannero Pargo,1235.2417849413916,449.3723757935903
2501,Reggie Evans,20.94671009524064,8.985461909100119
2544,LeBron James,3393.8585935931496,1358.4647162043134
2546,Carmelo Anthony,3418.438138977383,1362.144653034718
2547,Chris Bosh,1535.9599820803317,588.0093596554958
2548,Dwyane Wade,2150.4023528157973,738.6455604447814
2549,Chris Kaman,53.60324037215912,18.910890226711903
2550,Kirk Hinrich,3058.4195692868275,1138.0238289563672
2555,Nick Collison,214.46389066413,57.43901185660764
2557,Luke Ridnour,1817.3689554225048,628.6475893572115
2561,David West,346.79356548594734,139.32525538402822
2563,Jones,333.86139192346155,109.62565355991478
2564,Boris Diaw,1718.3863845862013,604.9250761908667
2566,Travis Outlaw,1217.457973325163,424.4413009698088
2570,Kendrick Perkins,25.9190530448191,7.98373174137412
2571,Leandro Barbosa,2599.720201144325,999.1647504131636
2581,Steve Blake,2759.967815250784,1048.215214564688
2584,Willie Green,1709.58697091999,591.8345510196341
2585,Zaza Pachulia,76.15322201553735,29.76278755903944
2586,Keith Bogans,2025.38800157974,718.5379069787639
2588,Matt Bonner,2059.637126297698,850.9631621808448
2590,Mo Williams,2890.0040796237545,1090.729596685269
2592,James Jones,2081.2905389490525,847.9548902920124
2594,Kyle Korver,3800.171162104008,1679.5145948738125
2617,Udonis Haslem,134.67313380782113,25.65213567658684
2730,Dwight Howard,340.16817317239094,216.5138361324814
2731,Okafor,3.9982676724403134,1.999653486459409
2732,Ben Gordon,2918.780190527789,1160.9683953436163
2733,Shaun Livingston,135.65870216102252,41.40897344459322
2734,Devin Harris,2678.2126228890424,891.2333896752416
2735,Josh Childress,301.0,99.0
2736,Luol Deng,2311.041524381136,800.2515757425324
2738,Andre Iguodala,3109.0343268901165,1052.671427116655
2740,Andris Biedrins,2.0,0.0
2742,Telfair,1169.1082148113924,371.4256404573814
2743,Kris Humphries,364.3506439780202,122.2650677362494
2744,Al Jefferson,202.35811262276044,111.10594179635136
2746,Josh Smith,2030.7651193977256,618.0256002551139
2747,JR Smith,3707.2698305104855,1417.9288081221705
2748,Dorell Wright,1947.0975019007053,704.391211148318
2749,Jameer Nelson,3012.089579531331,1103.5695032731662
2754,Tony Allen,690.5052821337564,228.19980156200944
2755,Kevin Martin,2940.544258755389,1157.9940443682272
2756,Sasha Vujacic,1557.8355370973609,568.5952636850762
2757,Beno Udrih,1495.543705119201,537.3678451766621
2760,Anderson Varejao,80.19550888677941,13.916819230814742
2767,Royal Ivey,451.5323685580837,161.8316527673467
2772,Trevor Ariza,3276.684175345403,1228.6875211778986
2853,Barron,21.974024809370043,4.995843998303087
2863,Wilkins,641.0544039538529,207.7230468501227
101106,Andrew Bogut,46.73059418193186,23.90115767601601
101107,Marvin Williams,2890.4383142751576,1077.2259461693147
101108,Chris Paul,2325.9829888490995,931.2658162372264
101109,Raymond Felton,2839.5060799370067,942.5488588879002
101110,Martell Webster,2331.2229840759283,900.393196424145
101111,Charlie Villanueva,2241.364640520147,749.300030365711
101112,Channing Frye,2808.248067627904,1095.4603157553504
101114,Deron Williams,3125.162792445109,1159.7467558479505
101115,Andrew Bynum,12.985453393910644,4.996536065102413
101122,Danny Granger,2680.883593873333,1006.00369581298
101123,Gerald Green,2810.4901311495432,1056.8646856596042
101126,Nate Robinson,2372.3758099828306,862.0131635148081
101127,Jarrett Jack,2098.434870200284,734.5460062686432
101128,Francisco Garcia,1863.012128986614,665.2430463651939
101131,Jason Maxiell,10.984418292695056,5.994804697699806
101133,Ian Mahinmi,140.90623540825777,61.73728240319513
101135,David Lee,100.3736600810202,67.18431250318052
101138,Brandon Bass,140.0964909514955,59.02092966944956
101139,CJ Miles,3132.195841799281,1158.1563204841752
101141,Ersan Ilyasova,2637.3545476328254,963.1477115954096
101142,Ronny Turiaf,11.98441649328416,4.996536065102413
101145,Monta Ellis,2558.6603679266377,873.0127769179388
101150,Lou Williams,3276.5671782485856,1214.7129403312883
101154,Andray Blatche,375.9637142561917,113.21784097289448
101155,Ryan Gomes,960.0099628812752,333.3061881456829
101161,Amir Johnson,721.0269525184586,277.74176558068666
101162,Marcin Gortat,112.82426829489968,90.51522487397868
101179,Ronnie Price,1100.8537104391614,326.3757879696445
101181,Jose Calderon,2552.703194798635,1089.6951283200071
101183,Shavlik Randolph,11.982687045197745,1.99653738510008
101187,Alan Anderson,1549.1624849664574,540.8964585843541
101198,Will Bynum,489.1035808635687,149.63047572262087
101236,Chuck Hayes,22.943935354400644,5.99238222290651
101249,John Lucas III,700.2001534852307,229.6807111526604
200745,Andrea Bargnani,1922.897457935799,680.4682007053618
200746,LaMarcus Aldridge,1290.5448889919703,572.2876780950885
200751,Randy Foye,2950.074661896336,1088.2130591504335
200752,Rudy Gay,3124.898239943297,1142.7236353718224
200755,JJ Redick,3425.467912572195,1450.01470454093
200756,Hilton Armstrong,7.0,2.0
200757,Thabo Sefolosha,1881.545205712841,667.3035891718117
200758,Ronnie Brewer,375.9661147163527,92.23895807034448
200761,Shawne Williams,1184.6941170493503,403.1520703503809
200765,Rajon Rondo,1926.2892929880104,662.3795359331134
200768,Kyle Lowry,3298.153484501383,1268.2206139572015
200769,Shannon Brown,840.2391217687677,277.7530596735423
200770,Jordan Farmar,1807.7266956340763,711.7832871534284
200771,Rodriguez,792.0582021418682,274.30808747743146
200777,Joel Freeland,13.968856007685591,5.991345201377255
200779,Steve Novak,1549.3479497759258,666.9371899139499
200780,Solomon Jones,9.0,1.0
200782,P.J. Tucker,2700.423517574789,1030.230958559749
200794,Paul Millsap,2245.331981749086,859.9108423290292
200797,Ryan Hollins,10.980961553363622,9.984421290535757
200811,Lou Amundson,11.978192684976506,7.989958668050926
200826,J.J. Barea,2587.641767587223,922.2973299914488
200839,Mike Harris,12.976460598723657,1.9975757255878448
201141,Greg Oden,5.994804697699806,5.994804697699806
201142,Kevin Durant,3248.188832886904,1412.7831952035033
201143,Al Horford,2847.598619561886,1129.761749928722
201144,Mike Conley,3282.560813990364,1331.8896754497844
201145,Jeff Green,3340.51007193527,1191.0667491082877
201147,Corey Brewer,2199.8233614007413,648.8225521691562
201148,Brandan Wright,45.66678446047565,29.84186155421504
201149,Joakim Noah,95.44798520946718,69.080781277746
201150,Spencer Hawes,1694.228664005743,654.4461118132903
201152,Thaddeus Young,2220.4644501179214,798.347383985012
201155,Rodney Stuckey,1282.843013514995,427.4175557758237
201156,Nick Young,2830.375562661046,1085.960834689542
201158,Marco Belinelli,3025.474428378156,1176.3925531308766
201160,Jason Smith,440.35090566257566,163.5165518314612
201162,Jared Dudley,2516.799056460035,977.3094119564148
201163,Wilson Chandler,2743.276830764049,970.496317298959
201166,Aaron Brooks,2469.521374904567,945.229531907364
201167,Arron Afflalo,2511.8004070051525,1028.4545156208353
201168,Tiago Splitter,48.62891655130348,25.85090140107574
201171,Carl Landry,54.64027959510942,26.849799996260064
201175,Glen Davis,111.34289678542164,42.51060455750656
201177,Josh McRoberts,1213.5514926792716,434.9998144556288
201188,Marc Gasol,1813.942759826325,733.1332352781616
201189,Aaron Gray,7.991341962894591,1.9986143060109325
201196,Ramon Sessions,1108.1215243170393,375.8522217237663
201202,Joel Anthony,1.0,1.0
201203,Mustafa Shakur,13.987529594516618,0.9989608195515228
201228,C.J. Watson,1633.8553617451205,597.1818988726455
201229,Anthony Tolliver,2624.92537037491,1012.134374983614
201281,Ingram,23.933924941661854,9.968517286081628
201563,Michael Beasley,1099.3465560269358,421.8283876582668
201564,O.J. Mayo,2482.8034646119954,923.7184972998804
201565,Derrick Rose,2267.429167346051,795.4645702102677
201566,Russell Westbrook,3210.459498642207,1149.6731701822227
201567,Kevin Love,3202.521999627157,1243.2253015412768
201568,Danilo Gallinari,3273.2653281388007,1294.3024955218364
201569,Eric Gordon,2473.7483645402262,962.2453394112076
201571,D.J. Augustin,3048.4300228104617,1206.999962949246
201572,Brook Lopez,2970.185313314729,1110.1680982882192
201573,Jerryd Bayless,1904.252943945608,703.9766110459666
201574,Jason Thompson,87.95219873559866,41.63970534654983
201575,Brandon Rush,1524.4629135465498,597.5952828670419
201576,Anthony Randolph,246.17898580280703,67.36713232195648
201577,Robin Lopez,441.17415506134296,190.13356119247243
201578,Marreese Speights,1141.8641428775536,428.32180107189214
201579,Roy Hibbert,87.75123161497903,57.33533730214879
201580,JaVale McGee,194.25644043230875,70.30937555040452
201581,JJ Hickson,95.47628689010595,48.38909278182503
201582,Alexis Ajinca,60.66555102473577,22.88769638833227
201583,Ryan Anderson,3175.26479628704,1230.0950858951703
201584,Courtney Lee,2537.344497424369,1011.8562493716826
201585,Kosta Koufos,35.784607011425386,30.83563085046462
201586,Serge Ibaka,2272.1374876232035,890.6072995415453
201587,Nicolas Batum,3286.841325142172,1244.8165420435575
201588,George Hill,2852.996795547552,1114.4566326223005
201589,Darrell Arthur,874.0045916703671,327.1186685529888
201591,DJ White,3.0,1.0
201593,Nikola Pekovic,49.58061774924633,49.58061774924633
201595,Dorsey,4.996536065102413,2.998267912541976
201596,Mario Chalmers,2412.2108878419144,857.9801028902656
201599,DeAndre Jordan,147.1722135045383,129.91383938007277
201600,Omer Asik,20.927737636531088,19.93464514109405
201601,Luc Mbah a Moute,1042.8913202770823,362.1100857689431
201603,Weems,159.03162262069844,48.410585326750976
201604,Chris Douglas-Roberts,561.3547926434161,207.9676219675881
201609,Goran Dragic,2990.6784293847245,1189.4552149402575
201611,Walker,130.15333939216293,45.06550530743426
201627,Anthony Morrow,2264.3264839988806,955.38093151571
201628,Brown,370.1865491698524,119.15934314561966
201785,Othyus Jeffers,11.982341011694112,2.9965370250099825
201858,Cartier Martin,927.8793689521876,347.420708651404
201880,Greg Stiemsma,7.99030434196331,5.994804697699806
201933,Blake Griffin,2244.3093898323773,866.7224178873554
201934,Hasheem Thabeet,1.999653486459409,1.999653486459409
201935,James Harden,3085.878388177057,1187.4194498529937
201936,Tyreke Evans,2033.309058907084,720.7250014713188
201937,Ricky Rubio,2441.112085596722,837.4482161484732
201939,Stephen Curry,3000.6141284293453,1298.9735854418605
201941,Jordan Hill,71.20266066392574,40.640039928471104
201942,DeMar DeRozan,2660.442849509456,1036.7024595853193
201943,Brandon Jennings,2766.9598021929887,961.06089767741
201945,Gerald Henderson,1293.1711818216977,470.84286056563576
201946,Tyler Hansbrough,61.42870683598753,29.805430278920923
201947,Earl Clark,578.6279221395911,194.1529615051309
201948,Austin Daye,665.7713664182355,239.02430525394
201949,James Johnson,1870.3233262147728,589.8145030749314
201950,Jrue Holiday,3180.8507600453936,1265.305863815269
201951,Ty Lawson,1813.178834424226,669.2329968292332
201952,Jeff Teague,2429.8854491333577,932.8484090190068
201953,Eric Maynor,417.39216951903177,145.88086304473728
201954,Darren Collison,2153.146844507064,904.8495517995136
201956,Omri Casspi,1794.38372040613,678.0305084472868
201957,Byron Mullens,565.1853331553012,201.2957307613553
201959,Taj Gibson,484.9285523831245,193.4551789590479
201960,DeMarre Carroll,2409.69236194561,892.0518075984598
201961,Wayne Ellington,3001.7057174779,1163.2977024878028
201962,Toney Douglas,1532.5815188615652,533.5444834147412
201964,Victor Claver,172.0754937472331,46.17477742221729
201965,Jeff Ayres,12.976460598723657,8.986844125668398
201967,Dante Cunningham,1069.5028909924324,382.7798808594847
201971,DeJuan Blair,24.909408645485183,8.982350841937329
201973,Jonas Jerebko,1589.4921685193272,603.144871040974
201975,Jodie Meeks,2448.793401579218,948.7383263106356
201976,Patrick Beverley,2800.693495176485,1039.7470231854943
201977,Marcus Thornton,2365.4579513234453,845.3634853587441
201978,Chase Budinger,1486.7505341780084,519.6729634999186
201979,Nick Calathes,310.05780943661966,97.1676751297898
201980,Danny Green,3170.282120092662,1277.5788685182508
201985,AJ Price,783.8657210497091,243.8667150985778
201986,Nando De Colo,257.1373929802593,89.82816089023164
201988,Patty Mills,3125.9745676570224,1240.5038765379825
201991,Hudson,107.74938232246252,31.93076857350575
202066,Garrett Temple,2673.703510805671,916.291795363412
202077,McNeal,3.9982676724403134,1.9993070929904528
202083,Wesley Matthews,3291.567108791609,1252.213819342678
202087,Alonzo Gee,783.8681235610603,260.5575001578831
202091,Dionte Christmas,119.65489676857818,35.31718592996258
202130,Reggie Williams,576.4360712481614,207.2713692010516
202197,Shane Edwards,0.0,0.0
202322,John Wall,2535.434134890558,938.2661001521813
202323,Evan Turner,1520.7754438906445,500.0582277824118
202324,Derrick Favors,465.6189121181376,183.4016839607708
202325,Wesley Johnson,2301.887872557608,803.1134855517295
202326,DeMarcus Cousins,1933.031291506089,771.5384961873526
202327,Ekpe Udoh,9.98649557369601,4.996536065102413
202328,Greg Monroe,150.98574881187878,125.98717730629735
202329,Al-Farouq Aminu,2158.592955368873,745.3734050585393
202330,Gordon Hayward,2924.741970248368,1124.1616421577507
202331,Paul George,3134.104644431596,1244.8234221089083
202332,Cole Aldrich,11.977502535000314,11.977502535000314
202333,Xavier Henry,357.7766406761564,127.54242208878408
202334,Ed Davis,41.7054204300167,34.77296427568858
202335,Patrick Patterson,2260.907278458277,847.6704500437606
202336,Larry Sanders,14.967815151719318,6.99169039554363
202337,Luke Babbitt,1458.093335979169,593.1052523555494
202338,Kevin Seraphin,24.90458667522333,11.966112413207174
202339,Eric Bledsoe,2753.8643150797607,998.7396328748312
202340,Avery Bradley,2671.196542058948,1024.789994006417
202341,James Anderson,1328.54135207405,430.5877724242752
202343,Elliot Williams,501.31484011877154,156.39866595441592
202344,Trevor Booker,489.3609304245989,173.88692440954887
202345,Damion James,7.995842557942715,0.0
202347,Quincy Pondexter,367.6759899656235,131.3593436713822
202348,Jordan Crawford,1555.8969393060268,526.9076336208792
202349,Greivis Vasquez,1774.2978141165845,637.5366477664395
202350,Daniel Orton,2.9989605794498617,1.999653486459409
202353,Pleiss,3.9982676724403134,0.0
202354,Dexter Pittman,0.0,0.0
202355,Whiteside,180.27801378013504,145.61121456896797
202357,Bjelica,1872.969240502588,733.8137129749621
202361,Landry Fields,380.1839911600344,125.06846542991444
202362,Lance Stephenson,1888.009284221364,664.2613716469336
202363,Jarvis Varnado,0.0,0.0
202366,Jordan,1.0,1.0
202379,Jeremy Evans,59.50519778926248,18.86514952087664
202380,Hamady Ndiaye,0.0,0.0
202388,Donald Sloan,609.6849197452617,193.1957681574503
202389,Timofey Mozgov,183.52968024647447,69.28980251096378
202390,Gary Neal,1602.4465396628757,616.334860173572
202391,Jeremy Lin,1936.3125685909067,702.3906244257829
202397,Ish Smith,1515.6987605339625,525.4801923764979
202399,Jeff Adrien,7.990650135697907,5.994804697699806
202407,Millsap,204.37928378850225,58.30380436432469
202412,Manny Harris,208.1759444949577,72.66304010788745
202498,Lance Thomas,775.6685709205003,304.841071439824
202620,Arinze Onuaku,0.0,0.0
202681,Kyrie Irving,3124.1407454551245,1306.3581771285428
202682,Derrick Williams,1299.837846737863,412.5624108808692
202683,Enes Freedom,433.4178875877523,224.26118797338128
202684,Tristan Thompson,190.7492894378388,128.38883341480613
202685,Jonas Valančiūnas,1456.2134398114858,602.7004573913463
202686,Jan Vesely,4.996882218552907,2.9989605794498617
202687,Bismack Biyombo,66.24059546087517,60.34219667683519
202688,Brandon Knight,2476.2586274921377,889.3094728075484
202689,Kemba Walker,3212.882341064128,1221.7947877944057
202690,Jimmer Fredette,758.7497907928926,298.12630437342546
202691,Klay Thompson,3071.853315728913,1303.7110346225754
202692,Alec Burks,2770.70620532862,1115.2823225366994
202693,Markieff Morris,2418.5312054347824,881.1820117192634
202694,Marcus Morris Sr.,3032.636747605025,1194.6099867258552
202695,Kawhi Leonard,2985.307811865606,1254.6882374716472
202696,Nikola Vučević,3042.165518730436,1177.32481853249
202697,Iman Shumpert,2062.4897015312936,703.8125498047913
202698,Chris Singleton,236.737567886636,79.60159262799927
202699,Tobias Harris,3283.485974570892,1274.3066802184703
202700,Donatas Motiejunas,804.073421375096,256.20073061575613
202702,Kenneth Faried,184.2511628603898,111.00024650432589
202703,Mirotic,2246.539776589648,824.7984075733887
202704,Reggie Jackson,3009.079196090983,1102.2983975959603
202705,MarShon Brooks,454.6891271436213,177.08062296670093
202706,Jordan Hamilton,875.7883438357535,309.368240002139
202708,Norris Cole,1187.4527700503804,407.5954221015455
202709,Cory Joseph,2119.386076018735,767.3638311150329
202710,Jimmy Butler III,2741.279339259776,1001.529230695902
202711,Bojan Bogdanovic,3101.7843157681623,1273.5526573480097
202712,Harper,44.80503631285921,13.943648852770703
202713,Kyle Singler,1470.0810826346583,549.949183117033
202714,Shelvin Mack,1579.917887161173,542.6688442309644
202718,Chandler Parsons,2359.932073672423,913.2444369428646
202719,Jeremy Tyler,2.9989605794498617,1.999653486459409
202720,Jon Leuer,772.3603947965704,284.9155457394581
202721,Darius Morris,283.94201897529734,88.52240957365537
202722,Dāvis Bertāns,2608.0604547542057,1031.924327417612
202725,Josh Harrellson,183.5352818308436,67.39264590051908
202726,Goudelock,92.72697262055264,29.907607938389944
202730,Lavoy Allen,71.15773705410541,24.74285086794158
202732,DeAndre Liggins,215.2446073841122,76.91818702426863
202734,E'Twaun Moore,2028.220981793375,802.1705706688655
202738,Isaiah Thomas,2885.9898354760794,1092.7452554718216
202779,Dwight Buycks,173.54885239540084,64.33362824320963
202874,Chris Wright,1.999653486459409,0.0
202918,Silas,9.99445674392362,0.9993070929904524
202933,Julyan Stone,68.36621534497762,21.79216737746765
202951,Pargo,125.70784545806649,40.90792316004926
202952,Malcolm Thomas,25.90732562313971,1.991009833634475
202954,Wanamaker,453.15635403084906,140.72291458040905
202962,Greg Smith,4.996536065102413,3.9979213990013847
202970,Gustavo Ayon,3.9979213990013847,3.9979213990013847
203076,Anthony Davis,2148.202742406106,851.9992926768745
203077,Michael Kidd-Gilchrist,252.2212523736168,99.3863080758752
203078,Bradley Beal,3119.024197388442,1273.089383376559
203079,Dion Waiters,2264.4449613660936,840.4394235233646
203080,Thomas Robinson,30.84456010180008,17.927762523902494
203081,Damian Lillard,3069.9676980351387,1216.6470269719268
203082,Terrence Ross,3069.993974008757,1150.8857194747184
203083,Andre Drummond,662.5638132773901,300.6647994115538
203084,Harrison Barnes,3130.3927973999284,1250.6500488745737
203085,Austin Rivers,2610.923862744154,933.3255689959452
203086,Meyers Leonard,1381.666126848829,543.11095216869
203087,Jeremy Lamb,2374.3633897309337,857.2823193914287
203088,Kendall Marshall,815.9756487141516,323.3416873678817
203089,John Henson,207.3463984841092,92.39748199320408
203090,Maurice Harkless,1833.8204362526176,632.7357743045604
203091,Royce White,0.0,0.0
203092,Tyler Zeller,104.29844152410963,57.16665613078731
203093,Terrence Jones,750.7998866110128,261.9036222318352
203094,Andrew Nicholson,651.8404627657425,214.79026892934428
203095,Evan Fournier,3063.2267701027054,1187.2833070586
203096,Jared Sullinger,1177.3349275364635,346.51028396560935
203098,John Jenkins,506.7047481985714,179.64869388693418
203099,Jared Cunningham,123.0016458168989,37.39611744398894
203100,Tony Wroten,954.3416771625152,265.32789173953296
203101,Miles Plumlee,19.93429910759041,19.93429910759041
203102,Arnett Moultrie,0.0,0.0
203103,Perry Jones III,345.343033236494,110.81765805445136
203104,Marquis Teague,95.7435658253526,23.71008046173125
203105,Ezeli,8.987535593315378,8.987535593315378
203106,Jeffery Taylor,466.0783458225148,139.9012707852851
203107,Satoransky,1138.5030639172328,409.2824238158395
203108,Bernard James,7.991341962894591,1.9986143060109325
203109,Jae Crowder,3061.87773647438,1082.8297052675632
203110,Draymond Green,2781.2717898971514,925.0158911353157
203111,Orlando Johnson,290.477109105321,72.80597642032663
203112,Quincy Acy,940.1112932193612,335.0139944382302
203113,Quincy Miller,338.8147778069488,105.12806056778032
203114,Khris Middleton,3091.910426451097,1260.922766417254
203115,Will Barton,2736.419592952169,1015.9682885190292
203116,Tyshawn Taylor,60.484982753458816,17.82939994023469
203117,Doron Lamb,334.9264976247628,134.93424900467568
203118,Mike Scott,2053.602755826896,742.3821380118774
203120,Justin Hamilton,427.7588687869855,135.5551124183319
203121,Darius Miller,1456.29234247338,552.7605904861791
203123,Papanikolaou,134.83243726388406,40.042907364665474
203124,Kyle O'Quinn,293.6252220103963,81.79062265673659
203128,Aldemir,11.980958556561715,1.9972298119895031
203129,Tornike Shengelia,27.88076732406413,2.99066942070149
203130,Darius Johnson-Odom,8.988573694200358,0.0
203133,Robbie Hummel,396.6326148090769,139.92735139326555
203135,Robert Sacre,20.92739160302745,18.939484222089
203136,Ognjen Kuzmic,0.0,0.0
203138,Hollis Thompson,1620.143868050647,632.9085144175536
203139,Viacheslav Kravtsov,3.9979213990013847,3.9979213990013847
203141,Mirza Teletovic,2172.0842790436573,817.3686789097998
203142,Chris Copeland,747.1141505772321,270.5839178660461
203143,Pablo Prigioni,1021.0925009836376,409.1864468980853
203144,Alexey Shved,861.1310052665565,271.2546480029305
203145,Kent Bazemore,2449.951123829328,904.43037793093
203146,Maalik Wayns,31.0,7.0
203147,Chris Smith,0.0,0.0
203148,Brian Roberts,1164.3693784013535,425.07812229485785
203156,Henry Sims,64.3758140790533,24.78979914840116
203159,Machado,2.999306972918818,1.999653486459409
203183,Tony Mitchell,2.9989605794498617,0.0
203186,Reed,22.9177091360208,14.94881971265004
203187,Chris Johnson,766.6050943929016,248.5289204366597
203197,Diante Garrett,364.20243537085673,136.55899816519656
203200,Justin Holiday,2913.940655883139,1079.6253247496738
203210,Green,1745.604615294913,657.9748236263206
203263,James Nunnally,173.31380514759434,58.47088992514463
203268,Jorge Gutierrez,46.67805345614065,6.943750700004253
203315,Toure' Murry,47.63720074326571,21.848913197235056
203318,Glen Rice,80.97424236279481,21.73633634132424
203382,Aron Baynes,678.0133821767087,227.38957278441487
203457,Noel,75.05776687741451,51.35920335190011
203458,Alex Len,697.2762288452321,265.3065435007806
203459,Allen Crabbe,2156.6429523234524,841.8323648621757
203460,Andre Roberson,803.12968860836,208.05773396229944
203461,Anthony Bennett,366.113562767351,98.28016011334672
203462,Archie Goodwin,436.06565860023056,108.64612965966543
203463,Ben McLemore,2706.9341515024776,980.0374100064485
203464,Paul,108.4492352970862,31.517960503487352
203467,Carrick Felix,15.962973555410468,5.987196153815731
203468,CJ McCollum,3169.987031013495,1313.5325338395785
203469,Cody Zeller,351.7501030535343,126.7017019775299
203471,Dennis Schröder,3221.8334175023774,1168.9995388523307
203473,Dewayne Dedmon,989.2311059783387,351.78990704865225
203474,DJ Stephens,0.0,0.0
203475,Green,103.59225566584011,30.602924453851884
203476,Gorgui Dieng,988.3815444885284,382.0897428556847
203477,Isaiah Canaan,1631.2349146100485,573.8522633273949
203479,Jamaal Franklin,43.70290085915624,17.868884050828033
203480,James Southerland,13.97472983068134,5.987883905809789
203481,Jeff Withey,39.76279858154114,13.926783388593512
203482,Kelly Olynyk,2969.562702266187,1125.8382181718496
203484,Kentavious Caldwell-Pope,3101.1940209069185,1162.7153650386203
203485,Lorenzo Brown,264.18735284394603,43.19477240214298
203486,Mason Plumlee,245.5343849343797,134.8062526181973
203487,Michael Carter-Williams,1461.713919563554,435.2724916529695
203488,Mike Muscala,1992.556067880109,745.9884949275352
203489,Nate Wolters,259.4990154003338,77.93551826491348
203490,Otto Porter Jr.,2275.5279015537003,932.0845701857238
203491,Peyton Siva,61.4605689081799,15.851781583893514
203492,Ray McCallum,486.9797632511178,175.77682092326674
203493,Reggie Bullock Jr.,2635.480942045002,1013.2043964433576
203495,Ricky Ledo,86.90233963595902,33.58831996088637
203496,Robert Covington,3065.067908255564,1135.0128231541837
203497,Rudy Gobert,218.40610156124947,174.9184325204403
203498,Shabazz Muhammad,750.8449288630085,267.22702275816755
203499,Shane Larkin,705.537391610674,244.40975059719835
203500,Steven Adams,161.39288274953174,128.72054937108803
203501,Tim Hardaway Jr.,3107.1261607022816,1161.108756816695
203502,Tony Mitchell,3.9979213990013847,3.9979213990013847
203503,Tony Snell,2403.686784879205,936.0845105674808
203504,Trey Burke,2318.4208797902124,824.7116957923705
203505,Vander Blue,27.90663774077602,3.984094190198329
203506,Victor Oladipo,2691.992860349219,992.2707018977512
203507,Giannis Antetokounmpo,2527.900486930475,930.724178237638
203508,Sergey Karasev,248.8353307349159,69.40990958103204
203510,Jackson,10.984422489422634,2.995154329817768
203511,Jerrett,29.89314997820053,1.9913551483292893
203512,Nogueira,72.28924257392939,22.777434967117284
203513,Erik Murphy,11.97923114570219,0.0
203515,Phil Pressey,512.8577941757836,136.2938235083557
203516,Ennis III,1408.12458200414,526.6133149848424
203517,Nemanja Nedovic,71.17748845818416,11.872012227948662
203518,Abrines,1024.2282070578688,378.2478863024387
203519,Adonis Thomas,15.962282087763487,1.994117667132105
203521,Matthew Dellavedova,1809.300944668997,662.4209239417851
203524,Solomon Hill,1675.2831299895972,562.9329939731849
203526,Neto,1191.5029530960842,440.5804657664119
203527,Ryan Kelly,789.9527190842955,275.71748156934086
203530,Lauvergne,340.5825835419971,106.15388066455648
203539,Gal Mekel,84.83948713362142,19.736817518226243
203540,Gigi Datome,223.0878495308171,62.65475203052669
203543,Vitor Faverani,159.73038844363927,50.66702745156133
203544,Pero Antic,859.8517331241453,281.32755359162724
203545,Miroslav Raduljica,0.0,0.0
203546,Ian Clark,1220.2183578679978,426.45139592476886
203548,Elias Harris,0.0,0.0
203552,Seth Curry,2796.35751385936,1223.2718194368167
203561,Brandon Davies,100.56418895987728,23.65706275088702
203564,Lucas,1.999653486459409,0.0
203565,Christopher,3.998267912541976,0.0
203569,Chris Babb,82.94015227721974,19.75212946119956
203580,Drew II,69.38157375725315,13.884193303032667
203584,Troy Daniels,1974.4030417102856,782.841345761677
203585,McGruder,1352.0400754225263,494.9233940068177
203613,Simmons,837.9876660525599,287.347880675791
203648,Thanasis Antetokounmpo,131.64739215048087,23.609777600186632
203687,Hearn,3.9982676724403134,1.9989605794498613
203705,Magette,51.66102514257189,17.88022303412553
203710,Williams,183.52282045559,52.67002270609596
203798,Hairston,730.0164158349992,216.09679632781803
203805,Cherry,8.989266240995192,1.9968835385505728
203810,Casper Ware,69.26549893160517,19.77767190694613
203816,Scotty Hopson,5.996189431573388,0.0
203893,Smith,31.872771714989,5.977180220996424
203894,Napier,1554.8227177363472,548.3850507493236
203895,McRae,445.78473350075706,161.62968847326454
203897,Zach LaVine,3177.45004151812,1315.0296274570576
203898,Ennis,400.34719555481854,131.66997024012406
203900,Brown,364.50710249716457,109.55186818912875
203901,Elfrid Payton,1175.877526469767,382.2841758916541
203902,Christon,125.89140925448712,25.58172588287895
203903,Jordan Clarkson,3255.591885511764,1142.840980380333
203906,Marble,108.45302917493989,25.661111178567904
203909,McDaniels,457.2545887199748,136.07989316293518
203910,Johnson,41.77786701769566,9.94403794958472
203912,Wilcox,114.27617419089206,39.39409240177509
203913,Brown,125.8979291294682,49.1855736368601
203914,Gary Harris,2805.475657392199,1074.869675397763
203915,Spencer Dinwiddie,2891.789152139849,1007.2136388407068
203917,Stauskas,1707.6991327861251,615.412354130476
203918,Hood,2294.175237505476,863.722705197141
203919,Adams,52.64209513902578,20.85572950976314
203920,Birch,157.43734542283278,47.884760924133154
203921,Early,193.97259242160405,51.63468480087048
203922,Robinson III,912.8133564778414,347.5969790056186
203923,Young,265.42612317246045,74.35132788310233
203924,Jerami Grant,2906.471333993381,1117.1904085271392
203925,Joe Harris,2654.658810190539,1173.8164019856458
203926,Doug McDermott,2962.821799641263,1237.2972553594368
203928,Jefferson,34.83757802057405,6.968890855350221
203930,Kilpatrick,1008.6164751179832,346.71614005414085
203932,Aaron Gordon,2777.8140894116223,994.8849994797494
203933,T.J. Warren,1308.4761185948985,508.92181292209744
203934,Patterson,54.50501591346978,12.868502701408715
203935,Marcus Smart,3038.0788933310687,1013.0122361491708
203937,Kyle Anderson,1516.6876390026864,549.4698096454212
203939,Dwight Powell,818.653838338565,277.3533859784485
203940,Payne,122.93514784537147,36.38955644346777
203943,Vonleh,573.4563644265522,186.3496461511483
203944,Julius Randle,2871.0299649691656,1055.1276393550374
203946,Bairstow,9.987879228089374,1.9982686325973924
203948,O'Bryant III,103.55413383928692,40.42817726291075
203949,McAdoo,38.79412841092925,14.918479338771188
203950,Stokes,1.999653486459409,1.999653486459409
203951,Appling,2.9989605794498617,0.0
203952,Andrew Wiggins,3143.8908176451687,1228.3087915673514
203953,Parker,1151.521838769149,422.4496749571669
203954,Joel Embiid,2344.5364675219203,921.7060308848268
203955,Cotton,45.73615591605562,13.90848300606299
203956,McGary,15.96366286750296,3.990654333672524
203957,Dante Exum,1283.070288144487,464.3563878977421
203958,Dawkins,5.996190271700439,0.9989608195515228
203960,Sampson,466.5277139234059,125.73024701144452
203961,Moreland,2.9989605794498617,2.9989605794498617
203962,Huestis,122.38548068372816,38.10263120063701
203963,Whittington,15.968500626218791,1.9951539703511203
203966,Wilson,62.380172630958974,26.74402082200061
203967,Dario Šarić,2554.4518410575806,951.9219459428635
203991,Clint Capela,145.25512946737663,131.83087471426884
203992,Bogdan Bogdanović,3046.528295881624,1183.4377412611811
203994,Jusuf Nurkić,1227.659493564073,434.7166560458232
203995,Vasilije Micic,737.6902399298517,232.83488318536976
203996,Inglis,26.90766136114149,6.978560169906774
203998,Caboclo,380.9004957341641,119.72761749735926
203999,Nikola Jokić,2760.159142650962,1129.1537058120182
204001,Kristaps Porziņģis,2932.342713193871,1131.0941894903651
204002,Tavares,1.0,1.0
204014,Rudez,530.4633705984942,199.59870951228143
204020,Johnson,1794.9985639661836,664.5800196218353
204022,Cooley,1.0,1.0
204025,Frazier,397.9691031197386,143.13594912205556
204028,Black,45.67604586674473,21.861607947072898
204033,Wear,1.0,0.0
204037,Wear,151.95113479294122,55.880014545932106
204038,Galloway,2262.082068281407,841.6164639819609
204054,Dragic,27.90801962104405,5.985479165460247
204060,Joe Ingles,2927.7626915644964,1208.2257229281845
204065,Stockton,9.988225621558334,5.993420203803108
204066,Holland,71.35966821056144,21.80667670238721
204067,Eddie,127.87773687181846,37.33956780777152
204079,Gordon,3.9979213990013847,0.9993070929904524
204098,Munford,49.685829213646194,17.87604567564015
204179,Johnson,11.98269388125567,3.9979227189990505
204222,Whittington,2.0,0.0
204456,T.J. McConnell,1047.07419521907,381.8719614534593
1626143,Jahlil Okafor,100.36057288375252,60.09606115702488
1626144,Mudiay,1391.8654289464712,474.04419215019306
1626145,Tyus Jones,2569.068239611867,974.3221723163784
1626147,Anderson,938.0633056385047,282.5119351708378
1626148,Brown,191.1363851850576,54.624296387452105
1626149,Harrell,279.7731227342323,139.33166904285235
1626150,Harrison,606.4438165577453,188.6416444011309
1626151,Harrison,108.48730171077142,23.674942672316064
1626153,Delon Wright,1672.010819583655,604.0119665603954
1626154,Hunter,173.9862289285207,52.84023988544127
1626155,Dekker,578.0227563097011,172.2811289071893
1626156,D'Angelo Russell,3299.631867296537,1248.1489154881842
1626157,Karl-Anthony Towns,2922.880620228597,1250.822094382775
1626158,Richaun Holmes,406.4510391851225,153.26108347828074
1626159,Winslow,1233.7479765666562,412.51409681087137
1626161,Cauley-Stein,125.3941876438576,74.6173520121686
1626162,Kelly Oubre Jr.,3048.6646678731995,1036.2707176205722
1626163,Kaminsky,1811.7125684544235,657.6021561609047
1626164,Devin Booker,3081.925172410416,1187.7193109339737
1626166,Cameron Payne,2417.897292267316,889.3188908163879
1626167,Myles Turner,2735.1094322044883,1047.7205917932506
1626168,Trey Lyles,1614.920216634424,583.5972388968235
1626169,Johnson,1688.6755946424812,531.0345236591648
1626170,Grant,943.8121700756194,315.3317113525265
1626171,Bobby Portis,2686.8933890084463,1090.2016345523364
1626172,Kevon Looney,179.18440052550758,48.96151040813516
1626173,Vaughn,496.7953965856748,156.98336098307436
1626174,Christian Wood,1758.6052468416572,684.9343087082038
1626175,Mickey,37.80549824038834,7.96372344891643
1626177,Johnson,1.999653486459409,1.999653486459409
1626178,Hollis-Jefferson,425.1814041542971,122.07345493328626
1626179,Terry Rozier,3067.713694555857,1141.347510741883
1626181,Norman Powell,3068.715193786148,1264.1951956747012
1626184,Randle,546.8435617456636,198.15700327782488
1626185,Martin,355.23299097641893,128.62384426274957
1626187,Frazier II,30.927661343768094,5.986501210866737
1626188,Cook,783.3723412681401,328.2843223969977
1626191,McCullough,99.67864921391168,32.56532925463723
1626192,Pat Connaughton,2461.730106071849,881.2681513470177
1626195,Hernangomez,272.8807408412603,111.86202538681356
1626196,Josh Richardson,2695.286004277456,1004.1892251955712
1626199,Hilliard,200.585741077929,62.23799280584333
1626202,Young,267.1411045737425,84.06260308240851
1626203,Graham,657.9881594298785,220.0019453510788
1626204,Larry Nance Jr.,1409.939915792943,530.6938663783776
1626208,Sykes,88.68242592095785,26.61227810999961
1626209,Hezonja,1349.8189705491206,441.8365295877533
1626210,Williams,9.984766844667448,5.991343522411787
1626214,Dejean-Jones,32.83181182191207,12.9281757355585
1626220,Royce O'Neale,2970.369244929504,1155.3953240228657
1626224,Cedi Osman,2481.538000603094,908.1155104981352
1626242,Montero,17.960199175573948,1.994116948572445
1626245,Felicio,41.7349025402658,13.930893105836532
1626246,Boban Marjanovic,110.16749520658904,47.247568153219405
1626251,Dukan,9.99134316298696,3.996537265194785
1626253,Toupane,92.86637800383008,31.63320997092362
1626254,Ndour,16.960549043929174,4.9930770479856985
1626257,Mejri,94.72652367828414,37.4860052877054
1626259,Miller,123.04748297789764,49.19827069877695
1626262,Clarke,1.999653486459409,1.999653486459409
1626273,Huertas,159.5797317489836,42.0774588050289
1626296,Sibert,1.0,1.0
1626643,Pullen,1.0,0.0
1626780,Gibson,113.3325632584261,42.39400428198602
1627098,Delaney,447.41627191288086,143.27964122579297
1627215,Lemon Jr.,12.97922778876874,6.989268160893444
1627362,Weber,54.60492867082756,12.925458488783573
1627395,Washburn,47.71270552041406,9.943715100375126
1627732,Ben Simmons,161.56043382460842,102.55567769415065
1627733,Bender,985.6207152305808,322.0782792716521
1627734,Domantas Sabonis,1733.2256103806978,690.1452341014146
1627735,Baldwin IV,74.26547963696095,20.81359610956017
1627736,Malik Beasley,3032.733711061429,1191.4591996666063
1627737,Chriss,987.6030575613532,309.73054866057674
1627738,Davis,11.977156501496678,9.981308066904212
1627739,Kris Dunn,1733.5149550701806,608.1215728414924
1627740,Ellenson,284.8684952497355,98.25447951205996
1627741,Buddy Hield,3308.0886384326395,1335.003362417495
1627742,Brandon Ingram,2626.4174242093723,1023.589060146336
1627743,Jackson,27.90316843509169,7.974066283949998
1627744,Johnson,1.999653486459409,0.0
1627745,Damian Jones,171.67691125121732,67.51482749422816
1627746,Skal Labissiere,213.6476640870605,88.39915473409505
1627747,Caris LeVert,2983.1690204759725,1077.8218075750794
1627748,Maker,728.3360134460728,247.81589690142016
1627749,Dejounte Murray,1723.194167773166,644.379618604972
1627750,Jamal Murray,2991.410238930401,1206.6441127737517
1627751,Jakob Poeltl,76.00704371341376,65.23692901245211
1627752,Taurean Prince,2847.28349906538,1110.8175423757946
1627753,Qi,38.808585754810856,4.97546237907963
1627755,Ulis,443.42405055514246,139.34790166367347
1627756,Valentine,1560.9373636425391,564.300962758665
1627758,Baker,257.01034460326025,69.5046565114215
1627759,Jaylen Brown,3008.4846556373136,1135.4190441378016
1627761,Bembry,700.1521710133247,215.00528969687485
1627762,Bolomboy,9.987879228089374,1.9975757255878448
1627763,Malcolm Brogdon,2454.6906089670506,996.8724694841504
1627767,Diallo,26.8866381637834,17.931555258952034
1627770,Felder,85.03347480394798,25.69431530735559
1627771,Gbinije,7.992726576946091,0.0
1627772,Hamilton,56.58561536333068,20.850599788628152
1627773,Hammons,19.95120901269491,9.972663340536675
1627774,Layman,792.2749660189012,247.23808540246816
1627775,McCaw,563.7105505322513,175.57373996187994
1627777,Georges Niang,2649.077141359827,1063.811827289669
1627779,Paige,15.969884520630597,3.992384621760941
1627780,Gary Payton II,1048.7540880679437,359.3937227779951
1627781,Richardson,181.60826840021724,54.67306092078543
1627782,Selden,609.1262062601437,216.5550936004193
1627783,Pascal Siakam,2775.296143159544,1047.2354812519472
1627784,Uthoff,30.89485632545156,8.967142136619193
1627785,Whitehead,324.3980126807172,102.4608907869782
1627786,Williams,283.865653432248,89.56271029943068
1627787,Wiltjer,25.916986543255376,7.973711744891161
1627788,Furkan Korkmaz,1713.320622340271,611.6108160470042
1627789,Luwawu-Cabarrot,1481.9815541151852,497.9826579006176
1627790,Zizic,7.990650375466947,7.990650375466947
1627791,Bentil,1.0,0.0
1627812,Ferrell,1295.933942059386,478.6732249308216
1627814,Damion Lee,1616.7369732752904,616.003612232698
1627815,Mac,60.52640978315179,14.885136347389908
1627816,Poythress,104.5764320130029,37.49872730841756
1627817,Quarterman,29.89004645992317,9.960238710199087
1627819,Taylor,168.14088407648026,46.95780822468912
1627820,Wallace,168.12608496596258,41.032493484841474
1627821,Webb III,37.82064919073616,7.964401991101523
1627822,Cornelie,7.990650255561653,1.0
1627823,Hernangomez,1283.0517439971588,445.8999062593458
1627824,Guerschon Yabusele,1148.76592422201,417.2304788889445
1627826,Ivica Zubac,76.01853225179154,54.41958695681486
1627827,Dorian Finney-Smith,3003.7127310860424,1100.1383043894823
1627832,Fred VanVleet,3049.135573154,1148.7341333607378
1627834,Papagiannis,5.9951507312034416,1.9989605794498613
1627835,Zipser,397.8653363206207,134.5853126187501
1627846,Nader,625.7355433400089,225.843071761836
1627848,Long,41.76583858474438,17.89499331794789
1627850,Plumlee,1.0,1.0
1627851,Kuzminskas,325.36282918944613,107.11598865635854
1627852,Brussino,189.2523323708964,56.58825165116403
1627853,Ryan Arcidiacono,874.326800928185,324.02454575240915
1627854,Forbes,2277.806735167475,945.5460114355152
1627855,White,93.84439651466116,32.582677733074824
1627858,Collinsworth,35.83343651077865,9.949202738547124
1627863,Danuel House Jr.,1589.434910040602,575.6155673835
1627866,Warney,1.0,1.0
1627868,Garino,9.98891792841773,0.0
1627875,Georges-Hunt,33.85551121766168,9.956101390491416
1627879,Laprovittola,26.88803376032289,9.967494271886354
1627883,Jones,111.35164839411904,44.33946872389156
1627884,Derrick Jones Jr.,1871.021523485752,637.3740882983254
1627885,Shaquille Harrison,366.7910474857121,114.30570410967276
1627936,Alex Caruso,2041.4638721190836,768.7941926490006
1627982,Gray,25.92010180453027,5.976135180547058
1627988,Henry,114.30067907022205,37.42876003262542
1628021,Nwaba,532.6445729795247,189.85108047742992
1628035,McKinnie,487.02118904654174,161.66667472411658
1628070,Loyd,15.969538486919085,7.9844239298657875
1628221,York,24.916003610578777,7.970271515352229
1628238,Bass,1.999653486459409,0.0
1628249,Creek,3.9982676724403134,0.0
1628365,Markelle Fultz,587.1797960481528,190.8972661335424
1628366,Lonzo Ball,1594.4498009756232,587.2844202989659
1628367,Jackson,1461.3012346719927,458.6182873008786
1628368,De'Aaron Fox,2941.8101767360727,1067.817619494187
1628369,Jayson Tatum,3073.145635017904,1191.6448111308114
1628370,Malik Monk,2892.5253826670714,1047.9672355024768
1628371,Jonathan Isaac,1371.3265156284867,435.038684249338
1628372,Dennis Smith Jr.,1517.14970811818,480.8447128994979
1628373,Frank Ntilikina,1103.067104735225,359.0401568570546
1628374,Lauri Markkanen,2989.166511057185,1148.1178640300325
1628378,Donovan Mitchell,3088.5823297511124,1200.0598860110467
1628379,Luke Kennard,2805.949473550089,1267.9832751797871
1628380,Zach Collins,1481.199127540926,501.6203165995506
1628381,John Collins,2250.007120364594,889.5946514749394
1628382,Justin Jackson,1223.8463696716624,397.71853922029874
1628383,Patton,80.16861655704821,20.78609429877836
1628384,OG Anunoby,2867.386837774587,1095.9103237304728
1628385,Harry Giles III,103.46844952801516,27.618638166174705
1628386,Jarrett Allen,357.6477555874787,128.70482751099942
1628388,Leaf,176.84350820070097,63.48266853509884
1628389,Bam Adebayo,1367.1324944502717,525.2376901623968
1628390,Ferguson,999.4630448126208,337.99321026338896
1628391,D.J. Wilson,537.26171819539,181.9226036133575
1628392,Isaiah Hartenstein,260.0123116941984,70.63377321720095
1628393,Evans,118.11752213967856,35.44274314451633
1628394,Pasecniks,8.989610595491985,1.9979217590914813
1628395,Bell,46.69279354322698,14.915057576358528
1628396,Tony Bradley,25.888728697012933,13.946776645250528
1628397,Rabb,35.82103803212176,11.943675047310151
1628398,Kyle Kuzma,3045.7669095582046,1071.0274722440402
1628399,Lydon,19.95189988114773,7.977506253436821
1628400,Ojeleye,937.9829973967544,324.2579415824295
1628401,Derrick White,2987.334138328028,1104.7654909263497
1628402,Jackson,1228.2808119581332,420.03456647617696
1628403,Swanigan,36.81756347795311,6.969938411036518
1628404,Josh Hart,2723.463838162806,964.51047686523
1628405,Motley,23.922182314506475,7.975789743995565
1628407,Bacon,744.8777931667861,247.5400030438932
1628408,PJ Dozier,501.576843237163,159.45087325294966
1628409,Peters,115.28533380413316,36.52414828600165
1628410,Sumner,475.9594325995823,171.94878290033847
1628411,Iwundu,468.2249363615233,139.77543299967869
1628412,Mason III,332.87867374927635,104.11182856895994
1628413,Bolden,195.8706873306075,67.27371659704198
1628414,Thornwell,201.53914475400327,71.02851134819363
1628415,Dillon Brooks,2880.5324053463737,1054.2177535535582
1628416,Dorsey,613.0649020328734,216.64015145068103
1628417,Blossomgame,77.23485702653244,19.789134435586394
1628418,Thomas Bryant,1305.4644816052698,467.3653541762971
1628419,Oliver,18.949842122586205,7.979243847611931
1628420,Monté Morris,1105.672867709313,448.1146267814974
1628421,Robinson,3.9982676724403134,0.0
1628422,Dotson,1225.157117865292,430.6004139459605
1628424,Kobi Simmons,111.30163537714168,30.55014611661608
1628425,Brown,1137.9836971645775,416.5967796042859
1628426,Sasha Vezenkov,340.8699666213243,127.85600679360113
1628427,Vlatko Čančar,359.58284473933344,126.52233457491128
1628429,Cooke,15.968500146514463,1.995499883949461
1628430,Williams-Goss,8.994803137392577,1.998614185980905
1628432,Reed,335.42511687095003,130.9981997613799
1628436,Luke Kornet,880.88791759995,280.7701060751976
1628439,Hicks,9.985459391587073,2.9982686325973926
1628443,Allen,126.85464813692016,46.245265969040325
1628444,Bird,14.97196144183242,6.988575972609115
1628449,Chris Boucher,1131.423790633071,401.0779488621888
1628451,Wiley,1.999653486459409,1.0
1628455,James,255.08485412941667,77.30807849560405
1628462,Teodosic,486.3910339996109,185.43436653985827
1628463,Cavanaugh,183.52485517249235,64.39043276235583
1628464,Daniel Theis,1105.4566783801877,376.82289580291786
1628467,Maxi Kleber,2022.4037975096865,718.5596187312868
1628469,Blakeney,284.7256819520265,107.8133156462836
1628470,Torrey Craig,1847.274990420652,669.0275490719041
1628475,Williams Jr.,4.997575485652551,0.9989608195515228
1628476,Walton Jr.,106.52207967128756,39.43425111859476
1628492,Clavell,14.969892429771786,5.987887621878274
1628495,Doyle,45.73891857322689,7.954066681293865
1628499,Cleveland,11.98441649328416,5.992727296793562
1628502,Nigel Hayes-Davis,47.617750146168746,7.945516524448132
1628503,Artis,58.563940070995386,16.875435012529113
1628504,Rathan-Mayes,14.970239422061493,1.99515397035112
1628505,Caupain,5.995843038104431,3.9972287320934985
1628506,Perrantes,2.9989605794498617,0.0
1628510,White III,96.8005506322196,35.55174090606568
1628513,Mitrou-Long,46.73168070488227,9.942338523197446
1628515,Briscoe,33.81252766141378,10.934414005469623
1628537,Morris,29.888313056705293,5.977176989737399
1628539,Mulder,592.8193439498015,220.9356640359609
1628571,McCree,1.999653486459409,0.0
1628591,Sword,1.0,0.0
1628605,Hannahs,7.992727536895224,2.0
1628656,Garrett,15.96953896699762,0.0
1628681,Purvis,102.64297269897956,25.65653472985434
1628769,McCall,1.0,0.0
1628778,Watson,193.1613206310444,76.05201074962754
1628935,Jackson,7.994458664404116,1.998614666101029
1628959,Alkins,24.92217632945276,6.98028554519779
1628960,Grayson Allen,2745.4862320243537,1129.4795966342076
1628962,Udoka Azubuike,2.9989605794498617,2.9989605794498617
1628963,Marvin Bagley III,1024.3554796936196,338.24247042066725
1628964,Mo Bamba,812.855032004071,302.01051786523647
1628966,Keita Bates-Diop,845.4175019226528,298.01872621230456
1628968,Bowen II,5.995843038104431,0.0
1628969,Mikal Bridges,2999.1951393974327,1156.6405463886904
1628970,Miles Bridges,2784.979247371999,975.9944325091906
1628971,Bruce Brown,1812.296451197224,635.9189384870239
1628972,Troy Brown Jr.,1458.5511128783182,517.8225873846409
1628973,Jalen Brunson,2760.319048702678,1114.521572494756
1628975,Jevon Carter,2377.947860084528,908.0228983884376
1628976,Wendell Carter Jr.,1875.928169062668,627.2556064910123
1628977,Hamidou Diallo,283.262552297622,104.94738333533502
1628978,Donte DiVincenzo,2931.2163183188777,1130.605497194559
1628979,Duval,1.999653486459409,1.999653486459409
1628980,Evans,107.48478163703057,34.51431538926689
1628981,Bruno Fernando,103.53198131459456,14.816124742515116
1628982,Frazier Jr.,76.32609437376726,13.860736150832713
1628983,Shai Gilgeous-Alexander,2553.3494839984705,987.3087456639092
1628984,Devonte' Graham,2560.119279076884,909.7880099902716
1628985,Hall,18.98822058083769,3.99722837196181
1628987,Hervey,27.93804559093459,2.9916937540562074
1628988,Aaron Holiday,2035.0572031100864,791.154664239517
1628989,Kevin Huerter,3064.2732712221004,1145.7246160574462
1628990,Hutchison,219.4128824993982,71.95078157553968
1628991,Jaren Jackson Jr.,2756.6514302117744,1004.3706227165824
1628993,Johnson,39.811302595772446,10.947120675896238
1628994,King,7.992726456874457,0.0
1628995,Kevin Knox II,1616.414574495199,564.0373848377853
1628997,Caleb Martin,1714.589129574381,620.4682081311247
1628998,Cody Martin,702.1285890848441,219.6218602526664
1628999,Maten,1.999653486459409,0.0
1629001,De'Anthony Melton,2264.548347538225,833.6359012015876
1629002,Chimezie Metu,733.0778527009538,225.52955016801425
1629003,Shake Milton,1433.17926501927,523.280295709797
1629004,Svi Mykhailiuk,2409.8782278641543,884.9233927915471
1629005,Newman,1.999653486459409,0.0
1629006,Josh Okogie,1789.9206163709766,578.6239133509979
1629007,Jontay Porter,190.327348753748,64.11701335561756
1629008,Michael Porter Jr.,2787.926518209837,1131.112876901321
1629010,Jerome Robinson,477.96763570570687,138.06080971463044
1629011,Mitchell Robinson,39.73193658212063,39.73193658212063
1629012,Collin Sexton,2497.330871931471,1012.9756858310104
1629013,Landry Shamet,2703.093042116897,1064.5053390254698
1629014,Anfernee Simons,2980.8924385250293,1155.7281229220205
1629015,Smith,37.82479895569627,11.940219508887951
1629016,Spellman,453.670178400021,170.21861348432168
1629017,Thomas,151.93940317733345,50.00061777754341
1629018,Gary Trent Jr.,2988.605346406406,1178.5142875386884
1629019,Trier,361.5734739700742,144.64302643617552
1629020,Jarred Vanderbilt,681.9986121868511,223.9819224366221
1629021,Moritz Wagner,1548.2682223251788,526.7506225120105
1629022,Lonnie Walker IV,2088.153333606204,763.1829046373695
1629023,P.J. Washington,2741.9943950745205,987.230133127537
1629026,Kenrich Williams,1768.432703191506,667.7295501465215
1629027,Trae Young,3030.65938343836,1131.80461834487
1629028,Deandre Ayton,345.259446685757,142.85556188722416
1629029,Luka Dončić,3118.529939742089,1169.3584279708452
1629033,Pinson,428.2040109081189,113.43267421260563
1629034,Spalding,7.992380063405501,0.0
1629035,Edwards,292.51215125673417,87.52492931139459
1629044,Ponds,1.999653486459409,1.0
1629045,Colson,42.788621064778575,10.94819489452186
1629048,Goga Bitadze,588.7683018085371,138.83991125008748
1629052,Oshae Brissett,1023.9962763804904,349.7018295443144
1629053,Edwards,7.993072850385021,1.9979217590914813
1629055,Grantham,1.999653486459409,0.0
1629056,Terence Davis,775.4434552222103,293.8609334299826
1629057,Robert Williams III,84.84077338963394,39.56234415541928
1629058,Musa,160.7602065363872,36.30740522331802
1629059,Okobo,388.8018742944364,125.33199328500172
1629060,Rui Hachimura,2076.1906480458106,836.7960308769046
1629061,Adel,45.73857395925115,11.92783287381757
1629065,Bowman,210.9944228182907,66.9874629066764
1629066,Kurucs,531.4846873062423,178.81998497297835
1629067,Bonga,238.6156572454996,74.68109898334401
1629076,Cook,11.977848089630418,9.9837309015381
1629083,Kulboka,1.999653486459409,0.0
1629091,Bryant,9.99134316298696,1.9982686325973924
1629094,Derrickson,39.80409665544305,19.91155652668303
1629098,Jack McVeigh,38.777292398316064,11.93163071138585
1629102,Sampson,57.57837281217149,21.84716371385099
1629103,Martin,436.223917983091,134.85543509206423
1629109,Clark,748.4721655330039,242.6825278800456
1629111,Jock Landale,1004.375331367076,356.0190116697195
1629117,Wenyen Gabriel,250.1957993504969,83.18579626717269
1629118,Welsh,13.979229828447622,5.9909994083907545
1629121,Adams,149.08141232616325,48.980260865342856
1629122,Macura,7.994458664404116,0.0
1629123,Terrell,34.84516384248894,8.957833231749191
1629126,Burton,152.98938006922643,36.27171155668864
1629130,Duncan Robinson,2990.499692579786,1180.4929987899363
1629133,Macon,26.914231564330088,12.961263872144626
1629134,Nunn,1474.0214615628652,553.0281384515423
1629139,Yuta Watanabe,806.6566042742622,295.0556847246153
1629140,Williams,11.97922934737159,3.994113110687924
1629147,Chealey,7.992726576946091,0.0
1629151,Broekhoff,279.3692874287873,113.6650714623402
1629152,Akoon-Purcell,3.9982677924703416,0.0
1629155,Lofton,1.0,0.0
1629162,Jordan McLaughlin,1020.8623516896224,395.8708140461212
1629164,Goodwin,475.6770442085378,153.73659318547686
1629168,Johnson,48.712677930156126,17.89019227416205
1629185,Chiozza,302.40001691252104,105.88139215291808
1629203,Jones,20.94533350994468,4.989965621853953
1629216,Gabe Vincent,2088.211134444222,718.7892057119609
1629232,Kaiser Gates,3.998614185980905,0.0
1629234,Drew Eubanks,185.1886762958512,84.98762237040921
1629244,Reynolds,124.02036154523292,47.24862709309108
1629308,Juan Toscano-Anderson,473.7835465438586,158.00700208983807
1629312,Haywood Highsmith,1243.2452141695169,470.1400437423895
1629346,Smailagic,45.73477406186001,13.923676996386918
1629353,Humphries,21.943259107087336,5.98719951050019
1629541,Bertans,67.43010195896203,19.834164449814097
1629597,Cheatham,5.996189551645022,0.0
1629598,Clemons,196.1579826764984,68.26773352453844
1629599,Amir Coffey,1600.1421803350383,612.0751518157281
1629600,Cumberland,1.0,0.0
1629603,Mamadi Diakite,71.32972180089999,16.862146970337754
1629604,Elleby,308.8867416128102,86.43315440026616
1629605,Fall,2.9989605794498617,2.9989605794498617
1629606,Franks,14.968165497038983,4.987893014295658
1629607,Harper,29.89247145555462,9.96611433459848
1629608,Hernandez,2.999306972918818,0.9996534864594092
1629610,DaQuan Jeffries,616.7386546107118,197.4496342962813
1629611,Terance Mann,1879.8263636910087,716.233467154477
1629614,Andrew Nembhard,1666.967210569853,577.3333701760114
1629617,Perry,75.25585982868829,15.853209898347338
1629618,Jalen Pickett,628.8805632729205,240.15352128495527
1629619,Powell,11.982687285133036,1.99653738510008
1629620,Robinson,78.95594261999194,24.66602648242397
1629621,Shayok,8.993764917309138,2.997921639103046
1629622,Max Strus,2513.166658611127,931.60191455179
1629623,Lindell Wigginton,97.7273495846996,34.57197379379652
1629626,Bol Bol,660.1003173570239,227.5908626540653
1629627,Zion Williamson,297.4201754795429,144.17711273758235
1629628,RJ Barrett,2659.857033296076,967.3608581963632
1629629,Cam Reddish,1472.4429334052318,484.4760607455277
1629630,Ja Morant,2115.1017717394097,725.3589637885722
1629631,De'Andre Hunter,2722.6899744325024,1016.194842634181
1629632,Coby White,2885.957971707156,1077.5219978911828
1629633,Culver,621.6655810766376,180.5563884167474
1629634,Brandon Clarke,413.0588764426674,138.48933803922858
1629635,Doumbouya,409.4534234331136,106.68219140611669
1629636,Darius Garland,2770.3419037182503,1104.2868500396664
1629637,Jaxson Hayes,266.3845603728151,92.49333592934713
1629638,Nickeil Alexander-Walker,2766.588522909896,1014.7934458767576
1629639,Tyler Herro,2825.0543570242903,1104.2690195571622
1629640,Keldon Johnson,2472.5200238218745,900.7258376115684
1629641,Langford,368.9069445704621,114.32234523896584
1629642,Nassir Little,965.9370650530492,323.8155882323481
1629643,Chuma Okeke,1250.7110531434876,404.8344116325319
1629644,Okpala,192.9984051038456,56.56179747648708
1629645,Kevin Porter Jr.,2194.3521469276466,783.6808322780162
1629646,Charles Bassey,31.85657718582917,10.96301067392898
1629647,Darius Bazley,1246.483808473133,398.1959550515999
1629648,Bone,83.10953428404532,23.75652087149817
1629649,Brazdeikis,246.6584391701361,82.29533988377557
1629650,Moses Brown,16.953302101725427,16.953302101725427
1629651,Nic Claxton,187.2154980459524,69.6044268088566
1629652,Luguentz Dort,2707.65325339652,994.7822039690265
1629653,Dotson,39.800980555867696,7.962336322494693
1629655,Daniel Gafford,34.794952974669144,32.812197154495195
1629656,Quentin Grimes,2595.825233010161,961.7549942709188
1629657,Guy,172.10909396958172,52.82272136910672
1629658,Hoard,83.08031362056957,23.77204405825486
1629659,Talen Horton-Tucker,1511.7090965705302,478.31893386388185
1629660,Ty Jerome,1463.1375295812416,573.1859564398528
1629661,Cameron Johnson,2727.164239536787,1084.300628100487
1629662,Kabengele,143.29499424772862,43.13608932534535
1629663,King,112.36645399757936,39.43351928400359
1629665,Lecque,9.988225501528303,0.0
1629667,Jalen McDaniels,1001.0509276112064,327.0588009670125
1629668,Norvell Jr.,7.993419843629814,2.9961907516541944
1629669,Jaylen Nowell,1112.860714853872,362.2431686744421
1629670,Jordan Nwora,1164.985003934724,444.1939002317316
1629671,Oni,206.63647594266808,67.19649232324007
1629672,Paschall,563.5242314778169,202.5845765491645
1629673,Jordan Poole,2945.191097628213,1040.904558088219
1629674,Neemias Queta,26.888356250611764,0.0
1629675,Naz Reid,2553.456592878341,988.8331013045208
1629676,Roby,511.85268464837657,188.2278809959625
1629677,Luka Samanic,334.0022201900131,78.98230208224768
1629678,Admiral Schofield,435.27845888042566,142.2107743740518
1629680,Matisse Thybulle,1654.2674719466504,583.559098003593
1629681,Tillie,230.84466384145964,71.77061291649724
1629682,Waters,133.73764213254933,41.33252248418975
1629683,Weatherspoon,28.90211835870258,5.981666204159817
1629684,Grant Williams,2172.74280117963,824.1938377250158
1629685,Dylan Windler,361.9391353672533,129.901395143519
1629686,Sirvydis,69.38919616029253,21.807646510511027
1629690,Mokoka,50.66964153184789,14.897462649971873
1629712,Louzada,61.52158000818071,21.841324331523467
1629713,James,65.28520107406652,24.765986224995835
1629714,Brantley,37.7681038178236,16.903016013528642
1629716,Marques Bolden,2.9989605794498617,0.0
1629717,Armoni Brooks,810.074437461908,270.84663342385335
1629718,Charlie Brown Jr.,103.54228022436924,23.644670332893103
1629723,John Konchar,1218.8678971052288,423.1046150494756
1629724,Law,7.9975744052158655,0.9996534864594092
1629725,Martin,42.84091305540546,10.959536105720868
1629726,Garrison Mathews,1301.884068896545,503.96596092586304
1629730,Tucker,46.76846399396547,14.935725151357444
1629731,Dean Wade,1869.7036908176376,690.3063843676863
1629735,Silva,12.975078382196884,7.989613113919232
1629738,Poirier,5.996189431573388,1.9986143060109327
1629739,Howard,7.994458664404116,0.0
1629740,Melli,522.1447159713306,171.52979031628985
1629741,Guduric,161.56457879612134,49.96048631089362
1629742,Kidd,1.0,0.0
1629744,Thomas,484.7351091559719,193.777210287824
1629745,Owens,3.9982676724403134,0.0
1629750,Javonte Green,1264.8451640607004,436.5366181531455
1629751,Mathias,31.84595660316584,9.948200107997051
1629752,Morgan,42.77888216743322,13.930212416252504
1629755,Gravett,25.900806011070426,10.957488015977486
1629760,Mooney,5.995843038104431,0.0
1629783,Buchanan,1.999653486459409,0.0
1629833,Blevins,156.7649586029209,45.04691892817976
1629873,Paige,2.0,0.0
1629875,Xavier Moon,85.93980437127867,19.79951094981184
1629962,Cannady,104.61403868994616,41.45962107578343
1630162,Anthony Edwards,2977.844934390256,1134.5961641362846
1630163,LaMelo Ball,2751.845825140459,1029.584603529395
1630164,James Wiseman,77.9534468376237,30.592827670384825
1630165,Killian Hayes,666.3549859076746,197.0231404661814
1630166,Deni Avdija,2304.332829697363,796.2525606718012
1630167,Obi Toppin,1866.3251108939864,670.8859484560716
1630168,Onyeka Okongwu,1247.920777077367,452.2718219082469
1630169,Tyrese Haliburton,2666.325455270968,1063.474608786473
1630170,Devin Vassell,2577.152839168248,967.3692285541232
1630171,Isaac Okoro,1865.2291278058003,670.7594836733533
1630172,Patrick Williams,1872.657641856083,737.6739769708751
1630173,Precious Achiuwa,1042.7008960224146,330.4593912867828
1630174,Aaron Nesmith,2085.5975991189657,809.9548889971364
1630175,Cole Anthony,2091.9330047518783,735.2523305167975
1630176,Carey Jr.,14.97161552840039,2.994807456810529
1630177,Theo Maledon,1042.338973158665,330.0138042865367
1630178,Tyrese Maxey,2743.537676610475,1061.239564832534
1630179,Terry,13.976112166988964,0.0
1630180,Saddiq Bey,2760.795747691453,990.4616818313074
1630181,R.J. Hampton,727.2677315561384,251.3995433613146
1630182,Josh Green,1573.3590826907307,618.7503951748496
1630183,Jaden McDaniels,2240.1141580019603,824.1192922470375
1630184,Kira Lewis Jr.,493.469385393418,144.79477160599447
1630185,Mannion,118.18928737888888,43.33652170339488
1630186,Jahmi'us Ramsey,138.24153427047207,38.26762543411117
1630187,Oturu,13.977499898329134,3.9958454373329744
1630188,Jalen Smith,1748.5797115306673,614.927372881448
1630189,Bey,7.992726456874457,1.998268152560438
1630190,Hughes,228.9813822224246,63.96849833786404
1630191,Isaiah Stewart,1301.179472731638,456.27266991788673
1630192,Zeke Nnaji,685.994740033943,239.46240551486449
1630193,Immanuel Quickley,2805.012038160662,1073.1968123748854
1630194,Paul Reed,360.5909347381187,118.88738215255914
1630195,Bolmaro,44.73960106062452,10.93782823643562
1630196,Filip Petrusev,0.0,0.0
1630197,Aleksej Pokusevski,1014.454689077198,313.4402556306571
1630198,Isaiah Joe,2472.2772597507114,1009.6391033304758
1630199,Stanley,59.54497865769565,13.890634407945004
1630200,Tre Jones,1163.2885904141156,385.2120632779712
1630201,Malachi Flynn,1092.16060255169,367.9389242498833
1630202,Payton Pritchard,2642.0878709158856,1041.297452953169
1630203,Riller,7.992380063405501,3.9965364251925104
1630204,Ashton Hagans,74.16281042764874,23.73846417723289
1630205,Lamar Stevens,551.8427592182134,166.83860877092772
1630206,Scrubb,64.4665338812124,20.833795327024923
1630207,Nate Hinton,79.10347079661656,28.64759886411228
1630208,Nick Richards,51.60231793555378,22.87508849646621
1630209,Omer Yurtseven,111.1337898394126,27.58802854710349
1630210,Howard,262.66120060621915,90.97478990479728
1630211,Mane,1.999653486459409,1.0
1630214,Xavier Tillman,681.7438743763684,169.83271662034127
1630215,Jared Butler,823.5123260745764,281.38420603371765
1630216,Winston,45.73441630406349,19.88291852143108
1630217,Desmond Bane,2702.120059733308,1118.689795012967
1630218,Woodard II,19.95016995231807,3.9896182704717127
1630219,Skylar Mays,333.0868302289755,116.41456232359975
1630221,Hall,75.26207808717251,9.910430926595495
1630222,Mason Jones,180.44681788043383,57.54790454036576
1630223,Harris,36.80676266890759,17.894776738781367
1630224,Jalen Green,2741.2122205364503,960.1662742767296
1630225,Todd,51.66586939388297,9.9257985096256
1630227,Daishen Nix,366.7640740386752,106.25835431753828
1630228,Jonathan Kuminga,1351.2607025895416,459.0950348623929
1630230,Naji Marshall,1723.2632174330922,534.9153282213334
1630231,Kenyon Martin Jr.,1062.2346918052372,371.0399502255293
1630233,Knight,141.26850622794638,43.25569351627243
1630234,Alexander,17.959506868298757,3.991694113439801
1630235,Trent Forrest,138.34275884008017,26.489426875788944
1630237,Lamb,510.6329969880441,182.6922848008344
1630238,Fitts,23.929427821790423,11.966098525403648
1630240,Saben Lee,273.2602076515305,79.05121730598272
1630241,Sam Merrill,1999.0549633671824,805.0272359523478
1630243,Trevelin Queen,342.27021049014513,92.8817290755346
1630245,Ayo Dosunmu,2028.7094050682915,784.7862066170619
1630249,Vít Krejčí,1643.3204481793516,662.3249073092925
1630250,Simonovic,17.960545209077587,3.99238606054178
1630253,McDermott,43.75821595516926,9.940928673461888
1630256,Jae'Sean Tate,1126.798680199781,370.243403762883
1630259,Jordan Ford,8.988572854696958,5.992381983137469
1630264,Anthony Gill,402.1391411189799,122.20584674768394
1630266,Magnay,1.0,0.0
1630267,Campazzo,756.5140623578179,247.9256480866014
1630268,Darling,13.977150627423615,3.993768156539841
1630270,Sneed,27.902477085937555,7.974755114384741
1630271,Thomas,134.60913754749043,36.35967952820303
1630273,Gillespie,4.996536065102413,2.9979213990013847
1630283,Kylor Kelley,0.0,0.0
1630284,Kevon Harris,85.06769394675925,31.65917448815454
1630285,Zavier Simpson,43.6964804914525,12.91205012276079
1630286,Scott,1.0,0.0
1630288,Jeff Dowtin Jr.,302.3917265915974,117.28845662119508
1630296,Braxton Key,59.5182531509878,17.85343151137665
1630306,Edwards,3.998960819551523,1.0
1630311,Pat Spencer,330.6441005844666,114.4834751450773
1630314,Brandon Williams,717.5168859317705,208.8961958534088
1630322,Lindy Waters III,1394.9385669153226,506.1653446619426
1630346,Matt Ryan,472.0685011125525,192.28255913364617
1630466,Deck,39.7940979191437,9.957847215287702
1630525,Johnson,1.999653486459409,0.0
1630526,Jeremiah Robinson-Earl,673.945429966724,225.5660930212345
1630527,Brandon Boston Jr.,760.8100565906519,253.82309004557075
1630528,Josh Christopher,555.2868516737666,158.90240844924057
1630529,Herbert Jones,1618.1323924823707,582.1886640255577
1630530,Trey Murphy III,2614.411885892148,1002.9103745708952
1630531,Jaden Springer,284.85409144506343,66.88771127011456
1630532,Franz Wagner,2225.6688358991187,740.3169559633438
1630533,Ziaire Williams,1868.861964248228,593.8518084883954
1630534,Ochai Agbaji,1735.9253937074025,584.470582731176
1630535,Greg Brown III,143.25147233656418,43.212829979404624
1630536,Sharife Cooper,94.62635814618604,31.518220237606645
1630537,Chris Duarte,1085.1308088292446,384.92478135627
1630538,Bones Hyland,2027.7940845070164,750.3885042404384
1630539,Kai Jones,56.566743878193485,12.898579659500566
1630540,Miles McBride,1904.9951046737249,722.1096063251283
1630541,Moses Moody,2014.7076716339589,765.29241137471
1630542,Marcus Bagley,94.64358202140866,14.819336212887094
1630543,Isaiah Jackson,87.87351043295708,26.730164324486257
1630544,Tre Mann,1629.439657839549,575.3156396126524
1630545,Terrence Shannon Jr.,200.59283111542103,75.58036742850798
1630547,James Bouknight,388.7950002937244,136.138708625956
1630548,Johnny Juzang,768.7847567096204,280.87389490177225
1630549,Day'Ron Sharpe,305.81025355150723,81.1770809555771
1630550,JT Thor,558.6361113003363,180.9003261604779
1630551,Justin Champagnie,965.133136492242,343.0865378090628
1630552,Jalen Johnson,1497.3630533262651,500.2574936942852
1630553,Keon Johnson,1269.673905355908,414.1473441887955
1630554,Jason Preston,23.910475088223496,4.98408843906193
1630555,Ayayi,1.0,0.0
1630556,Kessler Edwards,636.1783381165108,233.62081217224767
1630557,Corey Kispert,2469.7286339139923,947.3689607575616
1630558,Davion Mitchell,1927.96118951222,706.0717050413442
1630559,Austin Reaves,2363.169131869093,885.4131468132495
1630560,Cam Thomas,1972.7619988754157,690.0989550904051
1630561,David Duke Jr.,134.46179219889365,40.21973861800113
1630562,Matt Hurt,59.47897451795416,14.86148230100716
1630563,Joshua Primo,293.1791116063938,90.37837597460808
1630564,RaiQuan Gray,30.873160823414413,12.94539361484029
1630565,Henry,1.0,0.0
1630567,Scottie Barnes,2015.25602975298,637.8819739501008
1630568,Luka Garza,567.5119656635858,208.05056001869747
1630570,Trendon Watford,694.6365196470972,249.6505680514244
1630572,Sandro Mamukelashvili,1343.9538983080893,481.7373027620035
1630573,Sam Hauser,2406.6127327129275,1002.06727029353
1630574,Ariel Hukporti,11.979921654438886,2.995153370408872
1630577,Julian Champagnie,2180.0035977335624,816.1893215786138
1630578,Alperen Sengun,1046.4281674868157,309.3938698739807
1630579,Jericho Sims,2.9989605794498617,0.9996534864594092
1630580,Wieskamp,110.4017567277195,35.45612203958361
1630581,Josh Giddey,1979.7320172916552,692.1210886566545
1630582,Pons,17.964702170598954,5.987888343013196
1630583,Santi Aldama,2009.8026426349847,703.1945446469971
1630585,Marcus Garrett,31.85520883671224,10.949198299775455
1630586,Usman Garuba,158.6299079842169,57.76167951911638
1630587,Isaiah Livers,782.2119181231349,271.42545967851424
1630589,Wright,1.999653486459409,0.0
1630590,Scotty Pippen Jr.,818.2457964533565,326.2302088569025
1630591,Jalen Suggs,2079.86522466062,701.9550737517848
1630592,Jalen Wilson,1276.2824848551434,436.011923441248
1630593,Wright IV,62.4851793995159,22.83343815261557
1630595,Cade Cunningham,2305.095562661728,799.9946480451138
1630596,Evan Mobley,1382.7499632727609,470.1703909822064
1630598,Aaron Wiggins,1776.4214726416972,698.303762992195
1630600,Isaiah Mobley,55.55209678505351,18.85311298264312
1630602,Brown Jr.,35.84758990958792,11.956454716932477
1630604,E.J. Liddell,77.08634904903019,20.74232857160867
1630605,McLaughlin,1.0,0.0
1630606,Javonte Smart,53.64452516163596,15.899582232627107
1630608,Malcolm Cazalon,0.0,0.0
1630610,DeJon Jarreau,25.89460193823876,7.967515808381856
1630611,Gui Santos,667.4666067672005,241.57577233739016
1630612,Nembhard Jr.,3.9982676724403134,0.0
1630613,Washington Jr.,605.289193254338,228.9749314449032
1630618,D.J. Carton,20.936011801595136,2.9903165679049937
1630619,Moussa Cisse,0.0,0.0
1630620,Days,19.956054322828496,5.98442812547192
1630621,Hunter Dickinson,0.0,0.0
1630622,Jalen Crutcher,0.0,0.0
1630623,Tyson Etienne,166.69353557183743,49.72718952762011
1630625,Dalano Banton,1328.140108901635,406.10557323060766
1630631,Jose Alvarado,2078.915875330835,739.4691395823227
1630637,Jones,13.977151467550668,5.990652414896409
1630639,A.J. Lawson,544.534961549944,175.868519907184
1630640,Walker,2.0,0.0
1630641,Ibou Badji,0.0,0.0
1630643,Jay Huff,1166.8886770290928,410.3719980978616
1630644,Mac McClung,39.75779490851152,8.95515084077168
1630647,Eugene Omoruyi,312.25929194735284,93.72457629521662
1630648,Schakel,13.977842934532491,3.994807336988318
1630649,Stanley Umude,202.4878035145779,78.42445774584608
1630658,Colin Castleton,47.65639630144037,5.957218820391871
1630678,Terry Taylor,144.07654626552352,45.11060297993912
1630679,Ethan Thompson,197.84599830469645,61.07242106399531
1630686,Kalaitzakis,26.90151577514093,10.96130179675857
1630688,Ish Wainright,489.0944561159408,161.37635101657173
1630691,Pickett,77.25936337392956,25.76265645170796
1630692,Jordan Goodwin,1356.002206409027,455.7262473414706
1630695,Micah Potter,609.7572558620601,224.53868933540303
1630696,Dru Smith,508.5889958785604,175.27677122946616
1630698,Pangos,25.899087083183,5.968911196237167
1630699,MarJon Beauchamp,590.7601124053429,212.8497090008304
1630700,Dyson Daniels,1225.1967130974708,363.50378278915264
1630702,Jaden Hardy,1599.8069397174293,613.5339159177367
1630703,Scoot Henderson,1391.1448924414128,467.8522006208066
1630758,Ford,14.97058509605722,1.9944625027041385
1630762,Phillip Wheeler,29.872819562020467,0.0
1630787,McGriff,5.996190151753581,1.998614666101029
1630792,Hill,78.20978895304262,28.70203956888723
1630811,Keaton Wallace,468.5233853291946,169.12919601615843
1630846,Olivier Sarr,92.82211395188708,35.56009379323415
1630929,Henri Drell,17.956407904222292,5.987544944187016
1630994,Lundberg,15.971964201275794,5.9899623866536
1631093,Jaden Ivey,1911.8028952174648,690.2622650390032
1631094,Paolo Banchero,1963.8547706663448,650.752923644297
1631095,Jabari Smith Jr.,2234.651194818005,786.077342119816
1631096,Chet Holmgren,1455.6508696180697,532.7751888324158
1631097,Bennedict Mathurin,1928.24569927167,677.0921107502279
1631098,Johnny Davis,332.8187419767739,95.1277425293948
1631099,Keegan Murray,2362.6170350372176,864.1349005707043
1631100,AJ Griffin,590.6453130832896,221.7120143662865
1631101,Shaedon Sharpe,2113.6948231968445,706.9787792970806
1631102,TyTy Washington Jr.,252.6234976404596,65.61806190257656
1631103,Malaki Branham,1324.0583453256288,460.3321045500484
1631104,Blake Wesley,479.685358667928,138.25855826761838
1631105,Jalen Duren,25.893200593753217,9.981308066904212
1631106,Tari Eason,1237.4316498745195,467.9447433489033
1631107,Nikola Jović,1308.6144084465363,451.38381881011554
1631108,Max Christie,1843.036637135043,710.0363941159204
1631109,Mark Williams,23.908046046459752,11.970258099025886
1631110,Jeremy Sochan,1129.453529773455,331.07243608226594
1631111,Wendell Moore Jr.,212.7841633895861,58.24359211254007
1631112,Kendall Brown,7.99134196289459,0.0
1631113,Chandler,31.86829494059078,5.977873246292861
1631114,Jalen Williams,1680.7056024433832,645.7873347365455
1631115,Orlando Robinson,145.28063516723066,55.60802312186721
1631116,Patrick Baldwin Jr.,317.41367926802644,117.1471257552994
1631117,Walker Kessler,196.77567660514487,60.25136704220402
1631119,Jaylin Williams,1289.0080546867805,483.40226871532377
1631120,JD Davison,168.53897897100018,47.71194143364646
1631121,Bryce McGowens,642.243417397271,230.66708338718863
1631123,Jamaree Bouyea,239.97202852165609,67.29928931617542
1631124,Julian Strawther,1196.2292566940175,397.4576135700798
1631126,Caleb Love,763.3537369908116,245.0651090728986
1631127,Harrison Ingram,5.9951507312034416,2.9972289721119605
1631128,Christian Braun,1226.9481513300923,461.49398442702267
1631131,Oscar Tshiebwe,0.0,0.0
1631132,Christian Koloko,58.52306082345991,8.938260941777482
1631133,Jabari Walker,829.9400809353515,260.5819520586139
1631157,Ryan Rollins,1119.8238809335735,469.0047217702164
1631159,Leonard Miller,82.9992632353854,15.833737971927937
1631160,Hall,14.96678148301164,2.9930801648183216
1631165,Keon Ellis,1603.0963543293751,655.9646706182629
1631166,Drew Timme,152.3781252395096,46.84945123171892
1631167,Izaiah Brockington,1.999653486459409,0.0
1631169,Josh Minott,260.60877328696364,102.09731959775652
1631170,Jaime Jaquez Jr.,1067.8834412469184,323.7705715369281
1631172,Ousmane Dieng,810.9871948133026,270.0080780722778
1631173,Terquavion Smith,103.3671108668688,38.372448955079896
1631197,Jared Rhoden,240.9156163979993,79.04524078080138
1631199,Ron Harper Jr.,165.50405710300495,40.86796386676083
1631200,Kris Murray,979.4200280009886,247.6834225726296
1631204,Marcus Sasser,1078.6973524239763,410.8449724685401
1631205,Buddy Boeheim,140.1029138409123,37.18858573479863
1631207,Dalen Terry,698.0181780480045,229.89164854089165
1631209,Isaiah Wong,100.43841700214908,38.43402581100148
1631210,Jacob Toppin,27.89081157181971,11.960588670343848
1631211,Trevor Keels,13.974730070782917,1.9968847378114785
1631212,Peyton Watson,1157.9971918171193,417.1640148641576
1631213,Tyrese Martin,1196.0234515095765,408.8428462467308
1631214,Alondes Williams,59.44607818445096,17.821608219181734
1631216,Caleb Houstan,1119.9206466433427,423.92545573427793
1631217,Moussa Diabaté,28.876266624327624,5.976501918575545
1631218,Trayce Jackson-Davis,15.963662867502965,3.9885808889771392
1631219,Butler Jr.,69.39159255115638,15.875892450265814
1631220,Dereon Seabron,5.995843518182962,2.997921759091482
1631221,Collin Gillespie,1297.207507261952,547.8972419339127
1631222,Jake LaRavia,1372.954828121052,498.41882225400025
1631223,David Roddy,942.0871268685866,286.5594568996406
1631230,Dominick Barlow,298.4468091524452,83.98237210829559
1631232,Keion Brooks Jr.,84.7956263827108,27.60121175870937
1631241,Javon Freeman-Liberty,123.6243165408284,29.45277246555632
1631243,Mouhamed Gueye,524.3244577652844,143.0416176375392
1631245,Quenton Jackson,349.6243253405236,132.19339982831573
1631246,Vince Williams Jr.,1320.3815587026843,430.8318943620546
1631247,Luke Travers,49.59437605968593,1.980361130180292
1631248,Baylor Scheierman,588.1337220456817,206.019336509378
1631250,Pete Nance,239.3217505433106,109.9768849145414
1631254,Kenneth Lofton Jr.,107.27710097166684,35.46231546812325
1631255,Karlo Matković,360.24367276451085,138.46469937540965
1631257,Jermaine Samuels Jr.,5.9951507312034416,0.0
1631260,AJ Green,1923.972095242811,811.3374768770766
1631262,Jules Bernard,85.87370501008812,32.59473476639192
1631288,Jamal Cain,406.6246178721822,135.06135255456763
1631298,Jack White,47.67904702846061,11.920981120624983
1631301,Jaylen Sims,44.70564790194695,17.879227409926415
1631303,Justin Minaya,195.058002651774,46.58109447827529
1631306,Cole Swider,238.02244914765424,78.1181861864316
1631309,Hudgins,15.975426936081009,3.9920394279685927
1631311,Lester Quinones,380.1023217006616,130.72533467141926
1631321,Sidy Cissoko,544.1260544783304,163.53332115782874
1631323,Simone Fontecchio,2080.4628994887817,763.9843003175457
1631338,Mouhamadou Gueye,5.994804697699806,0.0
1631342,Daeqwon Plowden,183.48804732021043,60.361716146418765
1631367,Jacob Gilyard,362.3553817303199,146.155203326515
1631376,Dmytro Skapintsev,0.0,0.0
1631386,Taze Moore,32.847642265114914,5.973395508270566
1631451,Javonte Cooke,62.40988835718858,8.910089334269687
1631466,Nate Williams,108.2183487318457,30.51029080820713
1631495,Williams,3.9982676724403134,0.0
1641645,Cooks,1.999653486459409,0.0
1641705,Victor Wembanyama,1964.3425836808703,668.9435670157984
1641706,Brandon Miller,2097.8642360419576,772.8937302824603
1641707,Taylor Hendricks,746.403374423646,263.7091690474677
1641708,Amen Thompson,644.9838117422082,137.29187332832598
1641709,Ausar Thompson,505.099558973025,104.88037578132489
1641710,Anthony Black,1322.5560573185148,452.6208818756998
1641711,Gradey Dick,1576.5192573633478,546.4376128279115
1641712,Rayan Rupert,582.9305541415627,183.11488187871072
1641713,GG Jackson,1199.836329720603,419.7544676712049
1641715,Cam Whitmore,1120.959337930649,391.4272380463725
1641716,Jarace Walker,1217.2816138467165,460.0124314398231
1641717,Cason Wallace,1492.2086124093316,567.4011737380241
1641718,Keyonte George,2215.2581329322443,768.9703490745753
1641720,Jalen Hood-Schifino,178.0110013062789,46.68284820092043
1641721,Maxwell Lewis,172.3266184737841,58.34401410158674
1641722,Jordan Hawkins,1584.2231463239186,542.5029132874115
1641723,Kobe Bufkin,209.04381560094376,46.42319752410011
1641724,Jett Howard,811.7490207539834,246.84665609738272
1641725,Trey Alexander,59.46797501693333,14.85667198329168
1641726,Dereck Lively II,5.9951507312034416,0.0
1641727,Dariq Whitehead,223.1309681416525,95.62027226057742
1641729,Brice Sensabaugh,1658.5346617170194,625.2671449698337
1641730,Noah Clowney,1423.9028483622667,476.9328202555179
1641731,Bilal Coulibaly,1261.670502256526,380.543455336807
1641732,Colby Jones,142.4438692217341,35.07737699794615
1641733,Nick Smith Jr.,1238.5466934545404,461.2040232662018
1641734,Emoni Bates,183.72945684525484,61.283531535077216
1641735,Amari Bailey,23.9163209351836,2.991701420025284
1641736,Reece Beekman,117.83742534035336,20.612211331908632
1641737,Adem Bona,17.952255020063426,5.983392779460335
1641738,Kobe Brown,460.2963141827594,134.0086680997032
1641739,Toumani Camara,1887.3863293422653,684.8273885394161
1641740,Jaylen Clark,349.77798632012895,122.09635700945596
1641741,Ricky Council IV,451.002499291237,123.08346009321232
1641744,Zach Edey,166.610330835526,55.50029040024675
1641745,Adam Flagler,225.8878163044714,43.43855287057233
1641747,DaRon Holmes II,112.0588329750664,47.176972500131605
1641748,Andre Jackson Jr.,419.3417614366135,145.8803302056788
1641749,Keyontae Johnson,8.988572854696958,2.996190871559489
1641750,Ryan Kalkbrenner,5.9951507312034416,0.0
1641752,Bobi Klintman,50.62441294433596,14.89549528216689
1641753,Chris Livingston,31.83423716091251,1.9889575380340527
1641754,Seth Lundy,38.78280692149098,8.953383809403975
1641755,Kevin McCullar Jr.,53.5703751601665,17.843469200719177
1641757,Jordan Miller,321.9822648947467,96.65641193595802
1641761,Grant Nelson,0.0,0.0
1641763,Julian Phillips,690.3594986154615,223.35326018431644
1641764,Brandin Podziemski,1705.5781395170509,638.4959413768003
1641765,Olivier-Maxence Prosper,446.0770148851368,141.1432470448366
1641766,Adama Sanogo,0.0,0.0
1641767,Ben Sheppard,1262.2214145265718,426.0310393494152
1641771,Jalen Slawson,3.9979213990013847,0.0
1641772,Nae'Qwan Tomlin,292.93786926432455,62.95745242617876
1641774,Tristan Vukcevic,605.9526860943253,195.51087224040745
1641775,Jordan Walsh,430.5704555249566,145.18345183390463
1641778,Leaky Black,61.41883461090893,26.74302761848707
1641779,Jalen Bridges,13.969201921283933,3.9923858201908695
1641780,Johni Broome,14.967122604675094,0.0
1641783,Tristan da Silva,1113.871454689263,395.9820148129021
1641787,Tosan Evbuomwan,340.8323719367369,113.90155267394314
1641788,Alex Fudge,14.96919964615651,2.99480889542526
1641789,Jazian Gortman,32.84073499770412,11.939198622816354
1641790,PJ Hall,43.72691564155439,17.88504453984503
1641793,D'Moi Hodge,23.909437111385262,5.982019662038851
1641794,Dillon Jones,192.13793090344487,49.56684873396359
1641796,Pelle Larsson,622.0299605321283,203.47107070042927
1641798,Jaylen Martin,68.29385401282686,20.76899923455678
1641801,Emanuel Miller,20.935320213544564,5.978556454543916
1641803,Tristen Newton,8.988572854696958,0.0
1641806,Markquis Nowell,0.0,0.0
1641809,Drew Peterson,98.33738633695717,31.533618193998123
1641810,Antonio Reeves,396.7780756043749,160.40132481734278
1641813,Mark Sears,15.961942043214457,7.980625227540355
1641815,Isaiah Stevens,5.9951507312034416,0.0
1641816,Hunter Tyson,343.5226612072839,96.617187874048
1641817,Anton Watson,2.9989605794498617,0.0
1641824,Matas Buzelis,1397.9176444299042,509.7825029482337
1641842,Ronald Holland II,769.1543710932943,179.48195706069384
1641847,Andrew Funk,8.989265521688043,0.0
1641851,Timmy Allen,13.972659981401138,0.0
1641854,Craig Porter Jr.,435.7383403341036,167.51265730416316
1641857,Liam Robbins,5.9951507312034416,0.0
1641871,Duop Reath,708.2858571567903,252.378258021472
1641877,Nathan Mensah,0.0,0.0
1641878,Damion Baugh,163.80703693288055,35.06504723187068
1641879,Yuri Collins,0.0,0.0
1641890,Tyler Smith,88.81664571130334,38.49286122705081
1641926,Dexter Dennis,15.961943001460993,1.99584735581832
1641931,Onuralp Bitim,129.4032022785629,35.24653081841161
1641936,Miles Norris,20.9408531580515,5.981321608398945
1641970,Maozinha Pereira,25.89667395029603,9.965779902037596
1641989,Elijah Harkless,100.43976111608195,26.589644642818808
1641998,Trey Jemison III,0.0,0.0
1642013,Malik Williams,14.967814312257278,2.994116468286327
1642024,Alex Reese,120.74794872310146,44.18784791960002
1642050,Jackson Rowe,29.87143997643968,8.959222742255989
1642066,Myron Gardner,138.02627952399854,55.80363972789431
1642258,Zaccharie Risacher,1280.4646886074286,449.626670462816
1642259,Alex Sarr,1122.9079786268253,353.5355007351245
1642260,Nikola Topić,15.961938929620466,6.986502767766833
1642261,Dalton Knecht,1081.5897660566748,390.22085319960087
1642262,Cody Williams,566.8457705407174,139.33541302893278
1642263,Reed Sheppard,1208.6281155222823,457.7521886711648
1642264,Stephon Castle,1208.484012267618,348.5391464305628
1642265,Rob Dillingham,381.00221930475885,125.29557429462548
1642266,Ja'Kobe Walter,902.838283141502,323.9834313248572
1642267,Bub Carrington,1555.2444733496511,553.1952056928804
1642268,Isaiah Collier,676.3910966619824,176.3460372755119
1642269,Devin Carter,330.0391148188282,76.91723913603474
1642270,Donovan Clingan,609.888768446407,199.5737565962717
1642271,Kyle Filipowski,924.9790099718224,320.82972670544825
1642272,Jared McCain,872.0078279665133,339.8146181235135
1642273,Kyshawn George,1389.0983352671064,473.9557807663108
1642274,Yves Missi,5.9951507312034416,0.0
1642275,Tidjane Salaün,756.1203008612422,246.7688314290673
1642276,Kel'el Ware,721.7382954990244,264.2412901110484
1642277,Johnny Furphy,343.5374275568805,107.78648186624466
1642278,Tyler Kolek,415.8065468131812,141.0163149456816
1642279,Ulrich Chomche,0.0,0.0
1642280,Trentyn Flowers,5.995497364690891,0.0
1642281,Jaylon Tyson,786.3005107355718,341.01932523337047
1642282,Hunter Sallis,0.0,0.0
1642285,Cam Spencer,813.7675460716065,345.2188092150178
1642345,Oso Ighodaro,8.988572854696958,0.0
1642346,Ryan Dunn,997.0824108180308,315.9403154302557
1642347,Jamal Shead,1061.1536392633768,345.01294576273114
1642348,Justin Edwards,793.3083467577711,280.03531303252123
1642349,Ajay Mitchell,535.4904618916672,192.3162120109032
1642352,Keshad Johnson,94.62018822804488,32.545300235399694
1642353,Cam Christie,162.80295263193264,40.876867965574405
1642354,KJ Simpson,504.2067921430024,135.70755435646575
1642355,Bronny James,172.3014440067115,58.413436341999706
1642357,David Jones Garcia,14.96919964615651,8.981658416999792
1642358,AJ Johnson,449.1771855311919,119.23587855229496
1642359,Pacôme Dadiet,80.02299479223912,20.752020583542148
1642363,Nique Clifford,431.97010956523184,137.88091731410847
1642364,Jamir Watkins,231.35612750561,62.75473307949592
1642366,Quinten Post,1054.9998729455724,389.2096968041063
1642367,Jonathan Mogbo,203.4042237875485,49.3038820961248
1642368,N'Faly Dante,0.0,0.0
1642377,Jaylen Wells,1512.59942759585,526.6273926482097
1642382,Branden Carlson,359.52130934614576,121.5985765379556
1642383,Walter Clayton Jr.,599.2837522146692,175.07838372957409
1642384,Isaiah Crawford,32.831780684081735,8.956469534722949
1642385,Cui Yongxi,5.996882458654569,0.0
1642389,Zyon Pullin,0.0,0.0
1642396,Blake Hinson,34.82352201645335,17.89640635387419
1642399,Jesse Edwards,0.0,0.0
1642400,Tristan Enaruna,5.9951507312034416,0.0
1642402,Enrique Freeman,29.867989698052885,2.9854853831093
1642403,Isaac Jones,31.85210040169761,8.963366285087295
1642404,Chaz Lanier,132.2920438721153,44.1107709622944
1642419,Jamison Battle,818.1443369279702,332.958559190011
1642422,Armel Traoré,20.935320213544564,0.0
1642434,Riley Minix,11.981306028679713,2.995153370408871
1642439,Quincy Olivari,9.987189319959503,1.9968840182549064
1642443,Jahmir Young,26.89180163001632,8.963704186188982
1642449,Tolu Smith,0.0,0.0
1642450,Daniss Jenkins,357.67051176790454,128.1196676603854
1642461,Spencer Jones,393.9892634660803,146.1711454052019
1642468,Darius Brown,0.0,0.0
1642484,RayJ Dennis,212.60930166063147,64.06138519604335
1642502,Malevy Leons,11.978192684976507,2.9961908715594894
1642505,Alex Ducas,62.405756975900346,29.72095007827089
1642530,Yuki Kawamura,106.2650762694816,32.48208198627326
1642843,Cooper Flagg,477.1959485463647,144.50591938900152
1642844,Dylan Harper,341.47915750000044,86.99251632394721
1642845,VJ Edgecombe,815.3074429914138,294.58087401771985
1642846,Ace Bailey,619.7737617554594,206.1000178557165
1642847,Jeremiah Fears,534.1818132261734,169.11810011659736
1642848,Tre Johnson,640.543580508234,237.32585257833333
1642849,Nolan Traore,300.11713573648893,96.21110038442716
1642851,Kon Knueppel,1142.9151307628183,504.5817396634079
1642852,Derik Queen,174.10725195005566,46.73539466061731
1642853,Rasheer Fleming,171.24911537559157,44.80133356240527
1642854,Asa Newell,199.64417819534344,78.37480079032619
1642855,Noa Essengue,5.9951507312034416,0.0
1642856,Egor Dëmin,833.1561095744797,319.69504930133684
1642857,Kasparas Jakučionis,255.43666576202705,114.27555899217774
1642859,Jase Richardson,200.60023028048525,72.62470948560825
1642860,Will Riley,346.88052696246007,112.6134221586237
1642862,Liam McNeeley,169.48165746489713,64.2921928786792
1642863,Khaman Maluach,30.852470460397704,6.976147502871222
1642864,Hugo González,241.5014370601996,77.79840928190049
1642866,Joan Beringer,0.0,0.0
1642867,Collin Murray-Boyles,140.87423742681602,49.855988455560144
1642868,Carter Bryant,259.94041029957737,85.442493779049
1642869,Noah Penda,189.32774170068228,72.74132332239905
1642873,Amari Williams,0.0,0.0
1642874,Danny Wolf,447.6738730220253,142.89310058384126
1642875,Maxime Raynaud,128.40386798692634,32.31557799063645
1642876,Adou Thiero,2.9989605794498617,0.0
1642877,Micah Peavy,253.61997064981765,60.52860927975065
1642878,Tyrese Proctor,303.9413501635283,102.97955283058565
1642879,Ben Saraf,95.44504981423572,24.607795613946426
1642880,Kam Jones,113.9043772786086,34.42868643844089
1642883,Sion James,445.2908406491373,158.6574520531738
1642884,Vladislav Goldin,0.0,0.0
1642885,Mohamed Diawara,201.41777348221356,81.36241104237654
1642886,Koby Brea,21.92668948866065,12.96091927443578
1642905,Yang Hansen,112.0555504849065,14.747637650671248
1642907,Cedric Coward,570.2935741282249,193.58463212235003
1642910,John Tonje,4.996536065102413,0.0
1642911,Rocco Zikarsky,0.0,0.0
1642914,Javon Small,192.9206148549034,81.59345378203756
1642917,Max Shulga,0.0,0.0
1642918,Alijah Martin,35.81486511993675,5.969605285588401
1642920,Kobe Sanders,365.7752385043459,134.78277740711923
1642928,Dylan Cardwell,2.9989605794498617,0.0
1642933,Keshon Gilbert,5.9951507312034416,0.0
1642935,Chucky Hepburn,14.9698913537387,0.0
1642938,Curtis Jones,26.895949962754624,2.9906667905429303
1642939,Miles Kelly,83.92699928072709,25.672111537465355
1642942,Jahmai Mashack,91.71436096544458,26.61051602475456
1642948,Ryan Nembhard,250.8652028777356,95.10686002156844
1642949,Yanic Konan Niederhäuser,14.967815031814023,2.9948088954252605
1642950,Lachlan Olbrich,20.935320932602977,5.984781106716098
1642954,Will Richard,476.8486987646121,165.15189828264118
1642955,Kadary Richmond,11.979921894415815,5.989614913621145
1642959,Chris Youngblood,100.26968542399848,31.45530637381148
1642962,Drake Powell,333.56962240930847,93.6254823457774
1642964,Brooks Barnhizer,50.62653337134716,14.892757449481104
1643007,Taelon Peter,209.11066155685225,66.84952189399827
1643018,LJ Cryer,11.98061396158934,5.990306980794671
1643024,Chris Mañon,2.9989605794498617,0.0
1643133,Lawson Lovering,0.0,0.0
1643141,Jahmyl Telfort,7.99030434196331,0.0
