player_id,player_name,team_id,team_abbr,minutes,rapm
990,Rose,1610612760,OKC,663.0,14.16
1627775,Lowry,1610612761,TOR,133.4,9.36
203546,Clark,1610612740,NOP,249.6,9.32
2588,Bonner,1610612759,SAS,441.6,8.05
203949,Anderson,1610612755,PHI,107.5,7.99
2058,Madsen,1610612750,MIN,612.5,7.91
201980,Green,1610612755,PHI,2481.3,7.86
283,Hunter,1610612741,CHI,981.3,7.73
1885,Odom,1610612746,LAC,1575.8,6.35
201939,Stephen Curry,1610612744,GSW,3876.6,5.63
203507,Giannis Antetokounmpo,1610612749,MIL,2250.9,5.26
1626172,Kevon Looney,1610612740,NOP,1394.1,4.98
101177,Oberto,1610612757,POR,366.7,4.91
699,Barry,1610612745,HOU,818.4,4.81
156,Antoine Carr,1610612762,UTA,310.8,4.73
201202,Dedmon,1610612759,SAS,1382.7,4.71
98,Nick Anderson,1610612753,ORL,414.6,4.65
1627824,Guerschon Yabusele,1610612741,CHI,104.4,4.53
2419,Wiggins,1610612750,MIN,4233.7,4.48
202697,Shamet,1610612751,BKN,1989.5,4.48
203497,Rudy Gobert,1610612762,UTA,2736.8,4.28
2446,Miller,1610612759,SAS,590.9,4.25
1626257,Nowitzki,1610612742,DAL,103.3,4.24
1952,Bell,1610612762,UTA,1892.5,4.24
203544,Horford,1610612737,ATL,356.9,4.18
200765,Okoro,1610612746,LAC,2183.7,4.06
201946,Hansbrough,1610612766,CHA,471.3,4.02
1626153,Delon Wright,1610612742,DAL,653.6,3.99
23,Dennis Rodman,1610612741,CHI,1107.2,3.94
1510,Knight,1610612762,UTA,302.6,3.93
193,Anthony Mason,1610612766,CHA,902.1,3.9
1499,Battie,1610612755,PHI,408.2,3.88
202390,Neal,1610612737,ATL,488.4,3.82
101141,Ingles,1610612762,UTA,809.8,3.78
201571,Johnson,1610612753,ORL,820.0,3.77
228,Adam Keefe,1610612762,UTA,463.8,3.77
201577,Lopez,1610612764,WAS,989.2,3.68
202722,Bertans,1610612764,WAS,577.5,3.66
2788,Mbenga,1610612740,NOP,170.6,3.61
353,Armstrong,1610612751,BKN,1202.0,3.57
1889,Miller,1610612759,SAS,2062.0,3.56
101161,Marjanovic,1610612755,PHI,1033.8,3.48
2203,Battier,1610612748,MIA,1953.6,3.47
203142,Monroe,1610612749,MIL,218.8,3.47
201228,Payton,1610612753,ORL,861.4,3.46
202704,Reggie Jackson,1610612746,LAC,2102.8,3.42
2562,Pavlovic,1610612757,POR,920.2,3.42
397,Reggie Miller,1610612754,IND,3630.2,3.4
1882,Grant,1610612755,PHI,756.5,3.39
1712,Turkoglu,1610612746,LAC,1547.5,3.36
200751,Foye,1610612751,BKN,515.5,3.35
2545,Milicic,1610612738,BOS,131.8,3.33
201961,Monk,1610612747,LAL,292.7,3.32
201953,Carter-Williams,1610612755,PHI,327.9,3.27
2586,Green,1610612738,BOS,492.9,3.24
954,Kerry Kittles,1610612751,BKN,1064.1,3.21
2306,Arroyo,1610612738,BOS,486.5,3.18
201943,Henson,1610612749,MIL,360.1,3.16
1886,Bender,1610612752,NYK,140.5,3.15
203382,Birch,1610612761,TOR,770.9,3.09
238,Tyrone Hill,1610612755,PHI,1753.2,3.06
1627826,Ivica Zubac,1610612746,LAC,1244.2,3.0
1731,Lue,1610612753,ORL,255.8,2.99
200758,Ronnie Brewer,1610612745,HOU,764.2,2.98
1725,Nesterovic,1610612761,TOR,925.9,2.94
201575,Rush,1610612750,MIN,198.3,2.89
202692,Alec Burks,1610612752,NYK,481.7,2.88
202709,Cory Joseph,1610612753,ORL,1351.2,2.87
202683,Freedom,1610612757,POR,703.6,2.86
201952,Teague,1610612749,MIL,2331.0,2.86
203105,Bogut,1610612744,GSW,1110.4,2.85
951,Wade,1610612748,MIA,4968.2,2.84
2550,Teague,1610612737,ATL,1717.8,2.82
1497,,1610612757,POR,3474.8,2.78
200755,Redick,1610612742,DAL,3205.8,2.77
2224,Tinsley,1610612762,UTA,1014.3,2.76
2240,Arenas,1610612763,MEM,924.9,2.76
2243,Scalabrine,1610612741,CHI,543.4,2.75
203200,Holiday,1610612754,IND,227.9,2.74
1628386,Jarrett Allen,1610612751,BKN,746.3,2.7
203992,Bogdan Bogdanović,1610612737,ATL,889.2,2.68
101132,Kleiza,1610612761,TOR,440.4,2.66
201143,Al Horford,1610612755,PHI,5517.9,2.64
1716,Hughes,1610612753,ORL,1343.3,2.64
693,Smith,1610612747,LAL,915.4,2.62
2422,Salmons,1610612740,NOP,618.3,2.6
281,Scott Williams,1610612749,MIL,459.1,2.59
330,Danny Manning,1610612756,PHX,371.1,2.53
446,Lucious Harris,1610612751,BKN,274.5,2.5
1630183,Jaden McDaniels,1610612750,MIN,1111.6,2.49
2694,Powell,1610612745,HOU,256.1,2.49
467,Kidd,1610612752,NYK,5127.7,2.48
200796,Powe,1610612763,MEM,118.6,2.47
96,Detlef Schrempf,1610612760,OKC,1156.8,2.45
202391,Green,1610612761,TOR,341.4,2.42
2200,Lopez,1610612749,MIL,3623.4,2.42
1629622,Max Strus,1610612748,MIA,1813.9,2.41
202681,Kyrie Irving,1610612751,BKN,3213.0,2.39
2605,Daniels,1610612749,MIL,805.3,2.39
1628371,Jonathan Isaac,1610612753,ORL,381.2,2.39
358,Hardaway,1610612748,MIA,1094.6,2.38
201152,Young,1610612756,PHX,1828.2,2.37
1627863,House Jr.,1610612745,HOU,559.2,2.36
73,Hot Rod Williams,1610612756,PHX,200.3,2.36
219,Vinny Del Negro,1610612759,SAS,192.6,2.36
101130,Petro,1610612737,ATL,246.7,2.35
202331,Paul George,1610612746,LAC,2863.0,2.35
201142,Kevin Durant,1610612751,BKN,5104.9,2.34
216,Brian Shaw,1610612753,ORL,486.6,2.34
2400,Dudley,1610612764,WAS,1748.9,2.33
200748,Allen,1610612763,MEM,511.7,2.33
468,Jon Barry,1610612737,ATL,613.8,2.29
200757,Caboclo,1610612745,HOU,2024.6,2.28
1628983,Shai Gilgeous-Alexander,1610612760,OKC,1544.2,2.25
920,A.C. Green,1610612747,LAL,390.1,2.24
200779,Antetokounmpo,1610612749,MIL,263.3,2.23
1641726,Dereck Lively II,1610612742,DAL,441.6,2.21
203999,Nikola Jokić,1610612743,DEN,3309.5,2.21
969,Travis Knight,1610612747,LAL,246.8,2.21
202348,Holiday,1610612740,NOP,145.0,2.2
17,Clyde Drexler,1610612745,HOU,823.5,2.19
302,Mookie Blaylock,1610612737,ATL,930.0,2.19
1628415,Dillon Brooks,1610612763,MEM,854.8,2.19
201971,Hilario,1610612764,WAS,398.8,2.18
952,Walker,1610612750,MIN,1492.1,2.18
2484,Brown,1610612741,CHI,262.4,2.15
1713,Collins,1610612737,ATL,2857.8,2.14
1627732,Ben Simmons,1610612755,PHI,1013.9,2.14
109,Horry,1610612759,SAS,5214.4,2.14
202703,Mirotic,1610612749,MIL,1026.1,2.14
2039,Dooling,1610612763,MEM,479.8,2.14
1517,Jackson,1610612758,SAC,1230.0,2.13
101138,Bass,1610612746,LAC,1705.2,2.13
57,Doug Christie,1610612761,TOR,1292.9,2.13
56,Gary Payton,1610612760,OKC,2092.8,2.12
201601,Mbah a Moute,1610612746,LAC,965.3,2.1
2738,Green,1610612748,MIA,4288.1,2.09
2052,Stevenson,1610612737,ATL,940.8,2.09
201153,Wright,1610612761,TOR,193.8,2.09
1628369,Jayson Tatum,1610612738,BOS,4566.5,2.09
202323,Huerter,1610612737,ATL,1334.0,2.09
1630573,Sam Hauser,1610612738,BOS,507.4,2.09
1629634,Brandon Clarke,1610612763,MEM,295.0,2.08
202322,Mann,1610612746,LAC,1030.9,2.08
1533,Johnson,1610612753,ORL,653.1,2.08
978,Stojakovic,1610612742,DAL,3249.2,2.08
203584,Harris,1610612743,DEN,224.8,2.07
67,Tom Hammonds,1610612750,MIN,192.4,2.04
2229,Augustin,1610612741,CHI,319.3,2.03
731,Greg Ostertag,1610612762,UTA,1152.4,2.02
1891,Bledsoe,1610612749,MIL,4156.3,2.01
956,Dampier,1610612737,ATL,658.0,2.0
697,Fred Hoiberg,1610612754,IND,167.0,2.0
2205,Diop,1610612766,CHA,254.7,1.99
201950,Jrue Holiday,1610612749,MIL,2638.7,1.98
203613,Korkmaz,1610612755,PHI,180.8,1.98
779,Glen Rice,1610612766,CHA,1717.2,1.98
2756,Anthony,1610612752,NYK,1062.4,1.98
1627783,Pascal Siakam,1610612761,TOR,3168.6,1.97
201588,Nwora,1610612755,PHI,3947.4,1.95
2365,Thompson,1610612739,CLE,503.9,1.94
1541,Alvin Williams,1610612761,TOR,710.9,1.92
146,Jud Buechler,1610612741,CHI,344.3,1.92
101127,Jack,1610612752,NYK,676.4,1.91
201965,Aldrich,1610612746,LAC,197.3,1.91
324,Anthony Peeler,1610612750,MIN,1154.5,1.91
753,Randy Brown,1610612741,CHI,273.0,1.9
2436,Murray,1610612741,CHI,1041.4,1.89
201158,White,1610612759,SAS,1677.8,1.88
2202,Richardson,1610612755,PHI,1073.5,1.88
2772,Ariza,1610612748,MIA,2942.4,1.88
133,David Wesley,1610612766,CHA,1867.2,1.88
1626188,Garland,1610612747,LAL,512.4,1.87
202693,Markieff Morris,1610612747,LAL,1183.7,1.86
1631096,Chet Holmgren,1610612760,OKC,987.8,1.84
1563,Ollie,1610612760,OKC,175.3,1.83
2566,Gay,1610612758,SAC,214.4,1.83
369,Charlie Ward,1610612752,NYK,1651.3,1.83
1800,Jones,1610612749,MIL,1210.6,1.82
1720,Doleac,1610612750,MIN,204.8,1.81
201160,Okafor,1610612740,NOP,386.7,1.8
1630241,Sam Merrill,1610612749,MIL,300.3,1.79
2567,Cook,1610612764,WAS,264.0,1.79
1711,LaFrentz,1610612757,POR,1222.5,1.79
1626157,Karl-Anthony Towns,1610612752,NYK,1705.3,1.78
363,Christian Laettner,1610612737,ATL,990.6,1.77
937,Scottie Pippen,1610612741,CHI,2618.7,1.76
201967,Gay,1610612759,SAS,130.3,1.76
1628975,Jevon Carter,1610612756,PHX,195.4,1.75
970,Harrington,1610612766,CHA,361.0,1.75
201196,Wall,1610612764,WAS,616.4,1.74
727,Snow,1610612739,CLE,1860.9,1.73
201942,DeMar DeRozan,1610612758,SAC,2019.3,1.73
201609,Carter,1610612748,MIA,1613.6,1.7
203109,Jae Crowder,1610612756,PHX,3151.6,1.7
1630559,Austin Reaves,1610612747,LAL,935.0,1.69
201951,Lawson,1610612758,SAC,400.8,1.69
702,Voshon Lenard,1610612748,MIA,456.7,1.68
200789,Gibson,1610612739,CLE,597.8,1.68
203954,Joel Embiid,1610612755,PHI,2103.1,1.67
203503,Murphy III,1610612737,ATL,701.3,1.66
1631099,Keegan Murray,1610612758,SAC,192.6,1.65
203967,Dario Šarić,1610612756,PHX,187.8,1.65
962,Walter McCarty,1610612752,NYK,927.1,1.64
1495,Duncan,1610612759,SAS,5705.1,1.64
1630169,Tyrese Haliburton,1610612754,IND,1245.8,1.6
2246,Okur,1610612751,BKN,1870.0,1.58
203090,Mitchell,1610612758,SAC,938.7,1.58
469,Jamal Mashburn,1610612748,MIA,1578.5,1.58
203486,Mason Plumlee,1610612743,DEN,848.4,1.58
2047,Richardson,1610612752,NYK,498.6,1.57
101107,Ilyasova,1610612749,MIL,1581.8,1.56
202340,Bradley,1610612747,LAL,1408.1,1.56
938,Rony Seikaly,1610612753,ORL,152.6,1.56
105,Dan Majerle,1610612748,MIA,1061.1,1.53
101114,Williams,1610612739,CLE,2509.1,1.51
201567,Kevin Love,1610612762,UTA,1775.7,1.51
200746,Curry,1610612751,BKN,2744.4,1.48
200756,Armstrong,1610612744,GSW,199.0,1.47
203076,Anthony Davis,1610612747,LAL,2128.9,1.47
1629057,Robert Williams III,1610612738,BOS,983.8,1.47
201584,Lee,1610612742,DAL,1522.8,1.46
2768,Duhon,1610612747,LAL,638.7,1.44
2571,Jones Jr.,1610612756,PHX,2323.5,1.44
203943,White,1610612743,DEN,123.8,1.4
1496,Keith Van Horn,1610612751,BKN,982.9,1.4
2054,Jake Tsakalidis,1610612756,PHX,208.6,1.39
1630595,Cade Cunningham,1610612765,DET,246.9,1.38
201145,Jeff Green,1610612751,BKN,1775.9,1.37
400,Derek Strong,1610612753,ORL,166.1,1.37
714,Finley,1610612738,BOS,4178.7,1.37
178,Olden Polynice,1610612762,UTA,346.9,1.36
2250,Simmons,1610612746,LAC,225.2,1.36
203,Nate McMillan,1610612760,OKC,153.5,1.35
1627741,Buddy Hield,1610612737,ATL,371.3,1.35
1740,Battier,1610612748,MIA,3001.0,1.34
2754,Allen,1610612740,NOP,2956.4,1.34
2215,Collins,1610612751,BKN,2603.9,1.34
1928,Todd MacCulloch,1610612755,PHI,823.4,1.34
1607,Hudson,1610612744,GSW,416.4,1.34
2568,Delfino,1610612745,HOU,702.0,1.33
202361,Williams,1610612761,TOR,142.8,1.33
1641709,Ausar Thompson,1610612765,DET,134.6,1.33
1627749,Dejounte Murray,1610612740,NOP,463.2,1.33
72,Kenny Anderson,1610612757,POR,866.7,1.32
384,Calbert Cheaney,1610612764,WAS,268.8,1.3
1884,Davis,1610612752,NYK,682.7,1.3
422,Avery Johnson,1610612759,SAS,1481.6,1.29
201589,Plumlee,1610612743,DEN,293.6,1.29
204020,Poeltl,1610612751,BKN,286.0,1.28
1630598,Aaron Wiggins,1610612760,OKC,444.2,1.28
2804,Nocioni,1610612755,PHI,633.4,1.26
1744,James,1610612752,NYK,457.1,1.25
200750,Roy,1610612750,MIN,472.3,1.24
200797,Barnes,1610612763,MEM,247.2,1.24
201976,Beverley,1610612746,LAC,1482.5,1.23
1444,Lawrence Funderburke,1610612758,SAC,130.4,1.23
1629021,Moritz Wagner,1610612753,ORL,106.0,1.23
201177,Kleber,1610612742,DAL,219.6,1.22
1627750,Jamal Murray,1610612743,DEN,3055.4,1.22
2041,Thomas,1610612737,ATL,159.9,1.21
243,Aaron McKie,1610612765,DET,2038.8,1.21
905,Dale Davis,1610612754,IND,2756.5,1.21
1641717,Cason Wallace,1610612760,OKC,679.9,1.2
915,Rodney Rogers,1610612746,LAC,1405.5,1.2
2546,Davis,1610612757,POR,2963.9,1.2
1629029,Luka Dončić,1610612742,DAL,2080.9,1.19
168,Chris Mills,1610612752,NYK,242.3,1.18
1630174,Aaron Nesmith,1610612738,BOS,1322.2,1.18
2743,Humphries,1610612737,ATL,178.6,1.18
203952,Andrew Wiggins,1610612748,MIA,1443.8,1.17
101108,Chris Paul,1610612756,PHX,4479.7,1.17
1627936,Alex Caruso,1610612747,LAL,1250.1,1.17
769,B.J. Armstrong,1610612766,CHA,183.5,1.16
948,Camby,1610612752,NYK,1722.5,1.16
213,Antonio Davis,1610612754,IND,1418.4,1.15
202336,Williams,1610612739,CLE,119.0,1.15
203914,Gary Harris,1610612743,DEN,1190.1,1.14
2260,Collins,1610612757,POR,514.1,1.13
200768,Kyle Lowry,1610612761,TOR,4432.8,1.12
2222,Datome,1610612738,BOS,656.4,1.12
1627832,Fred VanVleet,1610612761,TOR,1104.1,1.11
203083,Andre Drummond,1610612747,LAL,428.1,1.11
203079,Herro,1610612747,LAL,559.6,1.11
1505,Tariq Abdul-Wahad,1610612758,SAC,193.8,1.1
682,Bob Sura,1610612739,CLE,237.5,1.09
82,Bill Wennington,1610612741,CHI,121.1,1.07
1627854,McLaughlin,1610612749,MIL,714.7,1.06
1628389,Bam Adebayo,1610612748,MIA,2643.9,1.06
2624,Ross,1610612751,BKN,398.8,1.05
201945,Luwawu-Cabarrot,1610612755,PHI,318.9,1.05
1887,Szczerbiak,1610612739,CLE,695.3,1.04
1630162,Anthony Edwards,1610612750,MIN,1593.9,1.03
1631114,Jalen Williams,1610612760,OKC,1126.5,1.02
1630193,Immanuel Quickley,1610612752,NYK,250.3,1.02
448,Outlaw,1610612753,ORL,466.4,1.0
1629673,Jordan Poole,1610612740,NOP,883.3,1.0
1629056,Terence Davis,1610612761,TOR,126.9,0.99
201583,Westbrook,1610612745,HOU,1141.4,0.99
1629028,Deandre Ayton,1610612756,PHX,1274.0,0.97
959,Meeks,1610612747,LAL,2103.8,0.97
688,Michael Curry,1610612765,DET,835.6,0.97
1629023,P.J. Washington,1610612742,DAL,749.8,0.96
201564,Mayo,1610612749,MIL,307.7,0.96
202696,Nikola Vučević,1610612753,ORL,475.1,0.96
1747,Alston,1610612748,MIA,1377.9,0.94
1032,Darvin Ham,1610612749,MIL,627.6,0.94
1628392,Isaiah Hartenstein,1610612760,OKC,1104.7,0.94
2034,Hernangomez,1610612743,DEN,1704.5,0.93
1626156,D'Angelo Russell,1610612742,DAL,950.3,0.92
1629684,Grant Williams,1610612738,BOS,1103.0,0.92
2733,McKinnie,1610612744,GSW,2451.5,0.89
203471,Dennis Schröder,1610612747,LAL,1627.8,0.88
998,Mark Pope,1610612754,IND,105.0,0.88
1628368,De'Aaron Fox,1610612759,SAS,269.1,0.87
1628973,Jalen Brunson,1610612742,DAL,2330.1,0.87
1503,McGrady,1610612737,ATL,864.1,0.87
1074,Matt Maloney,1610612745,HOU,721.2,0.87
203991,Clint Capela,1610612737,ATL,1352.9,0.86
200745,Young,1610612751,BKN,303.4,0.86
1629750,Javonte Green,1610612738,BOS,110.9,0.86
1629011,Mitchell Robinson,1610612752,NYK,754.7,0.84
1629026,Kenrich Williams,1610612760,OKC,167.8,0.84
202685,Jonas Valančiūnas,1610612763,MEM,1302.6,0.84
1905,Garnett,1610612751,BKN,1631.3,0.84
1921,Giricek,1610612755,PHI,695.4,0.83
1629638,Nickeil Alexander-Walker,1610612737,ATL,813.6,0.83
201568,Gallinari,1610612737,ATL,1309.2,0.82
202339,Jackson,1610612749,MIL,1313.9,0.82
21,Greg Anthony,1610612760,OKC,254.4,0.81
458,Howard Eisley,1610612762,UTA,1300.3,0.81
757,Stoudamire,1610612759,SAS,1203.8,0.81
2098,Slava Medvedenko,1610612747,LAL,402.9,0.8
202324,Favors,1610612762,UTA,909.5,0.8
1630202,Payton Pritchard,1610612738,BOS,1075.0,0.79
239,Martin,1610612761,TOR,349.1,0.79
201175,Davis,1610612746,LAC,1709.4,0.79
203092,Wright,1610612763,MEM,247.9,0.78
365,Derrick McKey,1610612754,IND,1043.6,0.78
202689,Ntilikina,1610612738,BOS,1049.4,0.78
1710,Bibby,1610612752,NYK,3705.8,0.77
1629660,Ty Jerome,1610612763,MEM,179.8,0.77
2430,Kelly,1610612747,LAL,1772.6,0.76
1506,Croshere,1610612759,SAS,1427.7,0.76
891,Charles Oakley,1610612752,NYK,813.6,0.76
420,Jayson Williams,1610612751,BKN,136.9,0.75
1631105,Jalen Duren,1610612765,DET,203.0,0.75
202083,Matthews,1610612747,LAL,2107.5,0.74
1630596,Evan Mobley,1610612739,CLE,840.9,0.74
201147,Barnes,1610612758,SAC,490.5,0.72
2592,Jones,1610612739,CLE,2283.8,0.72
203210,Green,1610612743,DEN,970.7,0.72
203077,Kleber,1610612742,DAL,176.8,0.72
2397,Yao,1610612745,HOU,703.9,0.72
1629066,Teague,1610612751,BKN,121.0,0.71
203087,Holiday,1610612758,SAC,114.9,0.7
2124,Allen,1610612753,ORL,352.8,0.7
788,Kevin Willis,1610612745,HOU,654.3,0.69
1628396,Tony Bradley,1610612762,UTA,110.8,0.69
201581,Hilario,1610612764,WAS,115.7,0.68
1629731,Dean Wade,1610612739,CLE,200.1,0.68
375,Isaiah Rider,1610612757,POR,319.4,0.68
203484,Kentavious Caldwell-Pope,1610612747,LAL,2000.6,0.67
203920,Barnes,1610612753,ORL,224.8,0.66
323,Greg Foster,1610612762,UTA,1108.1,0.66
934,Derrick Coleman,1610612766,CHA,925.2,0.66
947,Iverson,1610612755,PHI,2911.7,0.66
203516,Jokic,1610612753,ORL,249.3,0.66
1628370,Malik Monk,1610612758,SAC,204.8,0.66
1627827,Dorian Finney-Smith,1610612742,DAL,1373.3,0.65
1628395,Jones Jr.,1610612741,CHI,428.4,0.64
1631260,AJ Green,1610612749,MIL,204.7,0.64
221,Clar. Weatherspoon,1610612748,MIA,110.3,0.63
201988,Patty Mills,1610612746,LAC,1911.4,0.61
120,Steven Smith,1610612737,ATL,1532.6,0.61
1626220,Royce O'Neale,1610612762,UTA,1478.4,0.61
203500,Steven Adams,1610612760,OKC,2051.2,0.6
2735,Gordon,1610612740,NOP,225.3,0.6
717,Arvydas Sabonis,1610612757,POR,1576.6,0.59
101126,Gordon,1610612740,NOP,573.6,0.58
1629022,Lonnie Walker IV,1610612755,PHI,179.4,0.57
258,Brian Grant,1610612757,POR,1618.6,0.57
1729,Davis,1610612746,LAC,413.5,0.57
2548,Wade,1610612748,MIA,6260.6,0.56
1538,Cedric Henderson,1610612739,CLE,156.2,0.56
201572,Brook Lopez,1610612749,MIL,2533.1,0.55
2038,Przybilla,1610612749,MIL,116.4,0.54
1627884,Derrick Jones Jr.,1610612757,POR,863.9,0.53
1894,Maggette,1610612765,DET,276.7,0.53
1630198,Isaiah Joe,1610612755,PHI,389.0,0.52
1627739,Kris Dunn,1610612737,ATL,177.5,0.52
101121,Graham,1610612739,CLE,172.8,0.51
1641764,Brandin Podziemski,1610612744,GSW,377.4,0.5
203953,Schroder,1610612738,BOS,215.3,0.48
201155,Ellis,1610612754,IND,648.6,0.48
1088,Atkins,1610612765,DET,963.7,0.47
2443,Songaila,1610612755,PHI,374.4,0.46
960,Tony Delk,1610612766,CHA,1189.5,0.46
203918,Kennard,1610612746,LAC,1058.5,0.46
101236,Lawson,1610612745,HOU,559.8,0.45
1629655,Daniel Gafford,1610612764,WAS,549.3,0.44
201164,Fernandez,1610612743,DEN,413.0,0.44
1629675,Naz Reid,1610612750,MIN,769.9,0.43
1628425,James,1610612749,MIL,232.9,0.43
339,Tom Gugliotta,1610612750,MIN,322.3,0.43
1630591,Jalen Suggs,1610612753,ORL,225.0,0.43
204001,Kristaps Porziņģis,1610612742,DAL,706.8,0.43
1630538,Bones Hyland,1610612750,MIN,179.6,0.42
203506,Lowry,1610612754,IND,982.8,0.41
907,Malik Sealy,1610612746,LAC,315.7,0.41
433,Buck Williams,1610612752,NYK,252.8,0.4
1761,Buckner,1610612763,MEM,751.5,0.4
200811,Williams,1610612752,NYK,350.4,0.4
202694,Morris Sr.,1610612746,LAC,2305.0,0.39
203490,Porter Jr.,1610612761,TOR,1279.7,0.39
1628464,Daniel Theis,1610612738,BOS,731.1,0.39
1626204,Larry Nance Jr.,1610612739,CLE,347.8,0.39
201611,Walker,1610612748,MIA,112.6,0.39
203994,Jusuf Nurkić,1610612757,POR,452.3,0.38
201933,Griffin,1610612751,BKN,2389.6,0.38
198,Danny Ferry,1610612739,CLE,764.8,0.38
1883,Francis,1610612745,HOU,182.7,0.36
1629611,Terance Mann,1610612746,LAC,708.4,0.35
1628381,John Collins,1610612737,ATL,781.3,0.35
137,Vernon Maxwell,1610612758,SAC,164.8,0.35
1559,Griffin,1610612741,CHI,637.5,0.35
1899,Posey,1610612754,IND,1668.5,0.34
722,Corliss Williamson,1610612758,SAC,1258.0,0.34
202711,Bogdanovic,1610612762,UTA,1220.0,0.34
1629667,Jalen McDaniels,1610612764,WAS,101.0,0.34
1629630,Ja Morant,1610612763,MEM,790.9,0.33
754,Jim Jackson,1610612757,POR,1200.8,0.33
893,Michael Jordan,1610612741,CHI,509.6,0.33
686,McDyess,1610612759,SAS,2613.2,0.3
203504,Dinwiddie,1610612742,DAL,227.4,0.3
1626171,Bobby Portis,1610612749,MIL,1029.1,0.3
203110,Draymond Green,1610612744,GSW,6050.7,0.29
203081,Damian Lillard,1610612757,POR,2705.1,0.29
1630224,Jalen Green,1610612756,PHX,215.3,0.28
42,Monty Williams,1610612759,SAS,313.1,0.27
1628449,Chris Boucher,1610612761,TOR,173.1,0.27
2767,Ibaka,1610612760,OKC,127.5,0.27
371,Terry Mills,1610612765,DET,298.6,0.27
2420,Krstic,1610612738,BOS,615.1,0.26
1763,Bowen,1610612760,OKC,226.7,0.26
1629656,Quentin Grimes,1610612755,PHI,226.7,0.25
980,Ilgauskas,1610612748,MIA,2327.2,0.25
1897,World Peace,1610612747,LAL,3210.3,0.25
247,Joe Dumars,1610612765,DET,388.4,0.25
1628971,Bruce Brown,1610612751,BKN,1003.5,0.25
718,Gary Trent,1610612757,POR,213.7,0.25
203524,Luwawu-Cabarrot,1610612737,ATL,534.5,0.24
101123,Green,1610612745,HOU,1045.4,0.24
1630175,Cole Anthony,1610612749,MIL,151.1,0.24
1630578,Alperen Sengun,1610612745,HOU,253.7,0.23
252,Karl Malone,1610612762,UTA,1936.6,0.22
201188,Drummond,1610612747,LAL,3579.9,0.2
672,Matt Bullard,1610612745,HOU,116.1,0.2
1641708,Amen Thompson,1610612745,HOU,227.2,0.2
1627748,McGee,1610612739,CLE,421.4,0.2
1630543,Isaiah Jackson,1610612746,LAC,153.5,0.2
428,Sherman Douglas,1610612751,BKN,127.5,0.19
187,Terry Cummings,1610612760,OKC,426.0,0.19
202730,George,1610612754,IND,401.1,0.18
1544,Chris Crawford,1610612737,ATL,155.0,0.17
1630210,Reed,1610612743,DEN,111.9,0.17
2405,Johnson,1610612748,MIA,2558.5,0.17
1629631,De'Andre Hunter,1610612737,ATL,707.6,0.16
1630532,Franz Wagner,1610612753,ORL,440.7,0.16
406,O'Neal,1610612738,BOS,5149.2,0.16
1627742,Brandon Ingram,1610612761,TOR,356.9,0.15
1630567,Scottie Barnes,1610612761,TOR,132.8,0.15
203468,CJ McCollum,1610612757,POR,2320.6,0.15
2554,Pietrus,1610612761,TOR,670.1,0.14
265,Harvey Grant,1610612764,WAS,125.6,0.14
1509,Kelvin Cato,1610612757,POR,365.2,0.13
203459,Okogie,1610612750,MIN,472.0,0.12
201573,Jones,1610612750,MIN,692.5,0.12
1628969,Mikal Bridges,1610612756,PHX,1836.3,0.12
1626167,Myles Turner,1610612754,IND,1896.3,0.11
1630530,Trey Murphy III,1610612740,NOP,272.1,0.1
1627759,Jaylen Brown,1610612738,BOS,4585.5,0.1
203141,Teletovic,1610612749,MIL,310.0,0.1
2412,Jiri Welsch,1610612738,BOS,144.9,0.09
1628365,Markelle Fultz,1610612753,ORL,239.8,0.09
201937,Rubio,1610612739,CLE,388.1,0.08
204098,Antetokounmpo,1610612749,MIL,102.6,0.07
356,Chris Morris,1610612762,UTA,518.7,0.07
1051,Dean Garrett,1610612750,MIN,159.2,0.06
2413,Dixon,1610612764,WAS,271.9,0.06
977,Bryant,1610612747,LAL,8035.9,0.06
708,Garnett,1610612750,MIN,5742.2,0.05
201960,Covington,1610612745,HOU,1971.3,0.05
965,Fisher,1610612760,OKC,7438.1,0.05
399,Sean Rooks,1610612747,LAL,150.4,0.04
2407,Jeffries,1610612757,POR,681.4,0.04
203933,Warren,1610612754,IND,174.5,0.03
1629641,Branham,1610612738,BOS,129.8,0.02
203897,Zach LaVine,1610612758,SAC,151.8,0.02
84,Latrell Sprewell,1610612752,NYK,1832.5,0.02
202738,Thomas,1610612756,PHX,897.6,0.02
203089,Henson,1610612765,DET,302.0,0.01
1630171,Isaac Okoro,1610612741,CHI,454.2,0.01
1508,Maurice Taylor,1610612745,HOU,136.3,0.01
1629001,De'Anthony Melton,1610612763,MEM,531.2,0.01
1628400,Zubac,1610612738,BOS,527.0,0.01
1630581,Josh Giddey,1610612741,CHI,164.6,-0.0
1630214,Xavier Tillman,1610612763,MEM,412.8,0.0
201970,Young,1610612754,IND,504.2,-0.01
1134,Ike Austin,1610612748,MIA,343.8,-0.02
1924,Lee Nailon,1610612766,CHA,171.7,-0.02
2440,Durant,1610612744,GSW,2529.1,-0.03
201161,Cook,1610612741,CHI,548.8,-0.03
53,Mario Elie,1610612745,HOU,1256.0,-0.03
2416,Rush,1610612746,LAC,405.4,-0.05
200752,Markkanen,1610612762,UTA,553.5,-0.05
2731,Okafor,1610612740,NOP,220.6,-0.05
679,Jason Caffey,1610612741,CHI,557.4,-0.05
134,Kevin Johnson,1610612756,PHX,529.2,-0.06
1629111,Jock Landale,1610612737,ATL,117.6,-0.07
202732,Mirotic,1610612740,NOP,116.0,-0.08
201149,Valanciunas,1610612746,LAC,1259.0,-0.09
1922,Elson,1610612755,PHI,499.8,-0.09
201167,Artis,1610612753,ORL,605.5,-0.1
1630529,Herbert Jones,1610612740,NOP,335.7,-0.1
762,Shawn Bradley,1610612742,DAL,556.8,-0.1
393,Rod Strickland,1610612764,WAS,231.1,-0.11
1938,Anderson,1610612759,SAS,6427.9,-0.11
1628404,Josh Hart,1610612752,NYK,1508.4,-0.12
275,Allan Houston,1610612752,NYK,2415.3,-0.13
202066,Garrett Temple,1610612751,BKN,179.3,-0.13
2590,Williams,1610612739,CLE,530.9,-0.14
1114,Jaren Jackson,1610612764,WAS,613.1,-0.15
203463,Johnson,1610612747,LAL,127.6,-0.15
1626147,Haliburton,1610612751,BKN,224.1,-0.15
1630217,Desmond Bane,1610612763,MEM,879.8,-0.15
201171,Grant,1610612755,PHI,648.3,-0.15
2730,Howard,1610612755,PHI,4100.2,-0.16
431,Shawn Kemp,1610612760,OKC,762.4,-0.16
203496,Covington,1610612757,POR,924.6,-0.17
203095,Fournier,1610612738,BOS,489.0,-0.17
1627782,Randle,1610612752,NYK,155.3,-0.17
1628989,Kevin Huerter,1610612737,ATL,814.7,-0.18
2223,Aldrich,1610612752,NYK,849.0,-0.18
203552,Seth Curry,1610612755,PHI,1092.3,-0.18
1629134,Goodwin,1610612748,MIA,327.2,-0.18
1626178,Hollis-Jefferson,1610612757,POR,121.4,-0.19
1629652,Luguentz Dort,1610612760,OKC,1113.1,-0.19
26,Luc Longley,1610612741,CHI,918.1,-0.19
1628384,OG Anunoby,1610612761,TOR,1800.9,-0.19
1629162,Jordan McLaughlin,1610612759,SAS,124.0,-0.2
1515,Parker,1610612739,CLE,788.2,-0.2
417,Sam Mitchell,1610612750,MIN,562.1,-0.21
1627814,Damion Lee,1610612756,PHX,211.8,-0.21
1749,Mobley,1610612746,LAC,711.8,-0.22
197,Scott Burrell,1610612741,CHI,305.1,-0.22
2239,Hassell,1610612751,BKN,278.5,-0.22
101145,Ellis,1610612754,IND,912.0,-0.23
278,Stacey Augmon,1610612757,POR,460.9,-0.23
2753,West,1610612742,DAL,1699.4,-0.24
200782,P.J. Tucker,1610612749,MIL,2947.1,-0.25
2449,Lopez,1610612751,BKN,1081.1,-0.25
1627788,Korkmaz,1610612755,PHI,318.7,-0.25
3,Grant Long,1610612765,DET,624.0,-0.27
2048,Magloire,1610612761,TOR,1112.3,-0.27
1629661,Cameron Johnson,1610612756,PHX,769.6,-0.27
192,Dennis Scott,1610612753,ORL,195.4,-0.28
1630167,Obi Toppin,1610612752,NYK,1002.6,-0.28
2406,McLemore,1610612758,SAC,2102.6,-0.28
1628420,Monté Morris,1610612743,DEN,1075.7,-0.28
202710,Jimmy Butler III,1610612748,MIA,4277.2,-0.29
2199,Capela,1610612745,HOU,1307.8,-0.29
1717,Nowitzki,1610612742,DAL,4364.6,-0.29
953,Wright,1610612739,CLE,209.5,-0.29
2617,Highsmith,1610612748,MIA,2189.3,-0.29
1631124,Julian Strawther,1610612743,DEN,102.9,-0.3
1642366,Quinten Post,1610612744,GSW,140.8,-0.31
1631095,Jabari Smith Jr.,1610612745,HOU,140.8,-0.31
1628373,Ntilikina,1610612752,NYK,126.2,-0.31
1630178,Tyrese Maxey,1610612755,PHI,1321.7,-0.31
1641716,Jarace Walker,1610612754,IND,149.9,-0.32
1900,Quincy Lewis,1610612762,UTA,163.4,-0.33
1065,Erick Strickland,1610612738,BOS,343.6,-0.33
1626150,Randle,1610612740,NOP,198.1,-0.34
45,George McCloud,1610612756,PHX,219.1,-0.34
1631106,Tari Eason,1610612745,HOU,128.2,-0.35
916,Corie Blount,1610612747,LAL,391.8,-0.35
2399,Calderon,1610612737,ATL,408.8,-0.35
2031,Swift,1610612756,PHX,184.0,-0.35
1630540,Miles McBride,1610612752,NYK,693.3,-0.36
185,Webber,1610612744,GSW,2537.6,-0.36
1628401,Derrick White,1610612738,BOS,2353.2,-0.36
85,Brent Price,1610612745,HOU,120.7,-0.36
201144,Mike Conley,1610612762,UTA,2700.9,-0.37
2067,House,1610612748,MIA,718.5,-0.37
203944,Julius Randle,1610612752,NYK,1010.0,-0.38
164,Chris Childs,1610612752,NYK,1910.0,-0.39
1631094,Paolo Banchero,1610612753,ORL,451.6,-0.39
896,Tim Hardaway,1610612748,MIA,1359.4,-0.4
2863,Wilkins,1610612754,IND,203.2,-0.41
201975,VanVleet,1610612761,TOR,297.7,-0.42
1630533,Ziaire Williams,1610612751,BKN,170.1,-0.42
101135,Aldridge,1610612759,SAS,907.8,-0.42
2574,Kapono,1610612747,LAL,217.7,-0.42
201579,Chandler,1610612743,DEN,1834.0,-0.42
1507,Anderson,1610612766,CHA,525.1,-0.43
703,Thomas,1610612752,NYK,916.2,-0.43
1641767,Ben Sheppard,1610612754,IND,610.1,-0.44
89,Nick Van Exel,1610612747,LAL,870.5,-0.44
364,Rex Chapman,1610612756,PHX,337.9,-0.44
304,John Stockton,1610612762,UTA,2526.1,-0.44
201163,Chandler,1610612751,BKN,414.4,-0.45
1628997,Caleb Martin,1610612742,DAL,1072.6,-0.45
317,John Starks,1610612752,NYK,184.0,-0.46
203115,Barnes,1610612743,DEN,689.8,-0.46
177,Muggsy Bogues,1610612766,CHA,155.1,-0.47
202326,Cousins,1610612746,LAC,174.1,-0.47
147,Jalen Rose,1610612754,IND,1517.4,-0.47
1627780,Gary Payton II,1610612744,GSW,573.4,-0.47
423,Chris Gatling,1610612751,BKN,142.8,-0.47
121,Patrick Ewing,1610612752,NYK,1007.1,-0.49
1715,Williams,1610612763,MEM,1756.6,-0.5
895,Tyrone Corbin,1610612737,ATL,427.1,-0.51
1628418,Thomas Bryant,1610612739,CLE,184.3,-0.52
1626145,Tyus Jones,1610612763,MEM,510.4,-0.52
1630230,Naji Marshall,1610612742,DAL,133.3,-0.52
101106,Bogut,1610612744,GSW,1308.5,-0.52
203107,Satoransky,1610612764,WAS,127.7,-0.53
911,Ervin Johnson,1610612749,MIL,1485.0,-0.53
2547,Bosh,1610612748,MIA,3170.8,-0.53
2403,Capela,1610612745,HOU,2656.5,-0.53
1628390,Korkmaz,1610612760,OKC,200.8,-0.56
462,J.R. Reid,1610612766,CHA,379.0,-0.56
184,Bobby Phills,1610612766,CHA,209.3,-0.56
1629130,Duncan Robinson,1610612748,MIA,1340.3,-0.57
1629008,Michael Porter Jr.,1610612743,DEN,2238.8,-0.57
1627789,Luwawu-Cabarrot,1610612751,BKN,114.4,-0.57
203932,Aaron Gordon,1610612743,DEN,2184.8,-0.58
1630182,Josh Green,1610612742,DAL,506.7,-0.58
202718,Huerter,1610612737,ATL,174.9,-0.59
203085,Rivers,1610612743,DEN,1410.2,-0.59
1626162,Kelly Oubre Jr.,1610612755,PHI,435.3,-0.59
2570,Zizic,1610612739,CLE,4364.9,-0.59
2470,Parker,1610612748,MIA,373.0,-0.59
202344,Booker,1610612754,IND,278.2,-0.6
1630172,Patrick Williams,1610612741,CHI,152.1,-0.61
913,Larry Johnson,1610612752,NYK,1918.6,-0.61
203078,Bradley Beal,1610612764,WAS,1915.0,-0.61
9,Sedale Threatt,1610612745,HOU,299.7,-0.61
1626245,Young,1610612741,CHI,135.1,-0.61
1628035,White,1610612747,LAL,470.9,-0.61
203939,Dwight Powell,1610612742,DAL,462.7,-0.61
696,Travis Best,1610612754,IND,282.0,-0.63
201935,James Harden,1610612751,BKN,6104.0,-0.63
1626192,Pat Connaughton,1610612749,MIL,1493.5,-0.64
1629637,Jaxson Hayes,1610612747,LAL,136.8,-0.65
288,Armen Gilliam,1610612749,MIL,160.9,-0.65
203493,Bullock Jr.,1610612752,NYK,860.5,-0.67
922,Elden Campbell,1610612747,LAL,782.2,-0.68
203118,Korkmaz,1610612755,PHI,983.5,-0.68
1629651,Nic Claxton,1610612751,BKN,340.1,-0.68
101187,Anderson,1610612746,LAC,461.5,-0.68
201189,Gray,1610612758,SAC,154.0,-0.69
1631170,Jaime Jaquez Jr.,1610612748,MIA,140.0,-0.69
1628972,Brown Jr.,1610612765,DET,160.9,-0.69
103,Todd Day,1610612756,PHX,134.8,-0.7
1628436,Luke Kornet,1610612738,BOS,371.1,-0.71
101162,Gortat,1610612746,LAC,2182.9,-0.72
1629645,Kevin Porter Jr.,1610612749,MIL,148.6,-0.73
1442,Zeljko Rebraca,1610612765,DET,168.1,-0.73
1629013,Landry Shamet,1610612751,BKN,1072.6,-0.73
203526,Rubio,1610612764,WAS,364.4,-0.74
689,Ratliff,1610612747,LAL,973.1,-0.74
297,Mourning,1610612748,MIA,2291.0,-0.74
2555,Brewer,1610612760,OKC,1002.0,-0.75
201600,Payne,1610612741,CHI,886.8,-0.76
203457,Claxton,1610612752,NYK,238.5,-0.76
201880,Patterson,1610612761,TOR,219.1,-0.77
2501,Thompson,1610612758,SAC,1052.2,-0.77
1629614,Andrew Nembhard,1610612754,IND,1276.4,-0.77
1504,Danny Fortson,1610612760,OKC,247.4,-0.78
101131,Maxiell,1610612766,CHA,715.8,-0.79
183,Bison Dele,1610612741,CHI,393.6,-0.79
2059,Najera,1610612766,CHA,1240.8,-0.79
2230,Evans,1610612764,WAS,1090.5,-0.8
1628976,Wendell Carter Jr.,1610612753,ORL,341.0,-0.8
107,Dale Ellis,1610612760,OKC,172.9,-0.8
1630173,Precious Achiuwa,1610612748,MIA,396.1,-0.8
203458,Alex Len,1610612764,WAS,100.1,-0.81
1863,Boykins,1610612745,HOU,406.7,-0.83
200794,Embiid,1610612743,DEN,2607.0,-0.84
1630631,Jose Alvarado,1610612752,NYK,177.5,-0.86
1630168,Onyeka Okongwu,1610612737,ATL,373.2,-0.87
1630228,Jonathan Kuminga,1610612737,ATL,383.3,-0.87
200769,Brown,1610612748,MIA,855.6,-0.87
1629639,Tyler Herro,1610612748,MIA,1427.1,-0.88
1000,Shandon Anderson,1610612762,UTA,1233.0,-0.89
1628378,Donovan Mitchell,1610612762,UTA,1869.8,-0.91
101139,Tatum,1610612738,BOS,777.0,-0.91
2216,Randolph,1610612758,SAC,2648.3,-0.91
15,Piatkowski,1610612756,PHX,159.1,-0.93
1629006,Josh Okogie,1610612745,HOU,205.4,-0.95
64,Sam Perkins,1610612760,OKC,1279.5,-0.95
202329,Markkanen,1610612741,CHI,965.1,-0.95
1903,Thomas,1610612758,SAC,784.4,-0.95
695,Eldridge Recasner,1610612737,ATL,188.2,-0.96
1631119,Jaylin Williams,1610612760,OKC,255.1,-0.96
2744,Sabonis,1610612754,IND,402.0,-0.96
1709,Michael Olowokandi,1610612750,MIN,340.4,-0.97
7,Dan Schayes,1610612753,ORL,148.6,-0.97
70,Steve Kerr,1610612741,CHI,1096.6,-0.97
203084,Harrison Barnes,1610612759,SAS,2173.6,-0.98
201587,Nicolas Batum,1610612746,LAC,1793.5,-0.98
1641744,Zach Edey,1610612763,MEM,107.6,-0.98
201563,Zubac,1610612747,LAL,295.6,-1.0
1536,Dudley,1610612746,LAC,2508.2,-1.0
22,Rik Smits,1610612754,IND,1266.4,-1.0
787,Charles Barkley,1610612745,HOU,890.6,-1.01
1629628,RJ Barrett,1610612752,NYK,521.8,-1.01
101128,Black,1610612745,HOU,277.2,-1.01
1630194,Paul Reed,1610612755,PHI,397.6,-1.02
136,P.J. Brown,1610612748,MIA,3309.5,-1.02
1631107,Nikola Jović,1610612748,MIA,201.0,-1.03
166,Ron Harper,1610612741,CHI,1996.7,-1.03
1630267,Green,1610612743,DEN,281.9,-1.04
201627,Wade,1610612741,CHI,128.5,-1.04
1629060,Rui Hachimura,1610612764,WAS,886.4,-1.04
203145,Monk,1610612747,LAL,987.7,-1.05
1513,Pollard,1610612738,BOS,870.7,-1.05
202700,White,1610612759,SAS,139.7,-1.06
1626164,Devin Booker,1610612756,PHX,1611.7,-1.06
2049,Claxton,1610612737,ATL,459.4,-1.07
1742,Shammond Williams,1610612760,OKC,203.6,-1.08
711,Stackhouse,1610612751,BKN,2320.3,-1.08
1626166,Cameron Payne,1610612756,PHX,832.3,-1.08
204456,T.J. McConnell,1610612754,IND,999.4,-1.08
919,Loy Vaught,1610612746,LAC,131.1,-1.09
2747,Hood,1610612747,LAL,2733.0,-1.09
1629216,Gabe Vincent,1610612748,MIA,1256.6,-1.11
1631128,Christian Braun,1610612743,DEN,982.2,-1.11
1627736,Malik Beasley,1610612765,DET,711.6,-1.13
955,Samaki Walker,1610612759,SAS,406.4,-1.14
1904,George,1610612744,GSW,1580.0,-1.14
201,Chris Dudley,1610612757,POR,702.0,-1.14
202714,Batum,1610612766,CHA,297.5,-1.15
1630702,Jaden Hardy,1610612764,WAS,118.8,-1.15
1630590,Scotty Pippen Jr.,1610612763,MEM,128.3,-1.16
296,Rick Fox,1610612747,LAL,2673.7,-1.16
2748,Batum,1610612757,POR,168.5,-1.17
2046,Mason,1610612758,SAC,245.1,-1.17
361,Clifford Robinson,1610612757,POR,2298.8,-1.17
1630180,Saddiq Bey,1610612740,NOP,132.1,-1.18
1630558,Davion Mitchell,1610612748,MIA,267.2,-1.19
173,Keith Askins,1610612748,MIA,336.1,-1.2
760,Jerome Kersey,1610612747,LAL,576.0,-1.2
1714,Robert Traylor,1610612749,MIL,325.8,-1.22
441,Lamond Murray,1610612746,LAC,130.1,-1.23
203469,Zeller,1610612740,NOP,423.2,-1.24
202389,Allen,1610612751,BKN,786.5,-1.25
201565,Rose,1610612752,NYK,1656.2,-1.25
203925,Harris,1610612751,BKN,565.7,-1.25
2549,Aminu,1610612757,POR,363.6,-1.26
201569,Eric Gordon,1610612745,HOU,2202.1,-1.26
1498,Daniels,1610612755,PHI,1076.4,-1.27
1628991,Jaren Jackson Jr.,1610612763,MEM,817.4,-1.28
201162,Schroder,1610612747,LAL,603.7,-1.28
1626246,Marjanovic,1610612742,DAL,427.8,-1.29
1627751,Jakob Poeltl,1610612761,TOR,394.0,-1.29
2736,Wiggins,1610612750,MIN,2359.9,-1.31
1627752,Taurean Prince,1610612749,MIL,553.6,-1.31
201936,Evans,1610612754,IND,148.8,-1.32
452,Vin Baker,1610612760,OKC,748.0,-1.32
2563,Jones,1610612739,CLE,761.1,-1.32
201178,Fesenko,1610612754,IND,225.9,-1.32
1628467,Maxi Kleber,1610612742,DAL,1051.9,-1.32
764,David Robinson,1610612759,SAS,1256.5,-1.32
202954,Wanamaker,1610612738,BOS,243.8,-1.32
200081,Moon,1610612766,CHA,285.8,-1.33
224,Jones,1610612742,DAL,2496.0,-1.35
1628960,Grayson Allen,1610612763,MEM,624.6,-1.35
210,Terrell Brandon,1610612750,MIN,410.3,-1.36
456,Chuck Person,1610612759,SAS,264.5,-1.38
1627777,Georges Niang,1610612762,UTA,732.1,-1.38
1631212,Peyton Watson,1610612743,DEN,300.7,-1.4
208,Cassell,1610612738,BOS,2609.3,-1.4
165,Hakeem Olajuwon,1610612745,HOU,1060.9,-1.42
765,Hersey Hawkins,1610612760,OKC,460.2,-1.42
2411,Nachbar,1610612751,BKN,341.7,-1.42
201168,Long,1610612755,PHI,1654.6,-1.43
101129,Head,1610612758,SAC,199.2,-1.43
2410,Jones,1610612746,LAC,705.4,-1.43
376,Eric Montross,1610612765,DET,144.7,-1.43
1626159,Simons,1610612763,MEM,539.4,-1.44
101189,Singleton,1610612764,WAS,104.3,-1.44
2063,Voskuhl,1610612761,TOR,160.3,-1.44
203082,Shamet,1610612753,ORL,985.0,-1.44
203521,Mitchell,1610612758,SAC,1049.9,-1.44
1628379,Luke Kennard,1610612746,LAC,466.5,-1.44
203460,Harden,1610612751,BKN,767.9,-1.44
87,Mutombo,1610612745,HOU,2137.1,-1.48
203922,Robinson III,1610612758,SAC,116.7,-1.48
101120,Wright,1610612758,SAC,371.9,-1.49
2755,Anderson,1610612759,SAS,572.8,-1.49
202330,Hayward,1610612738,BOS,746.8,-1.49
1626163,Smith Jr.,1610612756,PHX,259.4,-1.5
2746,Davis,1610612740,NOP,1513.4,-1.52
2585,Robinson III,1610612765,DET,999.4,-1.54
43,Chris Whitney,1610612764,WAS,122.6,-1.57
202708,Christon,1610612760,OKC,1142.8,-1.6
2294,Bell,1610612744,GSW,117.5,-1.6
2732,Oladipo,1610612753,ORL,1136.6,-1.64
1913,Ruffin,1610612757,POR,144.8,-1.64
1721,Keon Clark,1610612761,TOR,278.1,-1.65
2452,J.R. Bremer,1610612738,BOS,171.6,-1.66
1802,Miller,1610612750,MIN,1594.7,-1.66
203926,Doug McDermott,1610612754,IND,158.7,-1.66
1629003,Shake Milton,1610612755,PHI,397.1,-1.68
2137,Udoka,1610612759,SAS,263.7,-1.69
1888,Hamilton,1610612741,CHI,5001.7,-1.69
101112,Chriss,1610612739,CLE,895.1,-1.7
1628470,Torrey Craig,1610612756,PHX,1201.0,-1.72
201596,Simmons,1610612763,MEM,1120.7,-1.73
202721,Jack,1610612751,BKN,122.5,-1.74
2561,West,1610612744,GSW,3458.0,-1.74
202347,White,1610612759,SAS,573.8,-1.74
1627747,Caris LeVert,1610612751,BKN,662.1,-1.74
201962,Carter,1610612763,MEM,172.0,-1.75
1531,Marc Jackson,1610612750,MIN,107.9,-1.76
202355,Conley,1610612757,POR,598.1,-1.78
203143,Prigioni,1610612746,LAC,631.7,-1.8
2,Byron Scott,1610612747,LAL,137.2,-1.8
1727,Garrity,1610612753,ORL,300.8,-1.81
1630,Moore,1610612744,GSW,341.0,-1.82
436,Howard,1610612748,MIA,659.0,-1.82
202695,Kawhi Leonard,1610612746,LAC,5502.8,-1.82
101133,Mahinmi,1610612764,WAS,1147.0,-1.83
202687,Bismack Biyombo,1610612759,SAS,562.2,-1.84
202726,Harden,1610612745,HOU,122.5,-1.87
202684,Tristan Thompson,1610612738,BOS,1944.3,-1.87
1629027,Trae Young,1610612737,ATL,956.1,-1.87
2212,Hunter,1610612763,MEM,379.4,-1.87
1112,Wallace,1610612765,DET,3301.2,-1.89
203499,Larkin,1610612738,BOS,209.7,-1.89
201566,Russell Westbrook,1610612764,WAS,3025.0,-1.92
1626168,Trey Lyles,1610612758,SAC,130.7,-1.93
203924,Jerami Grant,1610612743,DEN,1003.6,-1.93
1501,Thomas,1610612742,DAL,882.3,-1.93
2572,Howard,1610612750,MIN,2226.4,-1.94
203114,Khris Middleton,1610612749,MIL,2682.1,-1.94
201166,Towns,1610612750,MIN,766.3,-1.94
2594,Lopez,1610612749,MIL,3558.6,-1.94
1718,Crawford,1610612746,LAC,4984.3,-1.94
1737,Freedom,1610612760,OKC,1627.4,-1.95
2045,Barnes,1610612746,LAC,1746.9,-1.95
389,Toni Kukoc,1610612741,CHI,1803.8,-1.96
781,Will Perdue,1610612759,SAS,449.4,-1.96
1630583,Santi Aldama,1610612763,MEM,221.4,-1.96
383,Kendall Gill,1610612751,BKN,163.3,-1.97
101109,Schroder,1610612760,OKC,828.8,-1.97
677,Eric Williams,1610612738,BOS,942.3,-1.98
203093,Harden,1610612745,HOU,594.6,-1.99
1629723,John Konchar,1610612763,MEM,175.0,-1.99
1631097,Bennedict Mathurin,1610612746,LAC,378.1,-1.99
201156,Hernangomez,1610612743,DEN,518.3,-2.0
251,Sean Elliott,1610612759,SAS,783.1,-2.0
201973,Bell,1610612744,GSW,399.8,-2.01
1629020,Jarred Vanderbilt,1610612747,LAL,427.4,-2.01
1630541,Moses Moody,1610612744,GSW,452.7,-2.02
203080,Nance Jr.,1610612747,LAL,227.3,-2.02
2740,Burke,1610612762,UTA,351.4,-2.03
2544,LeBron James,1610612747,LAL,11762.0,-2.04
2575,Walton,1610612739,CLE,1473.6,-2.05
203903,Jordan Clarkson,1610612762,UTA,757.9,-2.05
1628380,Zach Collins,1610612741,CHI,145.9,-2.05
204,Jeff Hornacek,1610612762,UTA,1956.5,-2.06
1944,Eddie Robinson,1610612766,CHA,217.5,-2.07
904,Chris Mullin,1610612754,IND,914.2,-2.07
202702,Hilario,1610612745,HOU,471.7,-2.08
1629599,Amir Coffey,1610612746,LAC,132.6,-2.11
1629312,Haywood Highsmith,1610612748,MIA,406.4,-2.12
204038,Matthews,1610612756,PHX,118.6,-2.13
203086,Leonard,1610612748,MIA,408.4,-2.14
1629018,Gary Trent Jr.,1610612757,POR,469.1,-2.14
1628978,Donte DiVincenzo,1610612749,MIL,1269.1,-2.18
1626149,House Jr.,1610612747,LAL,490.0,-2.19
1719,Wells,1610612745,HOU,653.1,-2.2
349,Mark Jackson,1610612754,IND,1260.1,-2.21
2557,Harris,1610612753,ORL,256.3,-2.21
1916,Booth,1610612758,SAC,176.1,-2.23
76,Cedric Ceballos,1610612756,PHX,115.4,-2.24
2225,Walker,1610612766,CHA,7885.1,-2.24
203937,Kyle Anderson,1610612763,MEM,1163.1,-2.25
202334,Brown,1610612739,CLE,244.3,-2.26
692,Andrew DeClercq,1610612753,ORL,148.1,-2.27
201599,DeAndre Jordan,1610612740,NOP,1043.1,-2.27
2749,Smith,1610612765,DET,1103.5,-2.28
1739,Patterson,1610612746,LAC,349.6,-2.29
2030,Henson,1610612749,MIL,3814.9,-2.29
201949,James Johnson,1610612754,IND,160.7,-2.3
255,Hill,1610612746,LAC,657.0,-2.3
979,O'Neal,1610612744,GSW,2058.2,-2.32
1626181,Norman Powell,1610612757,POR,1932.7,-2.33
101142,Dieng,1610612750,MIN,453.4,-2.33
2207,Williams III,1610612738,BOS,1659.6,-2.36
1934,Rodney Buford,1610612748,MIA,141.3,-2.36
1733,Booker,1610612764,WAS,1252.9,-2.38
95,Mark Bryant,1610612756,PHX,136.9,-2.38
2050,Peterson,1610612760,OKC,839.8,-2.39
203935,Marcus Smart,1610612738,BOS,2692.7,-2.39
1627763,Malcolm Brogdon,1610612754,IND,950.1,-2.4
1628398,Kyle Kuzma,1610612747,LAL,654.5,-2.41
1723,Harpring,1610612762,UTA,534.5,-2.42
203121,Williams,1610612760,OKC,188.8,-2.42
2734,Harris,1610612742,DAL,1665.0,-2.43
203501,Tim Hardaway Jr.,1610612742,DAL,1150.9,-2.44
248,George Lynch,1610612755,PHI,831.5,-2.45
202338,Turner,1610612754,IND,199.1,-2.46
1521,Vaughn,1610612759,SAS,799.4,-2.47
203518,George,1610612760,OKC,123.5,-2.48
101110,Gortat,1610612764,WAS,104.3,-2.49
935,Bryon Russell,1610612762,UTA,2432.1,-2.5
201578,Speights,1610612753,ORL,860.3,-2.5
2551,Ford,1610612759,SAS,313.7,-2.51
101111,Villanueva,1610612742,DAL,131.4,-2.53
1477,Bowen,1610612759,SAS,4705.7,-2.54
673,Alan Henderson,1610612737,ATL,480.5,-2.54
2757,Smith,1610612765,DET,782.2,-2.56
201585,Bjelica,1610612758,SAC,403.1,-2.6
2584,Dedmon,1610612753,ORL,321.1,-2.6
1626196,Josh Richardson,1610612742,DAL,550.2,-2.61
950,Marbury,1610612738,BOS,683.4,-2.62
201941,Aldrich,1610612750,MIN,292.0,-2.65
1548,Blount,1610612748,MIA,466.3,-2.67
2760,Allen,1610612739,CLE,2133.8,-2.67
1853,Carter,1610612761,TOR,428.9,-2.67
1909,Scott Padgett,1610612762,UTA,268.7,-2.68
1629636,Darius Garland,1610612739,CLE,743.7,-2.69
204060,Joe Ingles,1610612762,UTA,843.1,-2.69
2248,Watson,1610612757,POR,168.4,-2.7
201274,Johnson,1610612737,ATL,172.5,-2.71
2581,Blake,1610612765,DET,798.3,-2.72
1629014,Anfernee Simons,1610612757,POR,182.0,-2.77
1425,Williams,1610612746,LAC,1042.5,-2.81
698,Eddie Johnson,1610612745,HOU,109.6,-2.83
202357,Looney,1610612748,MIA,232.5,-2.86
201586,Lopez,1610612746,LAC,4230.5,-2.89
901,Otis Thorpe,1610612765,DET,388.6,-2.9
966,Jerome Williams,1610612765,DET,614.5,-2.91
445,Wesley Person,1610612756,PHX,144.5,-2.91
2072,Redd,1610612756,PHX,388.8,-2.93
1005,Walt Williams,1610612757,POR,548.7,-2.95
2553,Hayes,1610612751,BKN,212.2,-2.99
203473,Reed,1610612748,MIA,292.7,-3.0
101181,Galloway,1610612765,DET,253.5,-3.02
201150,Monroe,1610612749,MIL,501.7,-3.06
101122,Bosh,1610612748,MIA,975.9,-3.07
209,Dell Curry,1610612766,CHA,520.1,-3.11
201959,Taj Gibson,1610612752,NYK,1750.1,-3.15
203482,Kelly Olynyk,1610612748,MIA,501.8,-3.16
203488,Muscala,1610612760,OKC,305.6,-3.16
270,Horace Grant,1610612753,ORL,928.3,-3.17
299,Glenn Robinson,1610612749,MIL,1247.1,-3.21
203915,Spencer Dinwiddie,1610612742,DAL,865.0,-3.23
2037,Bridges,1610612756,PHX,1707.3,-3.33
124,Vlade Divac,1610612766,CHA,1712.3,-3.36
200770,Afflalo,1610612758,SAC,1277.5,-3.38
1626224,Osman,1610612759,SAS,145.5,-3.38
2217,Thompson,1610612739,CLE,1437.2,-3.41
202349,Lin,1610612751,BKN,438.3,-3.47
202699,Tobias Harris,1610612755,PHI,2409.8,-3.5
2209,Radmanovic,1610612741,CHI,1134.7,-3.56
101154,Blatche,1610612751,BKN,580.6,-3.56
2210,Harris,1610612743,DEN,4074.6,-3.57
1890,Miller,1610612739,CLE,4117.7,-3.62
2198,Brown,1610612755,PHI,405.7,-3.66
2429,Gadzuric,1610612752,NYK,116.7,-3.7
2427,Wade,1610612748,MIA,135.7,-3.7
1629680,Matisse Thybulle,1610612755,PHI,381.9,-3.71
2564,Diaw,1610612762,UTA,3940.5,-3.75
739,Wallace,1610612752,NYK,6296.8,-3.81
201954,Howard,1610612747,LAL,1037.2,-3.83
202327,Udoh,1610612762,UTA,121.8,-3.83
923,Marshall,1610612755,PHI,508.1,-3.92
1730,Skinner,1610612763,MEM,294.8,-3.97
202734,Carter,1610612756,PHX,361.5,-4.07
2457,Neal,1610612766,CHA,175.3,-4.08
761,Matt Geiger,1610612766,CHA,269.9,-4.09
1908,Jumaine Jones,1610612755,PHI,545.4,-4.15
201580,McGee,1610612743,DEN,1155.9,-4.17
1626179,Terry Rozier,1610612748,MIA,1350.8,-4.2
101115,Hibbert,1610612754,IND,1126.8,-4.27
202328,Vanderbilt,1610612750,MIN,182.8,-4.32
202362,McConnell,1610612754,IND,1175.3,-4.5
203957,Danté Exum,1610612742,DAL,321.8,-4.55
345,Terry Porter,1610612750,MIN,746.1,-4.62
200826,Barea,1610612742,DAL,338.6,-4.67
1628411,Iwundu,1610612753,ORL,113.4,-4.71
1902,Foster,1610612754,IND,1011.7,-4.71
203487,Carter Jr.,1610612753,ORL,172.1,-4.9
1627734,Domantas Sabonis,1610612758,SAC,444.7,-5.23
202691,Klay Thompson,1610612742,DAL,6107.6,-5.23
202335,Patterson,1610612746,LAC,581.6,-5.62
202397,Smith,1610612764,WAS,172.0,-5.67
201947,Young,1610612751,BKN,114.4,-6.09
101150,Williams,1610612737,ATL,1229.2,-6.35
