player_name,o_emv,d_emv,total_emv,hist_o_sens_s,poss_2526
Shai Gilgeous-Alexander,17.50508957110501,-8.60967171957283,8.89541785153218,0.6014206868724419,4337.79166666667
Victor Wembanyama,11.26772409389748,-3.2501757514523435,8.017548342445135,0.2036286604222379,3554.583333333335
Alex Caruso,10.890165384461293,-3.5208207647235383,7.369344619737754,-1.480534123230955,1984.1666666666652
Nikola Jokić,15.926517606966417,-8.558025223411207,7.3684923835552105,0.6005207573275319,4146.583333333331
Ausar Thompson,11.745953573178056,-4.947232315065872,6.7987212581121845,0.6954447535722742,3649.6666666666606
Kawhi Leonard,12.336537615021708,-5.560709037897287,6.775828577124421,-0.2771950304852353,3898.833333333332
Ajay Mitchell,12.359383424941377,-5.683199772390874,6.676183652550503,-0.1855090026100099,2817.3750000000014
Neemias Queta,7.374322938370225,-0.9654281225093293,6.408894815860896,-0.1906775730821187,3650.4166666666674
Jalen Duren,11.533108090567257,-5.196559995086417,6.33654809548084,0.0257438601329409,3544.3333333333303
Derrick White,12.241474465531988,-6.059709231698649,6.181765233833339,0.089751825044198,5206.624999999995
Zach Edey,4.488029824733387,1.392071494404035,5.880101319137422,-0.304030629415322,709.5833333333331
Hugo González,10.113654743166999,-4.3186401670559285,5.79501457611107,0.6930730505194117,2271.1249999999977
Bam Adebayo,12.293368406510048,-6.519887158863975,5.773481247646073,0.469726570046248,4414.916666666672
OG Anunoby,10.540430872742299,-5.10034950424735,5.4400813684949485,-0.2420431014429778,4130.166666666664
Landry Shamet,10.076841775621752,-4.816818387248634,5.260023388373118,-0.6592885781681498,2194.0833333333353
Gary Payton II,11.124058887878258,-5.894424607410793,5.229634280467465,-0.9598094290272626,1867.3333333333333
Paul Reed,9.195221098235198,-4.032187997856019,5.163033100379179,-0.650325565102919,1501.4999999999989
Jonathan Kuminga,8.402545440903678,-3.328695743641472,5.073849697262206,-0.2352206501452599,1389.2083333333337
Jalen Suggs,10.544111161232731,-5.50023218963983,5.0438789715929016,0.0255251681552475,2494.041666666669
Rudy Gobert,9.653985759911778,-4.626129778329219,5.02785598158256,0.4626924464546905,4727.916666666664
Donovan Mitchell,14.411180287526106,-9.394172890241597,5.017007397284509,0.3548753403526409,4587.16666666667
Austin Reaves,11.686938559494706,-6.714826663376775,4.972111896117931,0.9244230770381634,3083.458333333332
Jimmy Butler III,11.829529789686626,-6.881778713279609,4.947751076407017,-0.1169027667018501,2954.208333333336
Lauri Markkanen,12.028834699328726,-7.094133733526645,4.934700965802081,-0.2417909845598172,3606.5416666666697
Isaiah Hartenstein,7.585905347445962,-2.6609898015479763,4.924915545897986,-0.9389862495166708,2285.083333333332
Moussa Diabaté,10.336670044200877,-5.444107680405108,4.892562363795769,0.7779742251684929,3573.791666666676
Luka Dončić,15.323437028434757,-10.439376326600417,4.88406070183434,-0.399411149609765,4528.1250000000055
De'Anthony Melton,10.93661866486134,-6.0736460154003336,4.862972649461007,0.1467151068026402,1921.1250000000011
Stephen Curry,14.923012510825005,-10.064206319023858,4.858806191801147,-0.2443542573796927,3054.2083333333326
Oso Ighodaro,9.951678817412477,-5.173573961162816,4.77810485624966,0.2655584865888026,3281.2083333333385
Devin Booker,13.222760814449538,-8.509087129104516,4.713673685345022,-0.184896387684756,3913.708333333335
Christian Braun,10.932755782817901,-6.24113400410091,4.691621778716992,0.1471319827695052,2214.4583333333335
Karl-Anthony Towns,10.741569405327903,-6.075261529980257,4.666307875347646,0.1132338631587831,4672.916666666659
Amen Thompson,12.924409310306604,-8.267127851653948,4.6572814586526565,-0.443011099735785,5556.58333333333
Paul George,8.011718631256127,-3.415872684840564,4.5958459464155625,0.8577885417914688,2056.25
Donovan Clingan,9.646227493592017,-5.080726514652826,4.56550097893919,-0.6583826297445339,4034.916666666663
David Jones Garcia,5.423985694471387,-0.8694756127814712,4.554510081689916,0.211244346678397,169.91666666666666
Hunter Dickinson,2.3078165955612264,2.212481373184963,4.520297968746189,-0.0355188407321195,11.791666666666666
Jalen Smith,9.396244015951368,-4.878410489952313,4.5178335259990545,0.1065064075873807,2340.6250000000005
Josh Okogie,7.939262573254107,-3.457097770399402,4.4821648028547045,-0.5381660342266296,2824.375
Kevin Durant,13.078230477624402,-8.646835094677424,4.431395382946977,-0.5964980675921674,5407.791666666669
Miles McBride,10.196330624969274,-5.782420978275746,4.413909646693528,0.3825622773708887,2451.458333333335
Jayson Tatum,4.209553436475543,0.18725939393669325,4.3968128304122365,1.3230521266429718,67.91666666666667
Jaylon Tyson,12.939569586390121,-8.55203586505287,4.387533721337251,-0.2144476705401501,4021.6666666666656
Julian Champagnie,11.80217357340563,-7.455995935918382,4.346177637487249,-0.011082424978305,4368.416666666669
Anthony Black,12.823003684878884,-8.515884947861245,4.307118737017639,0.0690941765435319,4612.916666666663
Sandro Mamukelashvili,11.431929144934971,-7.137992946737757,4.293936198197214,-0.4715955506679382,3310.7083333333344
Franz Wagner,10.327051648161612,-6.052351158942814,4.274700489218798,1.8459045671434728,2220.0416666666665
Joel Embiid,10.0002599312307,-5.7367298258683315,4.263530105362368,-0.5723526092254393,2572.541666666665
Chet Holmgren,10.173971041405375,-5.964402920863539,4.209568120541836,-1.4512629010815652,4108.500000000008
Marcus Smart,8.929382228068654,-4.72243548162466,4.206946746443994,1.0151761562520245,3751.6249999999977
Kevin Porter Jr.,10.115360021902063,-5.910714910041477,4.204645111860586,0.3775709824064704,2934.2083333333317
Thomas Bryant,10.619300261553786,-6.426258647271496,4.19304161428229,-0.8895954452742828,1211.958333333334
Anthony Edwards,12.20092878856651,-8.0252621414794,4.175666647087109,0.476408811865009,4721.875000000001
Immanuel Quickley,12.547482023126411,-8.3813179771063,4.166164046020111,0.0710076807516917,4798.708333333332
Cason Wallace,10.786755767703564,-6.624765539694575,4.161990228008989,-0.8966135194746305,4167.7916666666715
Ty Jerome,6.122532866114005,-1.9802079527561962,4.142324913357809,0.0051940038622628,478.5833333333334
Jrue Holiday,10.423900165115226,-6.301143892536775,4.122756272578451,-0.426131669046231,2532.124999999999
Donte DiVincenzo,10.822482684284056,-6.700145922144677,4.122336762139379,0.4171408891970276,4898.375000000002
Dwight Powell,7.538659010927333,-3.4512884924834766,4.087370518443857,-0.5993519831645305,1680.0833333333348
Desmond Bane,13.848883774122418,-9.80465461650345,4.044229157618968,-0.0025610659599251,5217.833333333332
Craig Porter Jr.,11.540320345032201,-7.508184044806349,4.032136300225853,-0.7206665455402697,2484.4583333333326
Kadary Richmond,5.003320231120947,-0.9807579397305491,4.022562291390398,-0.0433217180281216,167.0
Keldon Johnson,13.320449099152317,-9.303458045605133,4.0169910535471836,-0.6961989490669321,3667.541666666668
Domantas Sabonis,8.894771480869569,-4.886043899802732,4.008727581066837,-1.4748015067458222,1415.2083333333333
Giannis Antetokounmpo,10.940012786516773,-6.934099288685826,4.005913497830947,-0.6019582557269622,2342.416666666666
Bones Hyland,9.712550399394571,-5.73738992399335,3.9751604754012213,0.2754976167762129,1981.7083333333333
Scottie Barnes,12.594150594261817,-8.625460833884697,3.9686897603771207,0.3617599809674141,5135.999999999996
Tari Eason,9.556832771002352,-5.625139728286405,3.9316930427159464,-0.7554794806350541,2650.958333333333
Alondes Williams,5.219014415166445,-1.3062751748603403,3.9127392403061045,-0.3311833845280582,251.95833333333343
Myron Gardner,7.062217128429199,-3.190898334999496,3.8713187934297033,0.0374510297542104,730.6249999999999
Dyson Daniels,10.54368822783855,-6.6940582106381346,3.8496300172004148,-0.161297899045758,4984.791666666665
Cedric Coward,13.307535933557068,-9.48033794182113,3.8271979917359378,0.1766667873115083,3208.3749999999977
Kon Knueppel,13.967338639691816,-10.15426025480898,3.813078384882836,-0.3832973357691276,5023.875000000003
Jalen Williams,8.160251415857976,-4.348435687423576,3.8118157284344,-0.5308298588894553,1888.6666666666665
Zach Collins,5.8044090319767605,-1.9938908342690984,3.810518197707662,0.0824977937638993,472.7916666666667
Kenrich Williams,9.619698223295886,-5.8317036341229835,3.7879945891729028,1.073333214516295,1694.1249999999998
Yves Missi,9.326894356408037,-5.540577039188853,3.7863173172191837,-0.2694178158070106,2441.9166666666665
Michael Porter Jr.,12.290266989903731,-8.511076778930667,3.7791902109730646,-0.3012017163964897,4088.66666666666
Walker Kessler,3.96917825517278,-0.19195125936997584,3.7772269958028044,-0.2770780684951186,384.9583333333333
Ja Morant,8.830715563999325,-5.073087296042591,3.7576282679567345,0.3999937808649524,1412.7916666666672
Dereck Lively II,3.341831842925159,0.40569710346340243,3.7475289463885613,0.4544536141550567,288.20833333333337
Dejounte Murray,5.478378544086463,-1.7484102137162931,3.72996833037017,-0.2066813813788726,325.6249999999999
Stephon Castle,10.39384478894936,-6.671641610537713,3.7222031784116476,1.3960561438066577,3930.083333333335
Dean Wade,9.344730889865286,-5.635657024543352,3.7090738653219333,0.0433221577031748,2716.6250000000023
Taurean Prince,5.32459409051458,-1.6347792018373708,3.6898148886772093,0.1315130229832612,422.2916666666666
Derrick Jones Jr.,9.156572930784566,-5.472871694705645,3.683701236078922,-1.0388250563897676,1984.3333333333328
Dylan Cardwell,6.19173227081353,-2.5292023693994063,3.6625299014141235,0.2131074344930645,1538.791666666667
Javonte Green,11.180439098658331,-7.52517862491543,3.655260473742901,0.0626566011037609,2756.8750000000014
RJ Barrett,10.094154218246187,-6.462493020806646,3.6316611974395414,0.0890010438601844,2831.75
Tyrese Maxey,15.135597899165397,-11.508138977271079,3.627458921894318,-0.1461420563450258,5739.833333333332
John Collins,11.30470596007225,-7.730921600698636,3.5737843593736134,0.2636504680989004,3745.0416666666656
Jordan Goodwin,10.334710970726794,-6.765493296803361,3.5692176739234336,0.4777611970794163,3016.1250000000055
Payton Pritchard,12.507523506622062,-8.9764769643171,3.5310465423049617,0.0280354612855953,5029.958333333329
Tyler Kolek,9.344549779255182,-5.823462859114422,3.5210869201407595,-0.0312816565208458,1642.3333333333335
Devin Vassell,11.546141294485864,-8.035478346461586,3.5106629480242777,0.6913462546165989,3812.8333333333326
Herbert Jones,8.063815602328827,-4.556411637459059,3.507403964869768,1.073706346707883,3026.5416666666647
Collin Murray-Boyles,6.7722669801811355,-3.269538427547577,3.5027285526335583,-0.1120697709664437,2613.6249999999995
Jaylen Clark,10.071034385332222,-6.57971982948716,3.4913145558450625,0.0511947232764156,1806.7500000000005
Mark Williams,9.319944142740669,-5.837219660470316,3.4827244822703527,-0.2292309777839403,3304.416666666669
Quentin Grimes,13.122223484383507,-9.655272268310542,3.4669512160729656,0.3801419968435177,4108.708333333333
Sion James,10.921037123203444,-7.470994713042274,3.4500424101611697,-0.2510845865991352,3731.2083333333344
Ronald Holland II,10.808072870512667,-7.3669186540038645,3.441154216508803,-0.656462250525687,2895.1666666666665
Evan Mobley,10.203715930357554,-6.773246812420347,3.430469117937206,0.5483181219563495,3900.708333333335
Pelle Larsson,12.09038028914282,-8.663535722107431,3.4268445670353884,-0.2683655262178896,3310.208333333333
Cameron Johnson,11.78625149500156,-8.395265113011803,3.390986381989757,-0.1095971417881846,2891.7083333333326
Karlo Matković,9.451458649471162,-6.086864780572306,3.364593868898856,-0.1688705840581682,1793.7500000000011
Cade Cunningham,12.427698538663506,-9.070555856407235,3.3571426822562707,0.0303746922773479,4824.375000000001
Jamal Shead,12.117872074878482,-8.798680726395594,3.3191913484828888,0.5926488888139683,3429.2083333333326
Dylan Harper,10.396281461954858,-7.079746172507175,3.3165352894476836,0.9653046821222746,2855.7500000000027
Sam Merrill,9.315417116596777,-6.017208171196746,3.298208945400031,-1.2856640542959783,2514.79166666667
Josh Green,8.422907834960922,-5.1529716648027755,3.2699361701581466,-0.5715619471331543,1672.4583333333337
Isaiah Stevens,3.1412495847101725,0.10977969909082963,3.251029283801002,0.0692891661781163,106.95833333333334
Aaron Wiggins,10.137431367431272,-6.909580625970261,3.227850741461012,-0.4755722041658503,2879.333333333332
Gui Santos,9.136897315405617,-5.947521859814882,3.189375455590736,-0.8592584407434818,2173.958333333334
Josh Minott,7.704337626045055,-4.574614777110742,3.1297228489343123,0.2341618858459833,1446.125000000002
Kristaps Porziņģis,6.532722890320494,-3.4483461770187342,3.08437671330176,1.1317898807038178,1075.9166666666663
Aaron Gordon,5.579206446613133,-2.5032303719278413,3.075976074685292,0.1602311526006646,1658.7083333333323
Svi Mykhailiuk,10.863001005666527,-7.807856591316994,3.0551444143495337,0.7535558531167371,2807.4166666666656
AJ Green,9.845817407377787,-6.802143384343477,3.04367402303431,-0.3353966417357173,4261.958333333336
Pascal Siakam,14.436973705307178,-11.396176950548078,3.0407967547591,-0.4074683118654289,4497.041666666666
Jordan Walsh,9.300485749220114,-6.2711497598376145,3.029335989382499,-0.3681619017947775,2465.541666666667
Jaime Jaquez Jr.,14.323855654900399,-11.295816201199628,3.028039453700771,-0.1159802308511925,4220.4583333333385
Toumani Camara,12.213940793033322,-9.195615082703421,3.0183257103299006,0.75046497025081,5386.5833333333385
Mouhamed Gueye,9.656918867670674,-6.648740776893726,3.0081780907769478,-0.0979511027849785,2366.0833333333358
LaMelo Ball,11.584574461626753,-8.581128076247422,3.0034463853793305,-0.3531947921985793,3731.1666666666756
Robert Williams III,8.57267950125892,-5.573354018195745,2.999325483063175,-0.4628801512560109,1828.0833333333337
Kasparas Jakučionis,9.40569956692356,-6.442187485228743,2.9635120816948177,-0.1554203076029031,1562.4583333333328
Jarrett Allen,10.461130191493965,-7.501802675988876,2.9593275155050884,-0.9007002250570526,3511.0833333333353
Mikal Bridges,11.271150291487402,-8.317221239449754,2.9539290520376476,0.0997961080041105,5423.624999999995
Jakob Poeltl,7.591990052709135,-4.650821475341595,2.94116857736754,0.7803921975221181,1769.0416666666677
Harrison Barnes,10.604368929783849,-7.669513612954486,2.9348553168293634,-0.3439290477482985,4032.3750000000027
Jaden Hardy,10.404599197185894,-7.480176786676787,2.9244224105091066,-0.6596781806391601,1452.0416666666665
Brandon Williams,12.7436752599421,-9.824671044070561,2.9190042158715386,-0.461816660242115,3017.0416666666633
Dillon Brooks,10.793913868138613,-7.881135104674931,2.912778763463682,0.5439693872164795,3825.6250000000036
Moses Moody,10.927804469790157,-8.018872103834493,2.908932365955664,0.2660086839601802,3764.249999999995
James Harden,13.894208805785954,-10.998809705256956,2.895399100528998,0.329114146360914,4640.333333333332
Joan Beringer,7.09497915798415,-4.210598494426745,2.8843806635574047,0.0928073294398342,511.75
Patrick Baldwin Jr.,3.2568478785094013,-0.3933587863396818,2.8634890921697194,0.064330467593762,139.62499999999997
Quinten Post,9.859334279838775,-7.02208576909604,2.837248510742735,-0.2540162847654523,2618.083333333331
Naz Reid,12.39655140655701,-9.567463405086066,2.8290880014709447,-1.371542683291807,4050.0000000000023
Grant Williams,6.415432594617348,-3.599585637961587,2.8158469566557613,1.0251383295285954,1041.1666666666667
Wendell Carter Jr.,8.568707471963384,-5.766162184530371,2.802545287433013,0.4985439887900933,4281.0
Jaden McDaniels,9.04441753871258,-6.247786154253989,2.796631384458591,0.2475125144076192,4892.6666666666715
Ryan Kalkbrenner,9.691305426648785,-6.898337106871252,2.7929683197775335,-0.514957966266434,2900.125
Zaccharie Risacher,10.408411577786454,-7.618665083698385,2.789746494088069,0.3230475140576445,2961.083333333332
Tre Jones,12.886391397494908,-10.10778836841202,2.7786030290828876,1.0705762902033027,3051.5416666666683
Jock Landale,10.111328117704677,-7.3366632613038885,2.774664856400788,-0.2131366708883641,3184.7083333333294
Jake LaRavia,12.671290363784413,-9.89749044469753,2.7737999190868834,0.2817620352029675,4060.875
Devin Carter,7.305850396160986,-4.5336243199935184,2.7722260761674677,-0.2093930378339792,910.1666666666662
Adem Bona,7.4719600761783225,-4.708986833901623,2.7629732422766997,0.8130108350503494,2232.0416666666665
Isaiah Joe,12.193660433736007,-9.436830972086439,2.756829461649568,-0.5987323612294962,2969.2083333333335
Johnny Furphy,6.734657380296281,-3.9907090540244585,2.7439483262718225,-0.0521165590109653,1600.7083333333328
Vít Krejčí,12.379618951989487,-9.635793881519836,2.7438250704696507,0.0807882352894729,3312.416666666669
Mitchell Robinson,7.920004301834138,-5.177183584693477,2.7428207171406607,-0.2594113550758102,2216.75
Kris Dunn,9.446288901395128,-6.713383382231854,2.7329055191632747,0.114166449619725,4285.54166666667
Nique Clifford,12.041108941539667,-9.342943814059595,2.698165127480072,-0.438688554897286,3421.0833333333294
Noah Clowney,9.333991964061362,-6.637386516868257,2.6966054471931047,0.6758761669962583,3988.6249999999945
Aaron Holiday,9.458398886569032,-6.765358241177433,2.6930406453915996,-0.5100138880142597,1340.625
De'Aaron Fox,13.122115173584145,-10.44790206750223,2.6742131060819148,-0.314416658855749,4224.666666666672
Jarred Vanderbilt,10.608905056653859,-7.93742417250945,2.671480884144408,-0.490923004650878,2357.499999999998
Trey Murphy III,12.694592265207575,-10.027085520409365,2.66750674479821,0.250451039431086,4970.083333333328
Davion Mitchell,9.62488596508367,-6.959059570068773,2.6658263950148973,0.5167909360393874,3767.0416666666665
Will Richard,10.534038560746955,-7.86908786316871,2.664950697578245,-0.1517465735106213,2607.1666666666633
Anthony Davis,5.627820228795522,-2.9807433823797655,2.6470768464157564,-0.4835169496917158,1564.041666666666
Ryan Rollins,11.503910518124973,-8.859542658436192,2.6443678596887814,0.0195947879219516,4776.333333333333
Luka Garza,8.327555836025853,-5.687054772961922,2.6405010630639314,0.1978502157910854,2068.5
Josh Hart,10.308376444675602,-7.671485248402315,2.636891196273287,-1.7264799115546872,3906.4583333333317
Mac McClung,2.480329078383828,0.15349284801121688,2.633821926395045,-0.0842611343726792,118.375
Pete Nance,6.701085369361241,-4.074222382034219,2.626862987327022,0.4231659361580913,779.8749999999998
Mohamed Diawara,7.421423850786445,-4.799460189318124,2.621963661468321,0.1430933541534126,1052.0833333333333
Tristan da Silva,9.901755673189681,-7.293977310526235,2.6077783626634465,-0.6041599583127624,3283.41666666667
Nikola Jović,9.94296130739983,-7.35491856134999,2.5880427460498403,0.4726301055614809,1993.2916666666663
Kentavious Caldwell-Pope,9.954170239471008,-7.367164677424785,2.5870055620462225,0.8836836787008298,2721.4999999999986
Brook Lopez,8.3167700144801,-5.733054618287463,2.5837153961926376,-0.4071509906851679,2746.2499999999995
Kevin Love,7.819453243248553,-5.240710579432152,2.578742663816401,0.318318898124579,1398.875000000001
Ryan Dunn,9.106869943997275,-6.542686849265803,2.5641830947314714,0.4521380297109393,2783.0833333333353
Nikola Vučević,9.861387704312513,-7.29859284114105,2.5627948631714625,-0.2009179059150544,4331.541666666665
A.J. Lawson,3.3883557439385155,-0.8322484181566129,2.5561073257819027,0.3824937890062936,274.9166666666667
Wendell Moore Jr.,2.665852993230686,-0.11241943122688922,2.5534335620037965,-0.295937021633056,136.16666666666666
CJ McCollum,12.032493327908456,-9.493564937221828,2.5389283906866282,0.200093226074254,4327.4583333333285
Julian Strawther,8.70659332907592,-6.179236654673196,2.527356674402724,-0.4724193033918297,1616.583333333334
Yanic Konan Niederhäuser,7.479205296500732,-4.953158350485602,2.5260469460151302,0.1317217131897171,1059.25
Matisse Thybulle,3.850228845079582,-1.3362116077942223,2.5140172372853593,0.0319267524991724,366.5833333333333
John Konchar,8.770857344940271,-6.272875892858543,2.4979814520817287,-0.6733323868612056,1719.8333333333346
Jamison Battle,7.052615817604563,-4.560145941626452,2.492469875978111,-0.1366686963007841,963.5000000000001
Danny Wolf,9.090448893940058,-6.607915924276398,2.4825329696636604,0.0553287197101127,2417.2916666666674
Andre Jackson Jr.,5.365128533166042,-2.8867887605999405,2.478339772566102,0.3775953140143554,480.83333333333326
Collin Sexton,11.771046978414983,-9.303804257281467,2.467242721133516,-0.5434357585398075,3041.0833333333367
Alijah Martin,3.490227691584467,-1.0251923083473038,2.465035383237163,0.109281494066088,244.2083333333334
Draymond Green,10.12878775743801,-7.672151513197727,2.4566362442402827,-1.671372954396679,3422.4583333333267
Rui Hachimura,11.676770767869268,-9.224623274136984,2.4521474937322836,0.8937028382682687,3701.375
Liam McNeeley,6.154993403514157,-3.7271393858308026,2.4278540176833547,-0.0313175083025773,855.0833333333329
Seth Curry,2.3146446890488557,0.10786965856991228,2.422514347618768,-0.0276955110601144,80.24999999999999
Nicolas Batum,9.806092408519799,-7.390549677250755,2.415542731269044,-0.6152989333780929,2785.0416666666647
Jerami Grant,13.043952295326472,-10.634159639838652,2.40979265548782,-0.6461381637729963,3554.7083333333358
Thanasis Antetokounmpo,2.7882672430207713,-0.39683723541713145,2.39143000760364,-0.790188389551053,179.0416666666666
Norman Powell,11.36168453997342,-8.980139532959715,2.3815450070137043,-0.8189968903529906,3692.000000000001
Leonard Miller,8.211542987061435,-5.83344685941658,2.378096127644855,0.1741234992564877,518.3333333333335
Isaiah Crawford,2.2316597358537527,0.13829039825341335,2.369950134107166,-0.0172736940521805,119.5
Isaiah Stewart,9.755357835673363,-7.3974890101845325,2.357868825488831,-0.5330373174373034,2934.374999999995
Baylor Scheierman,8.692277098715946,-6.346635266465379,2.3456418322505677,-0.2071861296803483,2365.333333333332
Jaxson Hayes,7.998394118709837,-5.672148868532701,2.326245250177136,-0.5208314194429293,2342.6666666666665
Dalen Terry,7.451216736218115,-5.130830957396373,2.320385778821742,0.1126305790912077,1021.6250000000006
Collin Gillespie,10.877236839043444,-8.58436095374418,2.2928758852992637,-0.0802018949379965,4456.958333333336
Dru Smith,9.99497232191506,-7.706147090676563,2.288825231238498,0.0024112429247746,2557.8333333333335
Grayson Allen,10.758629526217318,-8.476744456812302,2.281885069405016,-0.4164657923004728,3088.041666666668
Marvin Bagley III,8.894549496577866,-6.629609738367262,2.2649397582106046,1.1127211570654023,2244.7499999999977
Jabari Smith Jr.,10.03067480329336,-7.770892009152483,2.259782794140877,-0.1089270861649459,5060.6250000000055
Clint Capela,6.417159971227267,-4.179484542820069,2.237675428407198,0.9510964056479776,1685.166666666668
Asa Newell,8.094573291398234,-5.857099018217086,2.2374742731811477,0.2218177284618264,1112.500000000001
Jaylin Williams,9.183948922184891,-6.950412597838378,2.233536324346513,-0.2577650497323292,2429.124999999995
Josh Giddey,10.83751064202774,-8.605647434218982,2.2318632078087575,0.2798454399350589,3200.624999999999
Grant Nelson,1.4122446389454337,0.7989753231336036,2.2112199620790376,-0.0248130669844481,87.5
Chris Mañon,1.3125911221144946,0.8888151293312798,2.2014062514457744,0.0068214026553799,62.708333333333336
Peyton Watson,8.540312395089753,-6.339344449815622,2.2009679452741313,-0.0572120343595356,3754.7083333333344
Brandon Miller,8.920121621151443,-6.719420088702171,2.200701532449272,0.6817456668494719,3517.6666666666715
Tolu Smith,2.574838549913584,-0.375363459539911,2.199475090373673,0.0939463287415807,230.58333333333326
Steven Adams,5.7772331781643915,-3.577862891454991,2.1993702867094007,0.6692543650222079,1814.208333333333
Quenton Jackson,8.667455186089414,-6.480040261070952,2.1874149250184622,-0.0287967691113318,1416.5416666666663
Russell Westbrook,11.82860970045752,-9.654013529710987,2.1745961707465327,-0.2709962841609784,4244.166666666665
Jamal Cain,4.344894956317997,-2.179019952442311,2.165875003875686,0.0859350862751973,353.66666666666663
Jose Alvarado,9.229535257443185,-7.077382483243049,2.152152774200136,0.9577750736775584,2790.5416666666683
Naji Marshall,14.217588458208981,-12.08771900112469,2.1298694570842915,-0.5507370990847765,4436.625000000011
Jonathan Isaac,6.980495259603769,-4.853137964667347,2.127357294936422,0.4447005965272194,1290.6250000000002
Kelly Oubre Jr.,9.069736156787618,-6.943217903703446,2.126518253084172,0.2765475192667577,3105.2916666666656
Caleb Martin,9.000520474540023,-6.875165572366586,2.125354902173437,-0.9035405927465484,2021.7083333333337
Matas Buzelis,11.777187499893948,-9.65335113592653,2.1238363639674187,-0.1581471260796831,4406.499999999995
Marcus Sasser,5.313712083300325,-3.1952217629732176,2.118490320327107,1.1473146527890847,469.6249999999999
Ethan Thompson,5.3223054045642195,-3.205177703834814,2.1171277007294056,-0.0884407872485806,949.4999999999999
Nickeil Alexander-Walker,13.21545759617818,-11.099734780204754,2.1157228159734256,0.3107498691104483,4961.000000000001
GG Jackson,11.022729458664516,-8.9173097046324,2.1054197540321162,-1.2777428423999122,2055.833333333334
Vince Williams Jr.,8.31273736702691,-6.207973855637864,2.104763511389047,0.3183617471443774,2048.458333333334
Jalen Brunson,14.243238837686391,-12.146344867735902,2.0968939699504894,0.350127716540852,5114.124999999995
Cooper Flagg,11.525649577957473,-9.433899667985898,2.0917499099715755,-0.075064879585652,4313.458333333337
Johnny Juzang,5.362931451188868,-3.2762075365325978,2.0867239146562704,0.0735474329598068,219.20833333333334
De'Andre Hunter,10.7023190008545,-8.65286221927792,2.0494567815765805,-0.3084827984690766,2938.666666666669
Tyrese Proctor,7.596567407704783,-5.550493806724718,2.0460736009800655,-0.1400766991472397,1089.2916666666667
Garrison Mathews,4.880616717156516,-2.8515953139889136,2.0290214031676026,-0.489335754692885,490.2500000000001
Keegan Murray,7.0808568063762305,-5.053472124139258,2.0273846822369723,-0.5942028675465957,1992.2916666666663
Ivica Zubac,8.675854449621934,-6.649889999538056,2.025964450083878,0.1068295594325838,3321.0416666666674
D'Angelo Russell,7.088217158712018,-5.063170638819812,2.0250465198922063,-0.0472408299944956,1237.0416666666665
Alperen Sengun,9.677122836572245,-7.652312559708852,2.024810276863393,-0.1910946988910395,4629.166666666669
Cam Spencer,11.087821050519059,-9.072215431208264,2.0156056193107954,-0.4107754701530134,3545.3749999999986
Luke Kornet,8.133857670961003,-6.119030244762311,2.014827426198692,0.8188881290341316,2843.958333333335
Coby White,10.733633913228433,-8.720029985808498,2.0136039274199344,-0.514517100596973,2333.8333333333358
Brandon Clarke,1.4942366731008068,0.5071069741569478,2.0013436472577544,-0.1334588411555947,51.08333333333332
Egor Dëmin,8.397656686086625,-6.424616678480521,1.9730400076061043,0.2604509964121866,3281.2500000000005
Miles Bridges,10.19118056322844,-8.21939044021704,1.9717901230113988,1.3355250434094954,4687.458333333332
Jaden Ivey,8.251519457164202,-6.29024026829161,1.9612791888725916,0.517735746941384,1675.583333333334
Julius Randle,13.452527239273682,-11.511119946269318,1.9414072930043638,-0.3513241021607853,5266.33333333334
Simone Fontecchio,9.838433920929239,-7.9015675319530665,1.9368663889761724,0.0449465175036032,2437.3749999999986
Andre Drummond,7.3341751725293225,-5.419805471958824,1.9143697005704983,-0.2416473280833185,2295.6250000000027
Dominick Barlow,7.986312390659115,-6.07876975103459,1.9075426396245243,0.3614931274726409,3072.9583333333308
Keshad Johnson,5.161888608067675,-3.260380013967998,1.9015085940996768,-0.3097789024601974,418.16666666666674
Jordan Clarkson,10.057044413528699,-8.163091888138919,1.8939525253897802,0.3000077837347563,2444.2500000000027
Moussa Cisse,5.60370039145707,-3.713934294479131,1.8897660969779393,0.2941006822393431,1063.25
Kyle Lowry,3.3323711621092396,-1.443938906447562,1.8884322556616775,0.1100599514140155,179.45833333333337
Jaren Jackson Jr.,9.507653593103266,-7.620782541173144,1.8868710519301217,0.39218515825844,3651.2083333333303
Nae'Qwan Tomlin,8.971592583459282,-7.0884586321543575,1.8831339513049246,-0.0168400415582396,2009.166666666666
Christian Koloko,3.5555342975066417,-1.6894754737924793,1.8660588237141624,-0.211372947767524,768.6666666666666
Charles Bassey,1.9597665886910456,-0.1024079541929252,1.8573586344981203,-0.1936791956905514,87.87499999999999
Sidy Cissoko,9.485031877168437,-7.640409433333339,1.8446224438350978,0.248319936681498,3098.1666666666674
Jabari Walker,8.79463127101267,-6.9663717596697765,1.8282595113428943,1.0543772516346566,1608.291666666666
Jay Huff,8.675301471379711,-6.848277028274412,1.8270244431052998,-0.1015832352822055,3258.291666666666
DeAndre Jordan,2.9099992907622934,-1.0902309169647164,1.819768373797577,-0.0630221240900358,325.8333333333334
Alex Sarr,7.961167909977995,-6.171340117405302,1.7898277925726926,-0.2062442601847179,2890.6666666666656
Zion Williamson,12.210219950345168,-10.424489150154827,1.7857308001903416,-0.6687111877666619,3554.5416666666647
Goga Bitadze,7.412908776579325,-5.630051181395734,1.7828575951835912,0.2350948089061101,1798.7500000000014
Adou Thiero,3.7375171998001475,-1.9568039078937414,1.7807132919064061,0.0888282535655569,255.41666666666666
Skal Labissiere,2.035687340041325,-0.2708937866177832,1.764793553423542,0.0969466948621418,93.875
Day'Ron Sharpe,9.403613844556608,-7.649785967620655,1.7538278769359525,1.0770407492564855,2776.083333333335
Kevin Huerter,9.932554330274638,-8.192288481997423,1.7402658482772146,-1.4048602526518732,2772.458333333328
Elijah Harkless,5.033214591491159,-3.3144369748741553,1.718777616617004,0.1924311981989726,487.2083333333334
Jusuf Nurkić,6.385110134369869,-4.669149516629581,1.7159606177402882,0.2050987378162208,2707.5833333333335
Mason Plumlee,4.0106835740463405,-2.307992862544844,1.7026907115014964,0.1541339816624222,311.29166666666674
Carter Bryant,8.83329463302013,-7.1376205534495,1.6956740795706295,0.0009929068401393,1290.5
Xavier Tillman,3.379169258835908,-1.6938605580455564,1.6853087007903516,0.7292630042920145,324.20833333333337
Jamaree Bouyea,5.724576280304159,-4.069533167137141,1.655043113167018,0.791057895638199,1280.0416666666654
Tyrese Martin,7.613808710815377,-5.959172032683855,1.6546366781315216,0.576127566816494,1861.416666666667
Killian Hayes,2.945115209361775,-1.2930166289617193,1.6520985804000556,0.1550599134802425,181.70833333333331
Jaylen Wells,12.12325087254945,-10.472539122079224,1.6507117504702258,0.3395414084522438,4002.708333333331
P.J. Washington,9.560669401187543,-7.9103015508904075,1.650367850297135,0.1316786242979429,3474.7083333333358
Jaylen Brown,12.731344363063815,-11.094660115782467,1.636684247281348,0.6495404982525853,4787.624999999995
Kel'el Ware,11.172246880696754,-9.549260392324912,1.6229864883718417,-0.2350033869864742,3350.3333333333344
Eric Gordon,2.596644466013012,-0.9741842665294888,1.6224601994835233,0.3732305986051893,184.37500000000003
Spencer Jones,8.255023061950366,-6.6420837245255,1.6129393374248657,0.0958471762674436,2958.5833333333335
Aaron Nesmith,8.982921757146586,-7.3848285676396745,1.598093189506912,-0.9444992641970624,2565.916666666666
MarJon Beauchamp,2.1682940286869345,-0.5764368169364424,1.591857211750492,-0.5261974757593388,90.45833333333333
Noah Penda,8.167623180266606,-6.591027522651065,1.5765956576155409,0.0661714559588973,1422.5833333333328
Precious Achiuwa,8.787338164734164,-7.216430028653012,1.5709081360811519,-0.2529330413715966,3067.166666666664
Kris Murray,8.61281500833082,-7.047604687829721,1.565210320501099,0.0815471706939548,2456.7083333333353
Chris Boucher,2.350784663597792,-0.7975218165119784,1.5532628470858134,-0.1869695938640166,235.41666666666663
Gabe Vincent,7.624730539313436,-6.097714743460856,1.5270157958525798,0.5432927900817308,1607.0833333333344
VJ Edgecombe,10.860136305506341,-9.337962644297745,1.5221736612085959,-0.276673929443805,5006.833333333334
Bennedict Mathurin,8.308204897898971,-6.792762475134174,1.5154424227647967,-0.8112808274862374,2925.7916666666642
Daniel Gafford,6.13921901041509,-4.636828329406523,1.502390681008567,0.9318843532488336,2401.7916666666665
Jordan Miller,9.496679494744873,-8.009735476583863,1.4869440181610099,0.5107699081751228,2116.708333333333
Oscar Tshiebwe,2.2372612104875778,-0.7602992199906993,1.4769619904968785,0.1955383549992482,214.58333333333326
Enrique Freeman,0.5248184211248187,0.9472382181364121,1.4720566392612309,-0.322004912998452,19.958333333333332
Drew Eubanks,6.134158165597608,-4.667122605781399,1.4670355598162086,0.0429975922798848,1267.374999999999
Ron Harper Jr.,4.202287865545807,-2.743544776803946,1.4587430887418606,0.3075646335361179,481.9166666666666
Obi Toppin,3.4837014565177755,-2.0295082086205576,1.454193247897218,-0.1505058515507756,303.6250000000001
Luke Travers,3.057657763308165,-1.6083835509756552,1.4492742123325097,-0.0491078948414611,257.75
Buddy Hield,9.115452619749025,-7.6740797666605,1.4413728530885246,-1.1584690383278609,1931.7083333333333
Patrick Williams,10.220870778979274,-8.781238448843641,1.4396323301356322,-0.5452828663672347,2686.375000000004
Darius Garland,9.256160339055814,-7.828015384495268,1.4281449545605458,-0.9506215197038342,2096.2083333333326
Malaki Branham,4.405316877794049,-2.977339994290172,1.4279768835038769,0.0628463643101104,688.7083333333338
Luguentz Dort,9.203482254196716,-7.781930419716792,1.4215518344799243,-0.2214580152790028,3706.5000000000073
Dalano Banton,1.6621449215792334,-0.24743020822892361,1.4147147133503097,0.4137525689574986,62.87499999999999
Keon Ellis,8.620859615187856,-7.207346816367066,1.4135127988207898,-0.2742356461213117,2533.4166666666674
Emanuel Miller,1.6052136230438243,-0.21740758137613533,1.387806041667689,-0.0417018995762276,82.625
Myles Turner,8.625831880459002,-7.246277443812967,1.3795544366460346,-0.7293363436728298,3953.3749999999995
Jonas Valančiūnas,4.972182120924079,-3.6009231087783378,1.371259012145741,-0.2685360264876423,1805.583333333333
Colby Jones,1.5142421412521012,-0.16038850404446536,1.353853637207636,-0.0491480324642632,17.041666666666664
Leaky Black,3.3345076165020577,-1.9931849741252319,1.3413226423768259,0.0269113741603441,250.7083333333334
Javon Small,9.309395105640066,-7.971741843568932,1.337653262071134,-0.2196875103001969,1205.3333333333342
N'Faly Dante,0.5821521435549639,0.753185450705737,1.3353375942607009,-0.1253977666074928,38.54166666666667
Brandin Podziemski,11.334660218075026,-9.999848390095838,1.3348118279791876,0.6270558535156873,4277.666666666666
Deandre Ayton,7.955559302268354,-6.62208048331102,1.3334788189573343,0.0129086314828328,3689.3749999999995
Saddiq Bey,12.919711923590544,-11.60576995426326,1.3139419693272831,0.5096433498184376,4463.666666666668
Cam Whitmore,5.781529453524062,-4.472054419677707,1.309475033846355,0.6896638670005232,875.6666666666666
Isaiah Jackson,7.392875874061348,-6.083621881016547,1.309253993044801,0.8189427725658689,1710.1250000000007
AJ Johnson,6.232029131131127,-4.927626843218968,1.3044022879121595,0.6244490608868305,796.875
LeBron James,9.922507606939122,-8.621262367223602,1.30124523971552,0.0793083713469034,3640.9583333333294
Pat Spencer,8.968374604530212,-7.670607842708864,1.2977667618213475,-0.2138757429664484,1934.208333333335
Deni Avdija,11.175498057158993,-9.88302696782933,1.2924710893296627,0.7778528222073486,4024.2083333333317
Micah Potter,8.502401788985644,-7.213538326412039,1.2888634625736044,0.1650858682506922,1474.7916666666674
Julian Phillips,6.660353205218794,-5.391938537916409,1.2684146673023848,0.6656253687833151,872.0416666666661
Yuki Kawamura,3.2299096288453817,-1.9647217215239585,1.2651879073214232,0.2885792510556041,217.37500000000006
Lawson Lovering,1.7512263852710546,-0.4900571472398266,1.261169238031228,-0.035178882864934,123.16666666666666
Buddy Boeheim,1.643503029223241,-0.39104442789084864,1.2524586013323924,0.0850821866182505,37.50000000000001
Malik Monk,11.386449345316612,-10.148971687485924,1.2374776578306879,0.4519729554322301,2788.7500000000014
Antonio Reeves,2.1599081331185563,-0.941575319872197,1.2183328132463593,-0.2502425509473596,165.12500000000003
Dorian Finney-Smith,4.522711580587002,-3.31691481264762,1.2057967679393817,0.1348261469280391,1142.041666666666
Scotty Pippen Jr.,4.439567768575403,-3.270975296412983,1.1685924721624197,0.0124586750745072,471.12500000000034
Onyeka Okongwu,9.329204821427592,-8.168236750653497,1.1609680707740946,-0.5680712825086164,4481.916666666659
Moritz Wagner,5.62044776372145,-4.4712954141817,1.14915234953975,0.1914589478382863,657.541666666667
Al Horford,8.125908479763343,-6.980489434377422,1.1454190453859203,0.3059886249216243,2162.5416666666674
Maxi Kleber,6.2395661470898425,-5.1119655373469275,1.127600609742915,0.0329021740366965,928.1250000000006
Stanley Umude,0.5204113632685475,0.6034308709333097,1.1238422342018572,0.031730428297397,16.416666666666668
Drew Timme,5.26148561955256,-4.146211928301392,1.1152736912511676,-0.160203767712512,431.49999999999994
Jalen Green,4.13340826094239,-3.0282715175515342,1.1051367433908554,-1.0269259962844328,840.125
Ariel Hukporti,6.118493298406215,-5.016676144590642,1.1018171538155732,-0.3695250141202809,1010.375
Malevy Leons,1.9354969049429014,-0.8414236722926012,1.0940732326503002,-0.034917949301945,162.83333333333331
Cody Williams,8.795249235888722,-7.7051655513706745,1.0900836845180475,0.4068362879562188,2496.9166666666706
Mark Sears,1.8916247470270657,-0.8079715164827169,1.083653230544349,-0.0342268082829091,65.20833333333334
Trae Young,7.4726554628867214,-6.401782317111612,1.070873145775109,0.3002594511068515,747.8750000000003
TyTy Washington Jr.,1.5690721960228275,-0.49930267961838215,1.0697695164044454,0.0261271538301809,126.16666666666667
Terance Mann,9.101025128138968,-8.041584046496906,1.0594410816420616,0.0563135055193385,3322.374999999999
Keyonte George,13.781626678721462,-12.722430608715088,1.059196070006374,-0.2941976232068122,4281.249999999999
Trayce Jackson-Davis,5.416963451490802,-4.35859262383958,1.0583708276512223,0.1407551918101689,1115.0416666666667
Bobi Klintman,2.4776371932596963,-1.422934321847572,1.0547028714121243,0.0638595253256744,160.87500000000003
Cole Anthony,7.7277517022613145,-6.7047764993417065,1.022975202919608,-0.7833853659300741,1302.4583333333337
Tidjane Salaün,7.364969332508425,-6.344509446844172,1.0204598856642528,-0.1998966027869193,1439.416666666667
Drew Peterson,1.3204472932658167,-0.3010020129734849,1.0194452802923317,-0.0417188361435752,160.66666666666669
Cody Martin,1.216599556210948,-0.1979553121392471,1.0186442440717007,0.5505597463957083,137.95833333333334
Tim Hardaway Jr.,11.666897919732907,-10.651686065240192,1.0152118544927156,0.516852217912925,4332.000000000002
Derik Queen,10.132623812692735,-9.130235215615768,1.0023885970769673,0.5615469759632801,4052.6666666666642
Chris Livingston,1.144401899478065,-0.15928732811763185,0.985114571360433,-0.2170714393225306,43.583333333333336
Harrison Ingram,2.1079444848614015,-1.127242938462727,0.9807015463986746,-0.0655573491873635,43.33333333333333
Jacob Toppin,0.5393426693786304,0.43224822651786554,0.9715908958964959,-0.232160386396234,42.16666666666667
Hunter Sallis,2.2152768469279005,-1.2549299595494368,0.9603468873784637,0.01494594151786,64.16666666666666
Tobias Harris,9.21495387264132,-8.25841495195311,0.9565389206882102,0.0944797906807332,3170.0
Jamir Watkins,7.34304878652395,-6.390065791500042,0.9529829950239082,0.0537860841712285,1490.5416666666665
Jett Howard,8.589668027897748,-7.638567457846796,0.9511005700509516,-0.1574838390412546,1121.8750000000002
Andrew Wiggins,11.053857561638194,-10.108630251760033,0.9452273098781614,-1.0082435822610498,4407.000000000004
Kobe Sanders,9.75734502259787,-8.815347329732658,0.9419976928652112,0.1600133267390263,2727.1666666666692
Justin Champagnie,10.795613625743405,-9.859017884134179,0.9365957416092261,-0.2215811150148873,2714.625
Ayo Dosunmu,11.55080875004414,-10.625230041304478,0.9255787087396623,0.3097048277306641,3625.7916666666674
Brandon Ingram,10.2787986741606,-9.356259281913989,0.9225393922466107,0.6118960583937839,5099.083333333334
Tyler Herro,6.665235741373136,-5.7547482808199755,0.9104874605531608,1.3718674164856348,1455.2916666666667
Micah Peavy,7.599429833362293,-6.690281954922489,0.9091478784398035,-0.4214538262932319,1746.4166666666674
Noa Essengue,0.08726698934041198,0.8059503833122955,0.8932173726527075,-0.0049218363863346,15.083333333333332
E.J. Liddell,1.9466688910658347,-1.0701524449800965,0.8765164460857382,0.0873146293318832,121.66666666666667
Ziaire Williams,8.85397544926052,-7.980088747056797,0.8738867022037233,0.119565701287477,2521.500000000001
David Roddy,0.22165739475943463,0.6493899677812138,0.8710473625406485,-0.2918170421273794,15.958333333333334
Tristan Enaruna,1.112605330043809,-0.24350287776415602,0.869102452279653,-0.005993393452035,58.62500000000001
Ben Saraf,6.635108043561819,-5.782420351252293,0.8526876923095257,0.2647955377488463,1121.2083333333326
Mike Conley,5.453556269762498,-4.603434399418955,0.8501218703435436,-0.0958129020298744,2077.666666666667
Daniss Jenkins,8.012534677125332,-7.164543082064377,0.8479915950609556,-0.1546347454004447,2180.2500000000014
Larry Nance Jr.,5.288234630940358,-4.446037725832323,0.8421969051080351,0.039088790167832,855.0416666666667
Tony Bradley,5.994357724912148,-5.1526175289686496,0.8417401959434985,0.3336201451043233,1046.1666666666665
Chaz Lanier,4.408436468765492,-3.5690642610951335,0.8393722076703587,0.0030733064834378,428.5833333333334
Ousmane Dieng,7.411001298674858,-6.573543480292,0.837457818382858,-0.3297642473628354,1307.3333333333342
Lindy Waters III,5.104751080102916,-4.2802626406528645,0.8244884394500511,-0.3184481279777745,541.5000000000002
Norchad Omier,1.2671035776435629,-0.45231173891718635,0.8147918387263765,-0.0197538601244496,20.416666666666664
Walter Clayton Jr.,10.59563538305643,-9.78133416801788,0.8143012150385509,0.0670431939871788,2611.6666666666647
Brice Sensabaugh,13.417039482855534,-12.643022673442918,0.7740168094126165,0.0737306404697047,3326.208333333328
Bilal Coulibaly,8.636447913738145,-7.86816530399756,0.7682826097405853,-0.6392356108141146,2750.1250000000027
Jase Richardson,7.607761784970841,-6.850372052394523,0.7573897325763186,0.16087841827493,1266.4583333333344
Jeremy Sochan,5.961938617633247,-5.206888276361009,0.7550503412722378,-0.226969062756279,1020.2083333333333
Kyle Kuzma,10.650531098856142,-9.89714130139709,0.753389797459052,1.2009779656280493,3756.6666666666697
Khaman Maluach,4.342326794114558,-3.610689024409613,0.7316377697049452,0.1264049567463638,422.6666666666665
Jalen Pickett,6.987432065535256,-6.264762148065289,0.7226699174699673,-0.0129093740535096,1806.2083333333337
PJ Hall,3.7612519885463245,-3.0473709582606365,0.713881030285688,-0.218698923055556,533.4583333333335
RayJ Dennis,3.996462174014238,-3.28715498652957,0.7093071874846677,-0.1731312698459543,441.7500000000001
Branden Carlson,5.5087394745271805,-4.811381127278897,0.6973583472482838,0.2602920174790713,941.1250000000001
Trey Alexander,1.1810812047501327,-0.4844485950892197,0.696632609660913,-0.1591179967357895,104.08333333333334
Mo Bamba,1.1985697259050665,-0.5077772079251762,0.6907925179798903,-0.4937724259888189,109.5
Keshon Gilbert,1.1245115595972706,-0.4439945237922162,0.6805170358050543,0.3205440219067196,120.625
Jamal Murray,12.645045221554469,-11.969809637270071,0.6752355842843976,-0.0342184566357055,5132.1250000000055
Jae'Sean Tate,5.540905584275208,-4.8669396528855176,0.6739659313896906,1.033332518975645,716.2916666666667
Isaac Jones,1.0067997854681625,-0.3406865696497027,0.6661132158184598,0.0820918682832732,45.58333333333333
Kevon Looney,3.1367201524524853,-2.4746744227904305,0.6620457296620548,-0.7805353694230074,626.4166666666666
Gary Harris,6.125319078739841,-5.470324154273146,0.6549949244666946,-0.6535266424010161,1448.0000000000011
Khris Middleton,10.128157016064803,-9.492796214690806,0.6353608013739969,-0.2398981549759019,2772.625
Sam Hauser,9.30192854954901,-8.685344890653427,0.616583658895582,-0.1044805995303449,3679.2083333333335
Zeke Nnaji,5.654088874354434,-5.048198471536524,0.6058904028179102,-0.0601866379880902,1401.1666666666654
Jalen Johnson,11.378007942256094,-10.786909000077415,0.5910989421786788,-0.5546125765459538,4920.666666666664
Corey Kispert,9.04052293110629,-8.459898923904802,0.5806240072014877,0.6491319756120354,2126.000000000001
Miles Kelly,3.678281934520838,-3.1004771448317014,0.5778047896891367,0.0146287042659908,330.6666666666667
Guerschon Yabusele,8.248632605321811,-7.6752719157187235,0.5733606896030876,-0.1897306434545455,1703.7499999999998
Orlando Robinson,1.1438884551192119,-0.5804943027477871,0.5633941523714248,0.0317248449096303,62.04166666666666
Julian Reese,2.231009813153285,-1.671221811997611,0.559788001155674,0.1487205999086746,246.75000000000006
Bradley Beal,2.4377527826704863,-1.8871126635698414,0.5506401191006449,-2.6633439019062157,302.2916666666667
LJ Cryer,0.4013059806013167,0.12865256181813775,0.5299585424194545,-0.0140892275671509,70.45833333333331
Vladislav Goldin,0.04256587780690092,0.4825992486766221,0.525165126483523,0.0176520030427505,20.666666666666664
Maxime Raynaud,9.739861543294468,-9.217301243105325,0.5225603001891432,-0.0115860895214124,3447.833333333331
Nikola Topić,1.2362738554410952,-0.7176656277770505,0.5186082276640448,-0.3941297491357554,131.45833333333331
Blake Hinson,2.7407479123193577,-2.2235704675370815,0.5171774447822761,-0.1709769314510815,289.58333333333337
Zach LaVine,9.805012542391246,-9.313045404243239,0.4919671381480075,0.7621307197873162,3066.9166666666624
Tristan Vukcevic,7.468717659528365,-7.010921018346485,0.4577966411818801,0.5772001225146204,1211.2083333333333
Kyle Anderson,5.907332204139251,-5.4523322139825545,0.4549999901566961,-0.3020159694235907,1293.708333333333
Kyle Filipowski,9.98148386895328,-9.540021605455474,0.44146226349780626,0.4505383633618067,3501.083333333334
Dario Šarić,0.8321138054147043,-0.40425255684198075,0.4278612485727235,0.6031496469517411,103.12500000000001
Ben Sheppard,10.302474590822923,-9.912576368453342,0.38989822236958105,0.5179989510324369,2841.958333333332
Garrett Temple,1.061587296699845,-0.67543366925116,0.386153627448685,0.7182144998032818,95.49999999999997
Taylor Hendricks,8.270333294800343,-7.887118943759584,0.38321435104075885,0.2163773188622877,1873.1666666666672
Anthony Gill,8.05513426428316,-7.673000630209865,0.3821336340732948,0.3949477956244611,1074.0833333333337
Anfernee Simons,9.798533016860874,-9.419223641981635,0.37930937487923977,-0.0804896585210779,3439.2083333333344
Daeqwon Plowden,6.989322631751339,-6.61262326711484,0.3766993646364991,-0.4594592916166194,818.0416666666666
Shaedon Sharpe,10.349409547556633,-9.972724967528903,0.37668458002772987,-0.4319455233801544,3597.583333333331
Curtis Jones,0.8522403106858683,-0.4789306489249332,0.37330966176093505,0.0801651694229107,77.04166666666669
Reed Sheppard,9.739138984063976,-9.389092819345162,0.35004616471881356,0.3575850019288941,3981.5416666666706
Chris Youngblood,4.65023133000401,-4.3344420149407386,0.3157893150632711,-0.2387305367763456,435.4583333333334
Tre Johnson,10.724145724583629,-10.408766746537815,0.31537897804581405,0.0483479168086839,2972.7083333333326
Klay Thompson,11.25904352552913,-10.968240743334514,0.29080278219461597,0.1347732125543973,3068.1249999999977
Jahmai Mashack,5.197356369279672,-4.916170718340652,0.2811856509390198,0.0075756357879883,713.5416666666667
Hunter Tyson,3.1458412475786575,-2.878994675057206,0.2668465725214513,-0.1057645213874328,404.75
Cam Christie,5.6029164749838785,-5.337670380571701,0.26524609441217706,0.366486045243646,998.3750000000007
Caleb Houstan,1.1779066858862424,-0.9194762659947386,0.2584304198915037,0.2339481374592115,134.375
JD Davison,4.182511114524909,-3.925030394249103,0.25748072027580626,-0.2976192354882527,458.83333333333326
Doug McDermott,3.0183408019626015,-2.7699906705177053,0.24835013144489615,-0.1165567501557075,295.58333333333326
Dennis Schröder,9.425498927890594,-9.188716083698983,0.23678284419161066,-0.408364004061245,3367.875000000002
James Wiseman,1.3160513621262988,-1.0839462804952542,0.2321050816310446,0.419008455905866,152.20833333333337
Lachlan Olbrich,3.150137910662147,-2.9180897557068506,0.2320481549552964,-0.142496555149944,362.41666666666646
Ryan Nembhard,5.845570130418425,-5.613715765669591,0.23185436474883403,-0.0812315893134725,1937.0416666666633
Chris Paul,3.224595426234778,-2.9967933884328035,0.2278020378019745,0.1832431630608047,568.8333333333334
Jared McCain,10.441620319078172,-10.220433704968311,0.22118661410986107,0.1679570119517622,2138.5000000000005
DaRon Holmes II,2.6374181416355547,-2.456243743107572,0.18117439852798256,-0.178816933123127,486.1666666666667
Jahmyl Telfort,0.9744453605441613,-0.7942831390000521,0.1801622215441092,0.0598948228222308,80.08333333333333
Jeremiah Fears,10.772052513376805,-10.5928692508332,0.17918326254360473,0.7669985307366929,4124.083333333328
Cam Thomas,8.380957522788849,-8.206607826570915,0.17434969621793428,1.048755430464699,1964.000000000003
T.J. McConnell,8.009634157649153,-7.851064734021191,0.15856942362796111,-0.506726669915255,1951.1249999999998
Chucky Hepburn,0.2936800430528068,-0.15200985329218653,0.1416701897606203,-0.0607661762530362,33.083333333333336
Joe Ingles,4.060211510421937,-3.9239166029497765,0.1362949074721609,1.2022429922990674,199.25
Bogdan Bogdanović,4.48259701764086,-4.347512918795401,0.1350840988454589,1.0383713703225677,973.1249999999997
Duncan Robinson,10.20171384565251,-10.06871812180777,0.1329957238447399,-1.0486880943394352,4135.583333333326
Nick Richards,6.198424830211034,-6.071064380709358,0.12736044950167624,-0.2924431582029407,1255.375000000001
Isaiah Livers,4.744923317122986,-4.623060387234609,0.12186292988837621,0.77324942151989,826.4583333333327
Pat Connaughton,2.481409039851813,-2.359972953009827,0.12143608684198615,-0.0903372634075201,581.5833333333333
Lonzo Ball,9.15412399253777,-9.035056746526328,0.1190672460114417,0.4688530018954628,1832.3333333333323
Koby Brea,1.3638336240091655,-1.245171641942022,0.11866198206714351,0.1140360883782557,57.625
Sharife Cooper,6.667347114445179,-6.550429965234494,0.11691714921068463,-0.0293336520172839,834.6666666666671
Santi Aldama,10.443721462655231,-10.337759608561743,0.10596185409348813,0.0407951955819582,2986.791666666666
Olivier-Maxence Prosper,7.919770239311321,-7.819499629670632,0.10027060964068912,-0.9974937141879486,1503.4166666666672
Javonte Cooke,1.8320823975514562,-1.7318839530608143,0.10019844449064186,0.1277901727113323,234.2083333333333
Amir Coffey,6.3429341678299505,-6.243742268971666,0.09919189885828406,-0.4508096275126842,1024.416666666667
Isaac Okoro,9.408435939654519,-9.349256187130319,0.059179752524199714,0.6897878489982379,3639.833333333335
Kevin McCullar Jr.,3.1567709642858848,-3.112007396793584,0.044763567492300815,-0.0417944094276214,314.4583333333333
Cameron Payne,1.7659556718092764,-1.7218492859716867,0.044106385837589634,-0.8392532737084092,268.7083333333333
Kyshawn George,8.55768572428039,-8.518201483186179,0.039484241094211114,-0.0029613127679369,3468.125000000001
John Tonje,0.6842393176973735,-0.6460897336235564,0.03814958407381708,0.0117313807268909,27.416666666666668
Nic Claxton,9.437400492524747,-9.415152501363995,0.022247991160751823,0.4749951887114756,4101.166666666661
Trey Jemison III,1.8484704253618949,-1.8352414825318872,0.01322894283000764,-0.0070515362692981,152.45833333333334
Jericho Sims,6.89944044378163,-6.894186067221525,0.005254376560105634,1.4152056346589488,2004.1666666666677
Kobe Bufkin,2.505412205950261,-2.505910529135818,-0.0004983231855568704,-0.0848281572127514,220.45833333333337
Pacôme Dadiet,2.117597670323135,-2.135633366143874,-0.018035695820738606,0.149268724314832,193.33333333333334
Nolan Traore,6.671027390054123,-6.7257595532319945,-0.05473216317787166,0.0108718808850025,2241.333333333332
Rocco Zikarsky,0.12335094482319613,-0.18464927223081898,-0.06129832740762285,-0.0137232421910354,9.708333333333334
Tyson Etienne,0.6210657662977918,-0.7133414857691885,-0.09227571947139679,0.160130135512032,86.0
Johni Broome,1.3145933592935577,-1.4080945533602751,-0.09350119406671742,-0.0285411596451076,136.87500000000003
Haywood Highsmith,-0.003439604309479145,-0.0963224513187413,-0.09976205562822045,0.5336441630294492,0.08333333333333333
Jeff Green,3.5525742193402112,-3.6561695591974046,-0.10359533985719338,-0.6419199562582233,275.625
John Poulakidas,0.1251885059262841,-0.2416811841963692,-0.11649267827008508,0.0226731214126974,36.166666666666664
Scoot Henderson,4.670725774845822,-4.799806347248939,-0.129080572403117,-0.0827399143967841,686.0833333333331
Max Shulga,0.013835276762697572,-0.14685813089919428,-0.1330228541364967,0.0100006517791826,8.875
Keaton Wallace,5.4554865986179095,-5.590637241224031,-0.13515064260612153,-0.4565956267384547,1195.875
Caris LeVert,8.339175732973793,-8.480835129201036,-0.14165939622724366,-0.1099310027486164,2131.7083333333326
Jonathan Mogbo,2.602747355462326,-2.754246910564014,-0.151499555101688,-0.422482817732341,369.3333333333334
Rasheer Fleming,6.043958632331801,-6.195555748332092,-0.1515971160002909,0.1086164051827709,809.2916666666669
Nate Williams,1.2399526728633088,-1.433668434754598,-0.19371576189128925,-0.0208659893031976,135.75
Darius Brown,0.015560327810654927,-0.2283981474472196,-0.21283781963656467,0.0020716111231281,6.666666666666667
Luke Kennard,9.429171761033608,-9.679922510002356,-0.2507507489687484,-1.2315622175074046,3089.374999999998
Justin Edwards,8.971683333837971,-9.22561020545239,-0.2539268716144196,-0.0711891489385405,1622.333333333333
Jeremiah Robinson-Earl,7.023308832196402,-7.279598051274303,-0.25628921907790136,0.7469334135064839,916.5416666666672
Trendon Watford,7.879471827727284,-8.151790236932875,-0.27231840920559147,0.2654884181287112,1594.041666666667
Blake Wesley,6.265642368863096,-6.5442031489138905,-0.2785607800507943,0.0163932911168502,720.7916666666665
Monté Morris,1.237911877619158,-1.5258067210377915,-0.2878948434186335,-0.3280409212207493,161.54166666666666
Trevor Keels,0.02942400681104916,-0.3233842335236932,-0.29396022671264405,-0.0041446913394693,7.291666666666667
Jahmir Young,1.9714884702034328,-2.273379004844311,-0.3018905346408782,-0.119047294099419,117.54166666666666
KJ Simpson,3.3365715918578376,-3.6505425969893723,-0.31397100513153475,-0.0503414159273546,615.1666666666665
Max Christie,9.72764410187579,-10.112837249324349,-0.38519314744855926,0.0745691493942799,4311.541666666669
Ace Bailey,10.638129334604551,-11.025857586880926,-0.387728252276375,0.17865545709218,3753.5416666666656
Kelly Olynyk,5.05185640962273,-5.4937239296729,-0.4418675200501694,0.8441548330027171,794.9166666666671
Bronny James,5.3561226687223416,-5.805949118313162,-0.4498264495908204,-0.0366901710166258,554.8749999999998
Paolo Banchero,8.989122480357064,-9.48910899578729,-0.4999865154302263,-0.1154945120225814,4452.2083333333285
Bruce Brown,10.260503751899103,-10.764725643080531,-0.5042218911814285,0.2413219726526151,4033.5416666666683
Dillon Jones,0.21233828435167862,-0.7220635148600737,-0.509725230508395,-0.0149771422780789,59.58333333333333
Andrew Nembhard,9.130483120708647,-9.671627912252742,-0.5411447915440952,-1.0797023180901766,3858.25
Jordan Poole,9.040847995882793,-9.587958623830499,-0.5471106279477063,-0.0134737322669597,2030.6666666666674
Taelon Peter,5.714696413570051,-6.282176069695922,-0.5674796561258706,0.0621398688915341,733.8749999999998
Bobby Portis,10.614887238862627,-11.200109503993753,-0.5852222651311259,-0.5651357642022237,3545.333333333334
Nick Smith Jr.,6.32203699768967,-6.930480315116055,-0.608443317426385,-0.0991271992136113,787.5833333333333
Tre Mann,5.623636511565236,-6.2373820953539445,-0.6137455837887087,0.4962236359090581,1555.6249999999993
Jarace Walker,13.748998871429416,-14.371989926266485,-0.622991054837069,0.0910887027582285,3850.9583333333326
Riley Minix,-0.853114024027076,0.2078942448416591,-0.645219779185417,-0.0361469216096257,20.666666666666664
Amari Williams,1.0472480690276396,-1.7143183023545845,-0.6670702333269449,-0.3556581173434074,294.6666666666667
Dalton Knecht,8.262097047693667,-8.94235699583728,-0.6802599481436129,0.2038409365351143,1260.0416666666656
Rayan Rupert,7.558535291693654,-8.24121852209535,-0.6826832304016959,-0.0443584816708265,1859.0416666666695
Jevon Carter,6.359125683965169,-7.068613152161525,-0.7094874681963566,-0.058793094460569,1127.958333333334
Ja'Kobe Walter,6.742440277460738,-7.473400774317089,-0.7309604968563512,-0.0294337484882049,2452.9166666666665
DeMar DeRozan,11.484402424033307,-12.217315999447594,-0.7329135754142868,-0.9022043553439936,5056.54166666667
Jordan McLaughlin,4.370798211102702,-5.119830957071076,-0.7490327459683739,-0.0859449132978618,469.75
Kam Jones,5.708727463037612,-6.458654978330072,-0.7499275152924598,0.290394654594701,951.6250000000002
Tosan Evbuomwan,0.10782907541531855,-0.8988731830162464,-0.7910441076009278,0.1061362602984123,19.291666666666668
Terrence Shannon Jr.,5.30468381052332,-6.104233952675194,-0.7995501421518734,0.2427839671265881,783.9999999999999
Ochai Agbaji,5.540102318907399,-6.385759649173641,-0.845657330266242,0.0305527503436124,1930.7500000000014
Jalen Wilson,6.158297211152787,-7.032919296141638,-0.8746220849888511,1.212634586320307,1368.4999999999995
Nigel Hayes-Davis,2.8998295429986403,-3.8458349332208623,-0.9460053902222221,-0.1183869773584831,487.91666666666686
Caleb Love,8.60309758205836,-9.571563625993932,-0.968466043935571,0.1461616153184453,2493.708333333333
Rob Dillingham,7.877487161939499,-8.950663767084876,-1.0731766051453775,-0.0329980402507266,1344.7083333333333
Brooks Barnhizer,3.0498773431330672,-4.151327373111505,-1.1014500299784373,-0.4492628811434485,617.875
Bismack Biyombo,2.105169541279896,-3.210663973277636,-1.10549443199774,1.2246326401089107,261.2083333333333
Isaiah Collier,9.84064413657036,-10.99718066978151,-1.1565365332111508,0.1226120309433966,3545.1666666666615
Yang Hansen,3.481135798889717,-4.698013934017155,-1.2168781351274376,0.1913937400888307,679.083333333333
Bryce McGowens,9.185492379429661,-10.426060503417158,-1.2405681239874973,-0.3311737422570251,2155.4166666666683
Tyus Jones,6.334442708686908,-7.578539840136132,-1.244097131449224,0.2074405668220927,2261.6666666666647
Duop Reath,2.346688203784241,-3.6050179549791297,-1.2583297511948888,0.3463157879592159,645.4166666666665
Trentyn Flowers,-1.2418222548587305,-0.0764452931717638,-1.3182675480304944,-0.0331906010682964,13.875
Gradey Dick,9.318051968652197,-10.649269357886116,-1.3312173892339185,1.0941354892754946,2303.1666666666683
Gary Trent Jr.,8.117352478750487,-9.562989561343135,-1.4456370825926488,-0.8743083511998887,2807.583333333334
Kobe Brown,7.903160164632893,-9.532648310536013,-1.62948814590312,0.0700671246182738,1374.083333333334
Will Riley,11.146483446422547,-12.829084207172645,-1.6826007607500983,0.2834989536899953,2454.5
Bub Carrington,12.108389648406455,-13.827475561667175,-1.7190859132607201,-0.3504621712915896,4271.791666666661
Royce O'Neale,9.333149376095767,-11.199135419266007,-1.8659860431702402,0.9071939752812656,4598.166666666669
Jordan Hawkins,4.4971923737594315,-6.805650103944864,-2.3084577301854328,0.1289543007389019,1273.083333333333
Drake Powell,5.979200285583306,-9.275112177155085,-3.2959118915717793,-0.0441351046853328,2198.666666666667
